absolute_path,article_id,columns,error,grounding_status,logical_file_id,logical_name,match_score,match_type,num_preview_columns,num_preview_rows,preview_success,relative_path,suffix,preview_outcome_category
/mydata/doc2validate/gold_benchmarks/scidata_selected_50_v1/s41597-019-0035-4/artifact/figshare/rating.csv,s41597-019-0035-4,md5sum | rating | created | updated | name | comment,,weak_match,lf_003,expert_ratings,0.65,stem_contains,6.0,10.0,True,rating.csv,.csv,tabular_preview_success
/mydata/doc2validate/gold_benchmarks/scidata_selected_50_v1/s41597-019-0035-4/artifact/figshare/T2w_curated.csv,s41597-019-0035-4,_created | _etag | _id | _updated | bids_meta.modality | bids_meta.session_id | bids_meta.subject_id | cjv | cnr | efc | fber | fwhm_avg | fwhm_x | fwhm_y | fwhm_z | icvs_csf | icvs_gm | icvs_wm | inu_med | inu_range | provenance.md5sum | provenance.settings.testing | provenance.software | provenance.version | qi_1 | qi_2 | rpve_csf | rpve_gm | rpve_wm | size_x | size_y | size_z | snr_csf | snr_gm | snr_total | snr_wm | snrd_csf | snrd_gm | snrd_total | snrd_wm | spacing_x | spacing_y | spacing_z | summary_bg_k | summary_bg_mad | summary_bg_mean | summary_bg_median | summary_bg_n | summary_bg_p05 | summary_bg_p95 | summary_bg_stdv | summary_csf_k | summary_csf_mad | summary_csf_mean | summary_csf_median | summary_csf_n | summary_csf_p05 | summary_csf_p95 | summary_csf_stdv | summary_gm_k | summary_gm_mad | summary_gm_mean | summary_gm_median | summary_gm_n | summary_gm_p05 | summary_gm_p95 | summary_gm_stdv | summary_wm_k | summary_wm_mad | summary_wm_mean | summary_wm_median | summary_wm_n | summary_wm_p05 | summary_wm_p95 | summary_wm_stdv | tpm_overlap_csf | tpm_overlap_gm | tpm_overlap_wm | wm2max | bids_meta.run_id | bids_meta.ConversionSoftware | bids_meta.ConversionSoftwareVersion | bids_meta.DeviceSerialNumber | bids_meta.EchoTime | bids_meta.EchoTrainLength | bids_meta.FlipAngle | bids_meta.ImageType | bids_meta.InstitutionAddress | bids_meta.InstitutionName | bids_meta.MRAcquisitionType | bids_meta.MagneticFieldStrength | bids_meta.Manufacturer | bids_meta.ManufacturersModelName | bids_meta.PartialFourier | bids_meta.PatientPosition | bids_meta.PhaseEncodingDirection | bids_meta.PixelBandwidth | bids_meta.ProtocolName | bids_meta.PulseSequenceDetails | bids_meta.ReceiveCoilName | bids_meta.RepetitionTime | bids_meta.ScanningSequence | bids_meta.SequenceName | bids_meta.SequenceVariant | bids_meta.SoftwareVersions | bids_meta.InversionTime | bids_meta.ScanOptions | bids_meta.ParallelReductionFactorInPlane | bids_meta.acq_id | bids_meta.EffectiveEchoSpacing | bids_meta.PulseSequenceType | bids_meta.ParallelAcquisitionTechnique | null_count | action | dsid | metadata | metadata__@context__@vocab | metadata__annex__MRI | metadata__annex__age | metadata__annex__dcterms_format | metadata__annex__diagnosis | metadata__annex__distribution-restrictions | metadata__annex__education | metadata__annex__ethnicity | metadata__annex__full_iq | metadata__annex__handedness | metadata__annex__key | metadata__annex__marital_status | metadata__annex__occupation | metadata__annex__participant_id | metadata__annex__performance_iq | metadata__annex__project | metadata__annex__session_count | metadata__annex__session_id | metadata__annex__sex | metadata__annex__site_id | metadata__annex__species | metadata__annex__tag | metadata__annex__verbal_iq | metadata__bids__@context | metadata__bids__AccelFactPE | metadata__bids__AccelNumReferenceLines | metadata__bids__AccelerationFactorPE | metadata__bids__AcquisitionDateTime | metadata__bids__AcquisitionDuration | metadata__bids__AcquisitionMatrix | metadata__bids__AcquisitionMatrixPE | metadata__bids__AcquisitionMatrixText | metadata__bids__AcquisitionNumber | metadata__bids__AcquisitionTime | metadata__bids__AcquisitionType | metadata__bids__AngioFlag | metadata__bids__BIDSVersion | metadata__bids__BackgroundSuppression | metadata__bids__BandwidthPerPixelPhaseEncode | metadata__bids__BaseResolution | metadata__bids__BodyPartExamined | metadata__bids__Bolus | metadata__bids__CalibrationImage | metadata__bids__CalibrationImageTR | metadata__bids__CardiacTriggerDelayTimes | metadata__bids__CogAtlasID | metadata__bids__CogPOID | metadata__bids__CoilCombinationMethod | metadata__bids__Columns | metadata__bids__ConsistencyInfo | metadata__bids__ConversionSoftware | metadata__bids__ConversionSoftwareVersion | metadata__bids__DerivedVendorReportedEchoSpacing | metadata__bids__DeviceSerialNumber | metadata__bids__DwellTime | metadata__bids__ECHO | metadata__bids__EPIFactor | metadata__bids__EPI_Factor | metadata__bids__EchoNumber | metadata__bids__EchoTime | metadata__bids__EchoTime1 | metadata__bids__EchoTime2 | metadata__bids__EchoTimes | metadata__bids__EchoTrainLength | metadata__bids__EffectiveEchoSpacing | metadata__bids__ExcitationFlipAngle | metadata__bids__FLipAngle | metadata__bids__FieldOfView | metadata__bids__FieldStrength | metadata__bids__FlipAngle | metadata__bids__GEImageTypeRIMPCode | metadata__bids__HardcopyDeviceSoftwareVersion | metadata__bids__ImageComments | metadata__bids__ImageOrientationPatientDICOM | metadata__bids__ImageSliceThickness | metadata__bids__ImageType | metadata__bids__ImagedNucleus | metadata__bids__ImagingFrequency | metadata__bids__InPlanePhaseEncodingDirection | metadata__bids__InPlanePhaseEncodingDirectionDICOM | metadata__bids__InflowTimes | metadata__bids__InplanePhaseEncodingDirection | metadata__bids__InstitutionAddress | metadata__bids__InstitutionName | metadata__bids__InstitutionalDepartmentName | metadata__bids__Instructions | metadata__bids__IntendedFor | metadata__bids__InversionTime | metadata__bids__KSpaceBlipDir | metadata__bids__Labeling | metadata__bids__License | metadata__bids__LookLocker | metadata__bids__MRAcquisition Type  | metadata__bids__MRAcquisitionType | metadata__bids__MagneticFieldStrength | metadata__bids__Manufacturer | metadata__bids__ManufacturerModelName | metadata__bids__ManufacturersModelName | metadata__bids__MatrixCoilMode | metadata__bids__Modality | metadata__bids__MultibandAccelerationFactor | metadata__bids__MultibandAccellerationFactor | metadata__bids__Name | metadata__bids__NumberOfAverages | metadata__bids__NumberOfEPIShots | metadata__bids__NumberOfEchoes | metadata__bids__NumberOfPhaseEncodingSteps | metadata__bids__NumberOfSlices | metadata__bids__NumberOfVolumesDiscardedByScanner | metadata__bids__NumberOfVolumesDiscardedByUser | metadata__bids__NumberShots | metadata__bids__NumberofAverages | metadata__bids__NumberofPhaseEncodingSteps | metadata__bids__NumberofSlices | metadata__bids__OrientationAngle | metadata__bids__OriginalFunctionalRunIndex | metadata__bids__PATModeText | metadata__bids__ParallelAcquisitionTechnique | metadata__bids__ParallelImagingReductionFactor | metadata__bids__ParallelImagingReductionFactors | metadata__bids__ParallelReductionFactorInPlane | metadata__bids__ParellelReductionType | metadata__bids__PartialFourier | metadata__bids__PatientName | metadata__bids__PatientPosition | metadata__bids__PercentPhaseFOV | metadata__bids__PercentPhaseFieldOfView | metadata__bids__PercentPhaseFieldofView | metadata__bids__PercentSampling | metadata__bids__PhaseEncodingAxis | metadata__bids__PhaseEncodingDirection | metadata__bids__PhaseEncodingLines | metadata__bids__PhaseEncodingSteps | metadata__bids__PhaseOversampling | metadata__bids__PhaseResolution | metadata__bids__PhotometInterpret | metadata__bids__PixelBandwidth | metadata__bids__PixelSpacing | metadata__bids__PreparationDirection | metadata__bids__ProcedureStepDescription | metadata__bids__ProtocolName | metadata__bids__PulseSequenceDetails | metadata__bids__PulseSequenceType | metadata__bids__RealDwellTime | metadata__bids__ReceiveCoilActiveElements | metadata__bids__ReceiveCoilName | metadata__bids__ReconMatrixPE | metadata__bids__RefocusingFlipAngle | metadata__bids__RepetitionTime | metadata__bids__Rows | metadata__bids__SAR | metadata__bids__SATFatWaterBone | metadata__bids__ScanDuration | metadata__bids__ScanMode | metadata__bids__ScanOptions | metadata__bids__ScannerSoftwareVersionsPd | metadata__bids__ScanningSequence | metadata__bids__SequenceName | metadata__bids__SequenceType | metadata__bids__SequenceVariant | metadata__bids__SeriesDate | metadata__bids__SeriesDescription | metadata__bids__SeriesNumber | metadata__bids__SeriesTime | metadata__bids__ShimSetting | metadata__bids__SliceAcquisitionDirection | metadata__bids__SliceEncodingDirection | metadata__bids__SliceGap | metadata__bids__SliceThickness | metadata__bids__SliceTimeComputationMethod | metadata__bids__SliceTiming | metadata__bids__SliceTimingCalculationMethod | metadata__bids__SliceTimingComputationMethod | metadata__bids__SoftwareVersion | metadata__bids__SoftwareVersions | metadata__bids__SpacingBetweenSlices | metadata__bids__StationName | metadata__bids__StudyID | metadata__bids__StudyTime | metadata__bids__SubtractionType | metadata__bids__TagControlOrdering | metadata__bids__TaskDescription | metadata__bids__TaskFullName | metadata__bids__TaskInstructions | metadata__bids__TaskName | metadata__bids__TotalEpiReadoutTime | metadata__bids__TotalReadoutTime | metadata__bids__TotalScanTimeSec | metadata__bids__TransmitCoilName | metadata__bids__TransmittingCoil | metadata__bids__TrueEchoSpacing | metadata__bids__TxRefAmp | metadata__bids__Units | metadata__bids__VariableFlipAngle | metadata__bids__VariableFlipAngleFlag | metadata__bids__VascularSuppression | metadata__bids__VendorReportedEchoSpacing | metadata__bids__acq | metadata__bids__acquisition | metadata__bids__broken_volumes | metadata__bids__class | metadata__bids__dcmmeta_affine | metadata__bids__dcmmeta_reorient_transform | metadata__bids__dcmmeta_shape | metadata__bids__dcmmeta_slice_dim | metadata__bids__dcmmeta_version | metadata__bids__dir | metadata__bids__dummyScans | metadata__bids__echo | metadata__bids__fmap | metadata__bids__missing_volumes | metadata__bids__mod | metadata__bids__modality | metadata__bids__reconstruction | metadata__bids__run | metadata__bids__session | metadata__bids__space | metadata__bids__subject | metadata__bids__task | metadata__bids__type | metadata__datalad_core__url | metadata__nifti1__@context | metadata__nifti1__aux_file | metadata__nifti1__cal_max | metadata__nifti1__cal_min | metadata__nifti1__datatype | metadata__nifti1__description | metadata__nifti1__dim | metadata__nifti1__freq_axis | metadata__nifti1__intent | metadata__nifti1__intent_name | metadata__nifti1__magic | metadata__nifti1__phase_axis | metadata__nifti1__pixdim | metadata__nifti1__qform_code | metadata__nifti1__sform_code | metadata__nifti1__sizeof_hdr | metadata__nifti1__slice_axis | metadata__nifti1__slice_duration | metadata__nifti1__slice_end | metadata__nifti1__slice_order | metadata__nifti1__slice_start | metadata__nifti1__spatial_resolution(mm) | metadata__nifti1__t_unit | metadata__nifti1__temporal_spacing(s) | metadata__nifti1__toffset | metadata__nifti1__vox_offset | metadata__nifti1__xyz_unit | parentds | path | query_matched | refcommit | status | type | hash | md5sum | hashing_algo | _merge | dataset | md5sum_HPC | path_HPC | _dsst | dataset_dl | subdataset_dl | subdataset,,ambiguous,lf_005,curated_anatomical_iqms,0.45,token_overlap_low,381.0,10.0,True,T2w_curated.csv,.csv,tabular_preview_success
/mydata/doc2validate/gold_benchmarks/scidata_selected_50_v1/s41597-019-0035-4/artifact/figshare/T1w_curated.csv,s41597-019-0035-4,_created | _etag | _id | _updated | bids_meta.modality | bids_meta.subject_id | cjv | cnr | efc | fber | fwhm_avg | fwhm_x | fwhm_y | fwhm_z | icvs_csf | icvs_gm | icvs_wm | inu_med | inu_range | provenance.md5sum | provenance.settings.testing | provenance.software | provenance.version | qi_1 | qi_2 | rpve_csf | rpve_gm | rpve_wm | size_x | size_y | size_z | snr_csf | snr_gm | snr_total | snr_wm | snrd_csf | snrd_gm | snrd_total | snrd_wm | spacing_x | spacing_y | spacing_z | summary_bg_k | summary_bg_mad | summary_bg_mean | summary_bg_median | summary_bg_n | summary_bg_p05 | summary_bg_p95 | summary_bg_stdv | summary_csf_k | summary_csf_mad | summary_csf_mean | summary_csf_median | summary_csf_n | summary_csf_p05 | summary_csf_p95 | summary_csf_stdv | summary_gm_k | summary_gm_mad | summary_gm_mean | summary_gm_median | summary_gm_n | summary_gm_p05 | summary_gm_p95 | summary_gm_stdv | summary_wm_k | summary_wm_mad | summary_wm_mean | summary_wm_median | summary_wm_n | summary_wm_p05 | summary_wm_p95 | summary_wm_stdv | tpm_overlap_csf | tpm_overlap_gm | tpm_overlap_wm | wm2max | bids_meta.EchoTime | bids_meta.FlipAngle | bids_meta.MagneticFieldStrength | bids_meta.Manufacturer | bids_meta.ManufacturersModelName | bids_meta.PhaseEncodingDirection | bids_meta.RepetitionTime | bids_meta.run_id | bids_meta.session_id | bids_meta.PulseSequenceType | bids_meta.acq_id | bids_meta.InversionTime | bids_meta.AccelNumReferenceLines | bids_meta.AccelerationFactorPE | bids_meta.AcquisitionMatrix | bids_meta.DeviceSerialNumber | bids_meta.EchoTrainLength | bids_meta.ImageType | bids_meta.ImagingFrequency | bids_meta.InPlanePhaseEncodingDirection | bids_meta.MRAcquisitionType | bids_meta.NumberOfAverages | bids_meta.NumberOfPhaseEncodingSteps | bids_meta.PatientPosition | bids_meta.PercentPhaseFieldOfView | bids_meta.PercentSampling | bids_meta.PixelBandwidth | bids_meta.ProtocolName | bids_meta.ReceiveCoilName | bids_meta.ScanOptions | bids_meta.ScanningSequence | bids_meta.SequenceName | bids_meta.SequenceVariant | bids_meta.SoftwareVersions | bids_meta.TotalScanTimeSec | bids_meta.TransmitCoilName | bids_meta.VariableFlipAngleFlag | provenance.email | bids_meta.EffectiveEchoSpacing | bids_meta.SliceEncodingDirection | bids_meta.TotalReadoutTime | bids_meta.ConversionSoftware | bids_meta.ConversionSoftwareVersion | bids_meta.InstitutionName | bids_meta.InstitutionAddress | bids_meta.PartialFourier | bids_meta.PulseSequenceDetails | bids_meta.ParallelReductionFactorInPlane | bids_meta.TaskName | bids_meta.ParallelAcquisitionTechnique | null_count | action | dsid | metadata | metadata__@context__@vocab | metadata__annex__MRI | metadata__annex__age | metadata__annex__dcterms_format | metadata__annex__diagnosis | metadata__annex__distribution-restrictions | metadata__annex__education | metadata__annex__ethnicity | metadata__annex__full_iq | metadata__annex__handedness | metadata__annex__key | metadata__annex__marital_status | metadata__annex__occupation | metadata__annex__participant_id | metadata__annex__performance_iq | metadata__annex__project | metadata__annex__session_count | metadata__annex__session_id | metadata__annex__sex | metadata__annex__site_id | metadata__annex__species | metadata__annex__tag | metadata__annex__verbal_iq | metadata__bids__@context | metadata__bids__AccelFactPE | metadata__bids__AccelNumReferenceLines | metadata__bids__AccelerationFactorPE | metadata__bids__AcquisitionDateTime | metadata__bids__AcquisitionDuration | metadata__bids__AcquisitionMatrix | metadata__bids__AcquisitionMatrixPE | metadata__bids__AcquisitionMatrixText | metadata__bids__AcquisitionNumber | metadata__bids__AcquisitionTime | metadata__bids__AcquisitionType | metadata__bids__AngioFlag | metadata__bids__BIDSVersion | metadata__bids__BackgroundSuppression | metadata__bids__BandwidthPerPixelPhaseEncode | metadata__bids__BaseResolution | metadata__bids__BodyPartExamined | metadata__bids__Bolus | metadata__bids__CalibrationImage | metadata__bids__CalibrationImageTR | metadata__bids__CardiacTriggerDelayTimes | metadata__bids__CogAtlasID | metadata__bids__CogPOID | metadata__bids__CoilCombinationMethod | metadata__bids__Columns | metadata__bids__ConsistencyInfo | metadata__bids__ConversionSoftware | metadata__bids__ConversionSoftwareVersion | metadata__bids__DerivedVendorReportedEchoSpacing | metadata__bids__DeviceSerialNumber | metadata__bids__DwellTime | metadata__bids__ECHO | metadata__bids__EPIFactor | metadata__bids__EPI_Factor | metadata__bids__EchoNumber | metadata__bids__EchoTime | metadata__bids__EchoTime1 | metadata__bids__EchoTime2 | metadata__bids__EchoTimes | metadata__bids__EchoTrainLength | metadata__bids__EffectiveEchoSpacing | metadata__bids__ExcitationFlipAngle | metadata__bids__FLipAngle | metadata__bids__FieldOfView | metadata__bids__FieldStrength | metadata__bids__FlipAngle | metadata__bids__GEImageTypeRIMPCode | metadata__bids__HardcopyDeviceSoftwareVersion | metadata__bids__ImageComments | metadata__bids__ImageOrientationPatientDICOM | metadata__bids__ImageSliceThickness | metadata__bids__ImageType | metadata__bids__ImagedNucleus | metadata__bids__ImagingFrequency | metadata__bids__InPlanePhaseEncodingDirection | metadata__bids__InPlanePhaseEncodingDirectionDICOM | metadata__bids__InflowTimes | metadata__bids__InplanePhaseEncodingDirection | metadata__bids__InstitutionAddress | metadata__bids__InstitutionName | metadata__bids__InstitutionalDepartmentName | metadata__bids__Instructions | metadata__bids__IntendedFor | metadata__bids__InversionTime | metadata__bids__KSpaceBlipDir | metadata__bids__Labeling | metadata__bids__License | metadata__bids__LookLocker | metadata__bids__MRAcquisition Type  | metadata__bids__MRAcquisitionType | metadata__bids__MagneticFieldStrength | metadata__bids__Manufacturer | metadata__bids__ManufacturerModelName | metadata__bids__ManufacturersModelName | metadata__bids__MatrixCoilMode | metadata__bids__Modality | metadata__bids__MultibandAccelerationFactor | metadata__bids__MultibandAccellerationFactor | metadata__bids__Name | metadata__bids__NumberOfAverages | metadata__bids__NumberOfEPIShots | metadata__bids__NumberOfEchoes | metadata__bids__NumberOfPhaseEncodingSteps | metadata__bids__NumberOfSlices | metadata__bids__NumberOfVolumesDiscardedByScanner | metadata__bids__NumberOfVolumesDiscardedByUser | metadata__bids__NumberShots | metadata__bids__NumberofAverages | metadata__bids__NumberofPhaseEncodingSteps | metadata__bids__NumberofSlices | metadata__bids__OrientationAngle | metadata__bids__OriginalFunctionalRunIndex | metadata__bids__PATModeText | metadata__bids__ParallelAcquisitionTechnique | metadata__bids__ParallelImagingReductionFactor | metadata__bids__ParallelImagingReductionFactors | metadata__bids__ParallelReductionFactorInPlane | metadata__bids__ParellelReductionType | metadata__bids__PartialFourier | metadata__bids__PatientName | metadata__bids__PatientPosition | metadata__bids__PercentPhaseFOV | metadata__bids__PercentPhaseFieldOfView | metadata__bids__PercentPhaseFieldofView | metadata__bids__PercentSampling | metadata__bids__PhaseEncodingAxis | metadata__bids__PhaseEncodingDirection | metadata__bids__PhaseEncodingLines | metadata__bids__PhaseEncodingSteps | metadata__bids__PhaseOversampling | metadata__bids__PhaseResolution | metadata__bids__PhotometInterpret | metadata__bids__PixelBandwidth | metadata__bids__PixelSpacing | metadata__bids__PreparationDirection | metadata__bids__ProcedureStepDescription | metadata__bids__ProtocolName | metadata__bids__PulseSequenceDetails | metadata__bids__PulseSequenceType | metadata__bids__RealDwellTime | metadata__bids__ReceiveCoilActiveElements | metadata__bids__ReceiveCoilName | metadata__bids__ReconMatrixPE | metadata__bids__RefocusingFlipAngle | metadata__bids__RepetitionTime | metadata__bids__Rows | metadata__bids__SAR | metadata__bids__SATFatWaterBone | metadata__bids__ScanDuration | metadata__bids__ScanMode | metadata__bids__ScanOptions | metadata__bids__ScannerSoftwareVersionsPd | metadata__bids__ScanningSequence | metadata__bids__SequenceName | metadata__bids__SequenceType | metadata__bids__SequenceVariant | metadata__bids__SeriesDate | metadata__bids__SeriesDescription | metadata__bids__SeriesNumber | metadata__bids__SeriesTime | metadata__bids__ShimSetting | metadata__bids__SliceAcquisitionDirection | metadata__bids__SliceEncodingDirection | metadata__bids__SliceGap | metadata__bids__SliceThickness | metadata__bids__SliceTimeComputationMethod | metadata__bids__SliceTiming | metadata__bids__SliceTimingCalculationMethod | metadata__bids__SliceTimingComputationMethod | metadata__bids__SoftwareVersion | metadata__bids__SoftwareVersions | metadata__bids__SpacingBetweenSlices | metadata__bids__StationName | metadata__bids__StudyID | metadata__bids__StudyTime | metadata__bids__SubtractionType | metadata__bids__TagControlOrdering | metadata__bids__TaskDescription | metadata__bids__TaskFullName | metadata__bids__TaskInstructions | metadata__bids__TaskName | metadata__bids__TotalEpiReadoutTime | metadata__bids__TotalReadoutTime | metadata__bids__TotalScanTimeSec | metadata__bids__TransmitCoilName | metadata__bids__TransmittingCoil | metadata__bids__TrueEchoSpacing | metadata__bids__TxRefAmp | metadata__bids__Units | metadata__bids__VariableFlipAngle | metadata__bids__VariableFlipAngleFlag | metadata__bids__VascularSuppression | metadata__bids__VendorReportedEchoSpacing | metadata__bids__acq | metadata__bids__acquisition | metadata__bids__broken_volumes | metadata__bids__class | metadata__bids__dcmmeta_affine | metadata__bids__dcmmeta_reorient_transform | metadata__bids__dcmmeta_shape | metadata__bids__dcmmeta_slice_dim | metadata__bids__dcmmeta_version | metadata__bids__dir | metadata__bids__dummyScans | metadata__bids__echo | metadata__bids__fmap | metadata__bids__missing_volumes | metadata__bids__mod | metadata__bids__modality | metadata__bids__reconstruction | metadata__bids__run | metadata__bids__session | metadata__bids__space | metadata__bids__subject | metadata__bids__task | metadata__bids__type | metadata__datalad_core__url | metadata__nifti1__@context | metadata__nifti1__aux_file | metadata__nifti1__cal_max | metadata__nifti1__cal_min | metadata__nifti1__datatype | metadata__nifti1__description | metadata__nifti1__dim | metadata__nifti1__freq_axis | metadata__nifti1__intent | metadata__nifti1__intent_name | metadata__nifti1__magic | metadata__nifti1__phase_axis | metadata__nifti1__pixdim | metadata__nifti1__qform_code | metadata__nifti1__sform_code | metadata__nifti1__sizeof_hdr | metadata__nifti1__slice_axis | metadata__nifti1__slice_duration | metadata__nifti1__slice_end | metadata__nifti1__slice_order | metadata__nifti1__slice_start | metadata__nifti1__spatial_resolution(mm) | metadata__nifti1__t_unit | metadata__nifti1__temporal_spacing(s) | metadata__nifti1__toffset | metadata__nifti1__vox_offset | metadata__nifti1__xyz_unit | parentds | path | query_matched | refcommit | status | type | hash | md5sum | hashing_algo | _merge | dataset | md5sum_HPC | path_HPC | _dsst | dataset_dl | subdataset_dl | subdataset,,ambiguous,lf_005,curated_anatomical_iqms,0.45,token_overlap_low,397.0,10.0,True,T1w_curated.csv,.csv,tabular_preview_success
/mydata/doc2validate/gold_benchmarks/scidata_selected_50_v1/s41597-019-0035-4/artifact/figshare/bold_curated.csv,s41597-019-0035-4,_created | _etag | _id | _updated | aor | aqi | bids_meta.EchoTime | bids_meta.FlipAngle | bids_meta.MagneticFieldStrength | bids_meta.ManufacturersModelName | bids_meta.RepetitionTime | bids_meta.TaskName | bids_meta.modality | bids_meta.subject_id | bids_meta.task_id | dummy_trs | dvars_nstd | dvars_std | dvars_vstd | efc | fber | fd_mean | fd_num | fd_perc | fwhm_avg | fwhm_x | fwhm_y | fwhm_z | gcor | gsr_x | gsr_y | provenance.md5sum | provenance.settings.fd_thres | provenance.settings.hmc_fsl | provenance.software | provenance.version | size_t | size_x | size_y | size_z | snr | spacing_tr | spacing_x | spacing_y | spacing_z | summary_bg_k | summary_bg_mad | summary_bg_mean | summary_bg_median | summary_bg_n | summary_bg_p05 | summary_bg_p95 | summary_bg_stdv | summary_fg_k | summary_fg_mad | summary_fg_mean | summary_fg_median | summary_fg_n | summary_fg_p05 | summary_fg_p95 | summary_fg_stdv | tsnr | bids_meta.Manufacturer | bids_meta.PhaseEncodingDirection | bids_meta.run_id | bids_meta.session_id | bids_meta.EffectiveEchoSpacing | bids_meta.ConversionSoftware | bids_meta.ConversionSoftwareVersion | bids_meta.HardcopyDeviceSoftwareVersion | bids_meta.Instructions | bids_meta.ParallelAcquisitionTechnique | bids_meta.ParallelReductionFactorInPlane | bids_meta.PulseSequenceType | bids_meta.TaskDescription | bids_meta.CogAtlasID | bids_meta.EchoTrainLength | bids_meta.ImageType | bids_meta.ImagingFrequency | bids_meta.InversionTime | bids_meta.MRAcquisitionType | bids_meta.NumberOfAverages | bids_meta.NumberOfPhaseEncodingSteps | bids_meta.PercentPhaseFieldOfView | bids_meta.PixelBandwidth | bids_meta.ScanOptions | bids_meta.ScanningSequence | bids_meta.SequenceName | bids_meta.SequenceVariant | bids_meta.InstitutionName | bids_meta.InstitutionAddress | bids_meta.NumberOfVolumesDiscardedByScanner | bids_meta.SliceEncodingDirection | bids_meta.acq_id | bids_meta.ReceiveCoilName | bids_meta.CogPOID | bids_meta.InPlanePhaseEncodingDirection | bids_meta.ProtocolName | provenance.email | bids_meta.TotalReadoutTime | bids_meta.MultibandAccelerationFactor | bids_meta.PulseSequenceDetails | bids_meta.SoftwareVersions | bids_meta.DeviceSerialNumber | bids_meta.PartialFourier | bids_meta.PatientPosition | bids_meta.DelayTime | bids_meta.AcquisitionMatrix | bids_meta.AccelNumReferenceLines | bids_meta.AccelerationFactorPE | bids_meta.PercentSampling | bids_meta.TotalScanTimeSec | bids_meta.TransmitCoilName | bids_meta.VariableFlipAngleFlag | bids_meta.NumberOfVolumesDiscardedByUser | bids_meta.NumberShots | null_count | action | dsid | metadata | metadata__@context__@vocab | metadata__annex__MRI | metadata__annex__age | metadata__annex__dcterms_format | metadata__annex__diagnosis | metadata__annex__distribution-restrictions | metadata__annex__education | metadata__annex__ethnicity | metadata__annex__full_iq | metadata__annex__handedness | metadata__annex__key | metadata__annex__marital_status | metadata__annex__occupation | metadata__annex__participant_id | metadata__annex__performance_iq | metadata__annex__project | metadata__annex__session_count | metadata__annex__session_id | metadata__annex__sex | metadata__annex__site_id | metadata__annex__species | metadata__annex__tag | metadata__annex__verbal_iq | metadata__bids__@context | metadata__bids__AccelFactPE | metadata__bids__AccelNumReferenceLines | metadata__bids__AccelerationFactorPE | metadata__bids__AcquisitionDateTime | metadata__bids__AcquisitionDuration | metadata__bids__AcquisitionMatrix | metadata__bids__AcquisitionMatrixPE | metadata__bids__AcquisitionMatrixText | metadata__bids__AcquisitionNumber | metadata__bids__AcquisitionTime | metadata__bids__AcquisitionType | metadata__bids__AngioFlag | metadata__bids__BIDSVersion | metadata__bids__BackgroundSuppression | metadata__bids__BandwidthPerPixelPhaseEncode | metadata__bids__BaseResolution | metadata__bids__BodyPartExamined | metadata__bids__Bolus | metadata__bids__CalibrationImage | metadata__bids__CalibrationImageTR | metadata__bids__CardiacTriggerDelayTimes | metadata__bids__CogAtlasID | metadata__bids__CogPOID | metadata__bids__CoilCombinationMethod | metadata__bids__Columns | metadata__bids__ConsistencyInfo | metadata__bids__ConversionSoftware | metadata__bids__ConversionSoftwareVersion | metadata__bids__DerivedVendorReportedEchoSpacing | metadata__bids__DeviceSerialNumber | metadata__bids__DwellTime | metadata__bids__ECHO | metadata__bids__EPIFactor | metadata__bids__EPI_Factor | metadata__bids__EchoNumber | metadata__bids__EchoTime | metadata__bids__EchoTime1 | metadata__bids__EchoTime2 | metadata__bids__EchoTimes | metadata__bids__EchoTrainLength | metadata__bids__EffectiveEchoSpacing | metadata__bids__ExcitationFlipAngle | metadata__bids__FLipAngle | metadata__bids__FieldOfView | metadata__bids__FieldStrength | metadata__bids__FlipAngle | metadata__bids__GEImageTypeRIMPCode | metadata__bids__HardcopyDeviceSoftwareVersion | metadata__bids__ImageComments | metadata__bids__ImageOrientationPatientDICOM | metadata__bids__ImageSliceThickness | metadata__bids__ImageType | metadata__bids__ImagedNucleus | metadata__bids__ImagingFrequency | metadata__bids__InPlanePhaseEncodingDirection | metadata__bids__InPlanePhaseEncodingDirectionDICOM | metadata__bids__InflowTimes | metadata__bids__InplanePhaseEncodingDirection | metadata__bids__InstitutionAddress | metadata__bids__InstitutionName | metadata__bids__InstitutionalDepartmentName | metadata__bids__Instructions | metadata__bids__IntendedFor | metadata__bids__InversionTime | metadata__bids__KSpaceBlipDir | metadata__bids__Labeling | metadata__bids__License | metadata__bids__LookLocker | metadata__bids__MRAcquisition Type  | metadata__bids__MRAcquisitionType | metadata__bids__MagneticFieldStrength | metadata__bids__Manufacturer | metadata__bids__ManufacturerModelName | metadata__bids__ManufacturersModelName | metadata__bids__MatrixCoilMode | metadata__bids__Modality | metadata__bids__MultibandAccelerationFactor | metadata__bids__MultibandAccellerationFactor | metadata__bids__Name | metadata__bids__NumberOfAverages | metadata__bids__NumberOfEPIShots | metadata__bids__NumberOfEchoes | metadata__bids__NumberOfPhaseEncodingSteps | metadata__bids__NumberOfSlices | metadata__bids__NumberOfVolumesDiscardedByScanner | metadata__bids__NumberOfVolumesDiscardedByUser | metadata__bids__NumberShots | metadata__bids__NumberofAverages | metadata__bids__NumberofPhaseEncodingSteps | metadata__bids__NumberofSlices | metadata__bids__OrientationAngle | metadata__bids__OriginalFunctionalRunIndex | metadata__bids__PATModeText | metadata__bids__ParallelAcquisitionTechnique | metadata__bids__ParallelImagingReductionFactor | metadata__bids__ParallelImagingReductionFactors | metadata__bids__ParallelReductionFactorInPlane | metadata__bids__ParellelReductionType | metadata__bids__PartialFourier | metadata__bids__PatientName | metadata__bids__PatientPosition | metadata__bids__PercentPhaseFOV | metadata__bids__PercentPhaseFieldOfView | metadata__bids__PercentPhaseFieldofView | metadata__bids__PercentSampling | metadata__bids__PhaseEncodingAxis | metadata__bids__PhaseEncodingDirection | metadata__bids__PhaseEncodingLines | metadata__bids__PhaseEncodingSteps | metadata__bids__PhaseOversampling | metadata__bids__PhaseResolution | metadata__bids__PhotometInterpret | metadata__bids__PixelBandwidth | metadata__bids__PixelSpacing | metadata__bids__PreparationDirection | metadata__bids__ProcedureStepDescription | metadata__bids__ProtocolName | metadata__bids__PulseSequenceDetails | metadata__bids__PulseSequenceType | metadata__bids__RealDwellTime | metadata__bids__ReceiveCoilActiveElements | metadata__bids__ReceiveCoilName | metadata__bids__ReconMatrixPE | metadata__bids__RefocusingFlipAngle | metadata__bids__RepetitionTime | metadata__bids__Rows | metadata__bids__SAR | metadata__bids__SATFatWaterBone | metadata__bids__ScanDuration | metadata__bids__ScanMode | metadata__bids__ScanOptions | metadata__bids__ScannerSoftwareVersionsPd | metadata__bids__ScanningSequence | metadata__bids__SequenceName | metadata__bids__SequenceType | metadata__bids__SequenceVariant | metadata__bids__SeriesDate | metadata__bids__SeriesDescription | metadata__bids__SeriesNumber | metadata__bids__SeriesTime | metadata__bids__ShimSetting | metadata__bids__SliceAcquisitionDirection | metadata__bids__SliceEncodingDirection | metadata__bids__SliceGap | metadata__bids__SliceThickness | metadata__bids__SliceTimeComputationMethod | metadata__bids__SliceTiming | metadata__bids__SliceTimingCalculationMethod | metadata__bids__SliceTimingComputationMethod | metadata__bids__SoftwareVersion | metadata__bids__SoftwareVersions | metadata__bids__SpacingBetweenSlices | metadata__bids__StationName | metadata__bids__StudyID | metadata__bids__StudyTime | metadata__bids__SubtractionType | metadata__bids__TagControlOrdering | metadata__bids__TaskDescription | metadata__bids__TaskFullName | metadata__bids__TaskInstructions | metadata__bids__TaskName | metadata__bids__TotalEpiReadoutTime | metadata__bids__TotalReadoutTime | metadata__bids__TotalScanTimeSec | metadata__bids__TransmitCoilName | metadata__bids__TransmittingCoil | metadata__bids__TrueEchoSpacing | metadata__bids__TxRefAmp | metadata__bids__Units | metadata__bids__VariableFlipAngle | metadata__bids__VariableFlipAngleFlag | metadata__bids__VascularSuppression | metadata__bids__VendorReportedEchoSpacing | metadata__bids__acq | metadata__bids__acquisition | metadata__bids__broken_volumes | metadata__bids__class | metadata__bids__dcmmeta_affine | metadata__bids__dcmmeta_reorient_transform | metadata__bids__dcmmeta_shape | metadata__bids__dcmmeta_slice_dim | metadata__bids__dcmmeta_version | metadata__bids__dir | metadata__bids__dummyScans | metadata__bids__echo | metadata__bids__fmap | metadata__bids__missing_volumes | metadata__bids__mod | metadata__bids__modality | metadata__bids__reconstruction | metadata__bids__run | metadata__bids__session | metadata__bids__space | metadata__bids__subject | metadata__bids__task | metadata__bids__type | metadata__datalad_core__url | metadata__nifti1__@context | metadata__nifti1__aux_file | metadata__nifti1__cal_max | metadata__nifti1__cal_min | metadata__nifti1__datatype | metadata__nifti1__description | metadata__nifti1__dim | metadata__nifti1__freq_axis | metadata__nifti1__intent | metadata__nifti1__intent_name | metadata__nifti1__magic | metadata__nifti1__phase_axis | metadata__nifti1__pixdim | metadata__nifti1__qform_code | metadata__nifti1__sform_code | metadata__nifti1__sizeof_hdr | metadata__nifti1__slice_axis | metadata__nifti1__slice_duration | metadata__nifti1__slice_end | metadata__nifti1__slice_order | metadata__nifti1__slice_start | metadata__nifti1__spatial_resolution(mm) | metadata__nifti1__t_unit | metadata__nifti1__temporal_spacing(s) | metadata__nifti1__toffset | metadata__nifti1__vox_offset | metadata__nifti1__xyz_unit | parentds | path | query_matched | refcommit | status | type | hash | md5sum | hashing_algo | _merge | dataset | md5sum_HPC | path_HPC | _dsst | dataset_dl | subdataset_dl | subdataset,,ambiguous,lf_005,curated_anatomical_iqms,0.45,token_overlap_low,385.0,10.0,True,bold_curated.csv,.csv,tabular_preview_success
/mydata/doc2validate/gold_benchmarks/scidata_selected_50_v1/s41597-020-00688-8/artifact/figshare/covid-testing-all-observations.csv,s41597-020-00688-8,ISO code | Country | Units | Series | Date | Source URL | Source label | Notes | Daily change in cumulative total | Cumulative total | Cumulative total per thousand | Daily change in cumulative total per thousand | 7-day smoothed daily change | 7-day smoothed daily change per thousand | Short-term tests per case | Short-term positive rate,,resolved,lf_001,testing_time_series,1.0,exact_relative_path,16.0,10.0,True,covid-testing-all-observations.csv,.csv,tabular_preview_success
/mydata/doc2validate/gold_benchmarks/scidata_selected_50_v1/s41597-020-00688-8/artifact/figshare/covid-testing-all-observations.csv,s41597-020-00688-8,ISO code | Country | Units | Series | Date | Source URL | Source label | Notes | Daily change in cumulative total | Cumulative total | Cumulative total per thousand | Daily change in cumulative total per thousand | 7-day smoothed daily change | 7-day smoothed daily change per thousand | Short-term tests per case | Short-term positive rate,,resolved,lf_002,testing_time_series_derived,1.0,exact_relative_path,16.0,10.0,True,covid-testing-all-observations.csv,.csv,tabular_preview_success
/mydata/doc2validate/gold_benchmarks/scidata_selected_50_v1/s41597-020-00688-8/artifact/figshare/covid-testing-source-details.csv,s41597-020-00688-8,ISO code | Country | Units | Series | Number of observations | General source label | General source URL | Detailed description,,resolved,lf_003,testing_metadata,1.0,exact_relative_path,8.0,10.0,True,covid-testing-source-details.csv,.csv,tabular_preview_success
/mydata/doc2validate/gold_benchmarks/scidata_selected_50_v1/s41597-020-00688-8/artifact/figshare/raw-collected-data.csv,s41597-020-00688-8,Country | Units | Series | Date | Cumulative total | Daily change in cumulative total | Source label | Source URL | Notes,,resolved,lf_004,raw_collected_data,1.0,exact_relative_path,9.0,10.0,True,raw-collected-data.csv,.csv,tabular_preview_success
/mydata/doc2validate/gold_benchmarks/scidata_selected_50_v1/s41597-020-00688-8/artifact/figshare/un-2020-population.csv,s41597-020-00688-8,Country | Population,,resolved,lf_005,population_reference_data,1.0,exact_relative_path,2.0,10.0,True,un-2020-population.csv,.csv,tabular_preview_success
/mydata/doc2validate/gold_benchmarks/scidata_selected_50_v1/s41597-020-00688-8/artifact/figshare/covid-testing-source-details.csv,s41597-020-00688-8,ISO code | Country | Units | Series | Number of observations | General source label | General source URL | Detailed description,,weak_match,lf_006,latest_source_details,0.6,token_overlap_high,8.0,10.0,True,covid-testing-source-details.csv,.csv,tabular_preview_success
/mydata/doc2validate/gold_benchmarks/scidata_selected_50_v1/s41597-020-00788-5/artifact/github/github_github.com__MegaPast2Future_HerbiTraits/HerbiTraits-master/Data/Version_1/HerbiTraits_V1/HerbiTraits_v1.xlsx,s41597-020-00788-5,Column | Description | Levels / Range | Type,,ambiguous,lf_001,HerbiTraits Trait Data,0.65,stem_contains,4.0,10.0,True,github_github.com__MegaPast2Future_HerbiTraits/HerbiTraits-master/Data/Version_1/HerbiTraits_V1/HerbiTraits_v1.xlsx,.xlsx,tabular_preview_success
/mydata/doc2validate/gold_benchmarks/scidata_selected_50_v1/s41597-020-00788-5/artifact/github/github_github.com__MegaPast2Future_HerbiTraits/HerbiTraits-master/Data/Version_1/HerbiTraits_V1/HerbiTraits_Data_v1.csv,s41597-020-00788-5,Binomial | Common.Name | Species.Status | Domesticated | Class | Order | Family | Mass.g | Mass.Method | Mass.Method.Reliability | Mass.Notes | Mass.Reference | Diet.Graminoids | Diet.Browse.Fruit | Diet.Meat | Guild.only.Herbivory | Guild.w.Omnivory | Diet.Method | Diet.Method.Reliability | Diet.Notes | Diet.Reference | Fermentation.Type | Fermentation.Efficiency | Fermentation.Type.Method | Fermentation.Type.Method.Reliability | Fermentation.Type.Notes | Fermentation.Type.Reference | Limb.Morphology | Limb.Morphology.Method | Limb.Morphology.Method.Reliability | Limb.Morphology.Notes | Limb.Morphology.Reference | Habitat.Aquatic | Habitat.Terrestrial | Habitat.Arboreal | Habitat.Categorical | Habitat.Method | Habitat.Method.Reliability | Habitat.Notes | Habitat.Reference,,ambiguous,lf_001,HerbiTraits Trait Data,0.6,token_overlap_high,40.0,10.0,True,github_github.com__MegaPast2Future_HerbiTraits/HerbiTraits-master/Data/Version_1/HerbiTraits_V1/HerbiTraits_Data_v1.csv,.csv,tabular_preview_success
/mydata/doc2validate/gold_benchmarks/scidata_selected_50_v1/s41597-020-00788-5/artifact/github/github_github.com__MegaPast2Future_HerbiTraits/HerbiTraits-master/Data/Version_1/HerbiTraits_V1/HerbiTraits_Metadata_v1.csv,s41597-020-00788-5,,'utf-8' codec can't decode byte 0xb3 in position 3512: invalid start byte,ambiguous,lf_002,HerbiTraits Metadata,0.65,stem_contains,,,False,github_github.com__MegaPast2Future_HerbiTraits/HerbiTraits-master/Data/Version_1/HerbiTraits_V1/HerbiTraits_Metadata_v1.csv,.csv,csv_encoding_error
/mydata/doc2validate/gold_benchmarks/scidata_selected_50_v1/s41597-020-00788-5/artifact/github/github_github.com__MegaPast2Future_HerbiTraits/HerbiTraits-master/Data/Version_1/HerbiTraits_V1/HerbiTraits_v1.xlsx,s41597-020-00788-5,Column | Description | Levels / Range | Type,,ambiguous,lf_002,HerbiTraits Metadata,0.6,token_overlap_high,4.0,10.0,True,github_github.com__MegaPast2Future_HerbiTraits/HerbiTraits-master/Data/Version_1/HerbiTraits_V1/HerbiTraits_v1.xlsx,.xlsx,tabular_preview_success
/mydata/doc2validate/gold_benchmarks/scidata_selected_50_v1/s41597-020-00788-5/artifact/github/github_github.com__MegaPast2Future_HerbiTraits/HerbiTraits-master/Data/Version_1/HerbiTraits_V1/HerbiTraits_References_v1.csv,s41597-020-00788-5,,'utf-8' codec can't decode byte 0xd0 in position 3776: invalid continuation byte,ambiguous,lf_002,HerbiTraits Metadata,0.6,token_overlap_high,,,False,github_github.com__MegaPast2Future_HerbiTraits/HerbiTraits-master/Data/Version_1/HerbiTraits_V1/HerbiTraits_References_v1.csv,.csv,csv_encoding_error
/mydata/doc2validate/gold_benchmarks/scidata_selected_50_v1/s41597-020-00788-5/artifact/github/github_github.com__MegaPast2Future_HerbiTraits/HerbiTraits-master/Data/Version_1/HerbiTraits_V1/HerbiTraits_References_v1.csv,s41597-020-00788-5,,'utf-8' codec can't decode byte 0xd0 in position 3776: invalid continuation byte,ambiguous,lf_003,HerbiTraits References,0.65,stem_contains,,,False,github_github.com__MegaPast2Future_HerbiTraits/HerbiTraits-master/Data/Version_1/HerbiTraits_V1/HerbiTraits_References_v1.csv,.csv,csv_encoding_error
/mydata/doc2validate/gold_benchmarks/scidata_selected_50_v1/s41597-020-00788-5/artifact/github/github_github.com__MegaPast2Future_HerbiTraits/HerbiTraits-master/Data/Version_1/HerbiTraits_V1/HerbiTraits_Metadata_v1.csv,s41597-020-00788-5,,'utf-8' codec can't decode byte 0xb3 in position 3512: invalid start byte,ambiguous,lf_003,HerbiTraits References,0.6,token_overlap_high,,,False,github_github.com__MegaPast2Future_HerbiTraits/HerbiTraits-master/Data/Version_1/HerbiTraits_V1/HerbiTraits_Metadata_v1.csv,.csv,csv_encoding_error
/mydata/doc2validate/gold_benchmarks/scidata_selected_50_v1/s41597-020-00788-5/artifact/github/github_github.com__MegaPast2Future_HerbiTraits/HerbiTraits-master/Data/Version_1/HerbiTraits_V1/HerbiTraits_v1.xlsx,s41597-020-00788-5,Column | Description | Levels / Range | Type,,ambiguous,lf_003,HerbiTraits References,0.6,token_overlap_high,4.0,10.0,True,github_github.com__MegaPast2Future_HerbiTraits/HerbiTraits-master/Data/Version_1/HerbiTraits_V1/HerbiTraits_v1.xlsx,.xlsx,tabular_preview_success
/mydata/doc2validate/gold_benchmarks/scidata_selected_50_v1/s41597-020-00788-5/artifact/github/github_github.com__MegaPast2Future_HerbiTraits/HerbiTraits-master/Data/Version_1/HerbiTraits_V1/HerbiTraits_v1.xlsx,s41597-020-00788-5,Column | Description | Levels / Range | Type,,weak_match,lf_004,HerbiTraits Excel Workbook,0.65,stem_contains,4.0,10.0,True,github_github.com__MegaPast2Future_HerbiTraits/HerbiTraits-master/Data/Version_1/HerbiTraits_V1/HerbiTraits_v1.xlsx,.xlsx,tabular_preview_success
/mydata/doc2validate/gold_benchmarks/scidata_selected_50_v1/s41597-020-00788-5/artifact/github/github_github.com__MegaPast2Future_HerbiTraits/HerbiTraits-master/Data/Version_1/Incomplete_Traits_V1/Incomplete_Traits_V1.xlsx,s41597-020-00788-5,Column | Description | Levels / Range | Type,,ambiguous,lf_005,Incomplete Traits Data,0.65,stem_contains,4.0,10.0,True,github_github.com__MegaPast2Future_HerbiTraits/HerbiTraits-master/Data/Version_1/Incomplete_Traits_V1/Incomplete_Traits_V1.xlsx,.xlsx,tabular_preview_success
/mydata/doc2validate/gold_benchmarks/scidata_selected_50_v1/s41597-020-00788-5/artifact/github/github_github.com__MegaPast2Future_HerbiTraits/HerbiTraits-master/Data/Version_1/Incomplete_Traits_V1/Incomplete_Traits_Data_V1.csv,s41597-020-00788-5,Binomial | Common.Name | Species.Status | Class | Order | Family | Water.Dependence | Water.Dependence.Method | Water.Dependence.Reliability | Water.Dependence.Notes | Water.Dependence.Reference | Scratch.Digging | Well.Digging | Burrowing | Rooting | Digging.Rooting.Methods | Digging.Rooting.Method.Reliability | Digging.Rooting.Notes | Digging.Rooting.Reference,,ambiguous,lf_005,Incomplete Traits Data,0.6,token_overlap_high,19.0,10.0,True,github_github.com__MegaPast2Future_HerbiTraits/HerbiTraits-master/Data/Version_1/Incomplete_Traits_V1/Incomplete_Traits_Data_V1.csv,.csv,tabular_preview_success
/mydata/doc2validate/gold_benchmarks/scidata_selected_50_v1/s41597-020-00788-5/artifact/github/github_github.com__MegaPast2Future_HerbiTraits/HerbiTraits-master/Data/Version_1/Incomplete_Traits_V1/Incomplete_Traits_Metadata_V1.csv,s41597-020-00788-5,Column | Description | Levels / Range | Type,,ambiguous,lf_006,Incomplete Traits Metadata,0.65,stem_contains,4.0,10.0,True,github_github.com__MegaPast2Future_HerbiTraits/HerbiTraits-master/Data/Version_1/Incomplete_Traits_V1/Incomplete_Traits_Metadata_V1.csv,.csv,tabular_preview_success
/mydata/doc2validate/gold_benchmarks/scidata_selected_50_v1/s41597-020-00788-5/artifact/github/github_github.com__MegaPast2Future_HerbiTraits/HerbiTraits-master/Data/Version_1/Incomplete_Traits_V1/Incomplete_Traits_V1.xlsx,s41597-020-00788-5,Column | Description | Levels / Range | Type,,ambiguous,lf_006,Incomplete Traits Metadata,0.6,token_overlap_high,4.0,10.0,True,github_github.com__MegaPast2Future_HerbiTraits/HerbiTraits-master/Data/Version_1/Incomplete_Traits_V1/Incomplete_Traits_V1.xlsx,.xlsx,tabular_preview_success
/mydata/doc2validate/gold_benchmarks/scidata_selected_50_v1/s41597-020-00788-5/artifact/github/github_github.com__MegaPast2Future_HerbiTraits/HerbiTraits-master/Data/Version_1/Incomplete_Traits_V1/Incomplete_Traits_References_V1.csv,s41597-020-00788-5,,'utf-8' codec can't decode byte 0xd4 in position 1199: invalid continuation byte,ambiguous,lf_007,Incomplete Traits References,0.65,stem_contains,,,False,github_github.com__MegaPast2Future_HerbiTraits/HerbiTraits-master/Data/Version_1/Incomplete_Traits_V1/Incomplete_Traits_References_V1.csv,.csv,csv_encoding_error
/mydata/doc2validate/gold_benchmarks/scidata_selected_50_v1/s41597-020-00788-5/artifact/github/github_github.com__MegaPast2Future_HerbiTraits/HerbiTraits-master/Data/Version_1/Incomplete_Traits_V1/Incomplete_Traits_V1.xlsx,s41597-020-00788-5,Column | Description | Levels / Range | Type,,ambiguous,lf_007,Incomplete Traits References,0.6,token_overlap_high,4.0,10.0,True,github_github.com__MegaPast2Future_HerbiTraits/HerbiTraits-master/Data/Version_1/Incomplete_Traits_V1/Incomplete_Traits_V1.xlsx,.xlsx,tabular_preview_success
/mydata/doc2validate/gold_benchmarks/scidata_selected_50_v1/s41597-021-01069-5/artifact/github/github_github.com__theochem_B3DB/B3DB-main/notebooks/numerical_data_analysis.ipynb,s41597-021-01069-5,,Unsupported preview suffix: .ipynb,weak_match,lf_001,numerical_bbb_data,0.45,token_overlap_low,,,False,github_github.com__theochem_B3DB/B3DB-main/notebooks/numerical_data_analysis.ipynb,.ipynb,code_or_notebook_artifact_not_tabular
/mydata/doc2validate/gold_benchmarks/scidata_selected_50_v1/s41597-021-01069-5/artifact/github/github_github.com__theochem_B3DB/B3DB-main/notebooks/numerical_data_analysis.ipynb,s41597-021-01069-5,,Unsupported preview suffix: .ipynb,weak_match,lf_003,extended_numerical_data,0.45,token_overlap_low,,,False,github_github.com__theochem_B3DB/B3DB-main/notebooks/numerical_data_analysis.ipynb,.ipynb,code_or_notebook_artifact_not_tabular
/mydata/doc2validate/gold_benchmarks/scidata_selected_50_v1/s41597-021-01069-5/artifact/github/github_github.com__theochem_B3DB/B3DB-main/data_curation/raw_data/raw_data_summary.tsv,s41597-021-01069-5,NO. | threshold_values | reference,,resolved,lf_005,raw_data_summary,0.95,exact_basename,3.0,10.0,True,github_github.com__theochem_B3DB/B3DB-main/data_curation/raw_data/raw_data_summary.tsv,.tsv,tabular_preview_success
/mydata/doc2validate/gold_benchmarks/scidata_selected_50_v1/s41597-022-01146-3/artifact/github/github_github.com__open-AIMS_tropical_ucrit_data/tropical_ucrit_data-main/clean_data/fish_id_dat.csv,s41597-022-01146-3,species_id | fish_id | date | trap | sampling_gear | year | month | filename | image | AMS_rego | publication | stage | protocol,,resolved,lf_001,settlement_stage_fish_ids,0.95,exact_basename,13.0,10.0,True,github_github.com__open-AIMS_tropical_ucrit_data/tropical_ucrit_data-main/clean_data/fish_id_dat.csv,.csv,tabular_preview_success
/mydata/doc2validate/gold_benchmarks/scidata_selected_50_v1/s41597-022-01146-3/artifact/github/github_github.com__open-AIMS_tropical_ucrit_data/tropical_ucrit_data-main/clean_data/ucrit_sett_dat.csv,s41597-022-01146-3,fish_id | ucrit | notes,,resolved,lf_002,settlement_stage_swimming_data,0.95,exact_basename,3.0,10.0,True,github_github.com__open-AIMS_tropical_ucrit_data/tropical_ucrit_data-main/clean_data/ucrit_sett_dat.csv,.csv,tabular_preview_success
/mydata/doc2validate/gold_benchmarks/scidata_selected_50_v1/s41597-022-01146-3/artifact/github/github_github.com__open-AIMS_tropical_ucrit_data/tropical_ucrit_data-main/clean_data/morph_sett_dat.csv,s41597-022-01146-3,fish_id | TLmm | SLmm | hw | BDmm | PAmm | BAmm | wg | CPDmm | CFDmm | Mamm | CFAmm,,resolved,lf_003,settlement_stage_morphology_data,0.95,exact_basename,12.0,10.0,True,github_github.com__open-AIMS_tropical_ucrit_data/tropical_ucrit_data-main/clean_data/morph_sett_dat.csv,.csv,tabular_preview_success
/mydata/doc2validate/gold_benchmarks/scidata_selected_50_v1/s41597-022-01146-3/artifact/github/github_github.com__open-AIMS_tropical_ucrit_data/tropical_ucrit_data-main/clean_data/dev_sample_dat.csv,s41597-022-01146-3,species_id | batch_id | sample_id | age | eggdur | protocol | temperature,,resolved,lf_004,developmental_sample_data,0.95,exact_basename,7.0,10.0,True,github_github.com__open-AIMS_tropical_ucrit_data/tropical_ucrit_data-main/clean_data/dev_sample_dat.csv,.csv,tabular_preview_success
/mydata/doc2validate/gold_benchmarks/scidata_selected_50_v1/s41597-022-01146-3/artifact/github/github_github.com__open-AIMS_tropical_ucrit_data/tropical_ucrit_data-main/clean_data/ucrit_dev_dat.csv,s41597-022-01146-3,sample_id | ucrit | comment,,resolved,lf_005,developmental_swimming_data,0.95,exact_basename,3.0,10.0,True,github_github.com__open-AIMS_tropical_ucrit_data/tropical_ucrit_data-main/clean_data/ucrit_dev_dat.csv,.csv,tabular_preview_success
/mydata/doc2validate/gold_benchmarks/scidata_selected_50_v1/s41597-022-01146-3/artifact/github/github_github.com__open-AIMS_tropical_ucrit_data/tropical_ucrit_data-main/clean_data/morph_dev_dat.csv,s41597-022-01146-3,sample_id | TLmm | BDmm | BAmm | PAmm | SLmm | TLAmm,,resolved,lf_006,developmental_morphology_data,0.95,exact_basename,7.0,10.0,True,github_github.com__open-AIMS_tropical_ucrit_data/tropical_ucrit_data-main/clean_data/morph_dev_dat.csv,.csv,tabular_preview_success
/mydata/doc2validate/gold_benchmarks/scidata_selected_50_v1/s41597-022-01146-3/artifact/github/github_github.com__open-AIMS_tropical_ucrit_data/tropical_ucrit_data-main/clean_data/site_dat.csv,s41597-022-01146-3,trap | location | region | lat | lon,,ambiguous,lf_007,site_and_species_metadata,0.65,stem_contains,5.0,10.0,True,github_github.com__open-AIMS_tropical_ucrit_data/tropical_ucrit_data-main/clean_data/site_dat.csv,.csv,tabular_preview_success
/mydata/doc2validate/gold_benchmarks/scidata_selected_50_v1/s41597-022-01146-3/artifact/github/github_github.com__open-AIMS_tropical_ucrit_data/tropical_ucrit_data-main/clean_data/species_dat.csv,s41597-022-01146-3,species_id | species_note | taxa | AphiaID | url | scientificname | authority | status | unacceptreason | taxonRankID | rank | valid_AphiaID | valid_name | valid_authority | parentNameUsageID | kingdom | phylum | class | order | family | genus | citation,,ambiguous,lf_007,site_and_species_metadata,0.65,stem_contains,22.0,10.0,True,github_github.com__open-AIMS_tropical_ucrit_data/tropical_ucrit_data-main/clean_data/species_dat.csv,.csv,tabular_preview_success
/mydata/doc2validate/gold_benchmarks/scidata_selected_50_v1/s41597-022-01146-3/artifact/github/github_github.com__open-AIMS_tropical_ucrit_data/tropical_ucrit_data-main/source_data/species.csv,s41597-022-01146-3,species_id | family_id | family | genus | species | swim behaviour | reef fish | sett age lw | sett age est | sett age up,,ambiguous,lf_007,site_and_species_metadata,0.65,stem_contains,10.0,10.0,True,github_github.com__open-AIMS_tropical_ucrit_data/tropical_ucrit_data-main/source_data/species.csv,.csv,tabular_preview_success
/mydata/doc2validate/gold_benchmarks/scidata_selected_50_v1/s41597-022-01146-3/artifact/github/github_github.com__open-AIMS_tropical_ucrit_data/tropical_ucrit_data-main/clean_data/image_data.csv,s41597-022-01146-3,filename | image | fish_id | photo,,resolved,lf_008,image_data,0.95,exact_basename,4.0,10.0,True,github_github.com__open-AIMS_tropical_ucrit_data/tropical_ucrit_data-main/clean_data/image_data.csv,.csv,tabular_preview_success
/mydata/doc2validate/gold_benchmarks/scidata_selected_50_v1/s41597-022-01473-5/artifact/github/github_github.com__RiesLabGU_LepTraits/LepTraits-main/records/records.csv,s41597-022-01473-5,Unnamed: 0 | RecordID | LegacyID | Book | ResourceID | PageNumber | Genus | Species | WingSpanLower_Female | WingSpanUpper_Female | WingSpanLower_Male | WingSpanUpper_Male | WingSpanLower_Unspecified | WingSpanUpper_Unspecified | ForewingLower_Female | ForewingUpper_Female | ForewingLower_Male | ForewingUpper_Male | ForewingLower_Unspecified | ForewingUpper_Unspecified | Overwintering | Oviposition | Voltinism | Jan | Feb | Mar | Apr | May | Jun | Jul | Aug | Sep | Oct | Nov | Dec | Duration | Canopy | Edge | Moisture | Disturbance,,resolved,lf_001,resource_level_traits,0.95,exact_basename,40.0,10.0,True,github_github.com__RiesLabGU_LepTraits/LepTraits-main/records/records.csv,.csv,tabular_preview_success
/mydata/doc2validate/gold_benchmarks/scidata_selected_50_v1/s41597-022-01473-5/artifact/github/github_github.com__RiesLabGU_LepTraits/LepTraits-main/consensus/consensus.csv,s41597-022-01473-5,Family | Genus | Species | verbatimSpecies | WS_L_Fem | WS_U_Fem | WS_L_Mal | WS_U_Mal | WS_L | WS_U | FW_L_Fem | FW_U_Fem | FW_L_Mal | FW_U_Mal | FW_L | FW_U | Jan | Feb | Mar | Apr | May | Jun | Jul | Aug | Sep | Oct | Nov | Dec | FlightDuration | DiapauseStage | Voltinism | OvipositionStyle | CanopyAffinity | EdgeAffinity | MoistureAffinity | DisturbanceAffinity | NumberOfHostplantFamilies | SoleHostplantFamily | PrimaryHostplantFamily | SecondaryHostplantFamily | EqualHostplantFamily | NumberOfHostplantAccounts | DateCreated,,resolved,lf_002,species_consensus_traits,0.95,exact_basename,43.0,10.0,True,github_github.com__RiesLabGU_LepTraits/LepTraits-main/consensus/consensus.csv,.csv,tabular_preview_success
/mydata/doc2validate/gold_benchmarks/scidata_selected_50_v1/s41597-022-01473-5/artifact/github/github_github.com__RiesLabGU_LepTraits/LepTraits-main/misc/miscData/book_data.csv,s41597-022-01473-5,,'utf-8' codec can't decode byte 0xed in position 6523: invalid continuation byte,resolved,lf_003,resource_metadata,0.95,exact_basename,,,False,github_github.com__RiesLabGU_LepTraits/LepTraits-main/misc/miscData/book_data.csv,.csv,csv_encoding_error
/mydata/doc2validate/gold_benchmarks/scidata_selected_50_v1/s41597-022-01473-5/artifact/github/github_github.com__RiesLabGU_LepTraits/LepTraits-main/records/habitat_recordDictionary.csv,s41597-022-01473-5,"THERE WERE ONLY THREE CODERS (All authors): Leslie Ries (LVR), Minji Ku (MK), Vaughn Shirey (VMS) | Unnamed: 1 | Unnamed: 2 | Unnamed: 3 | Unnamed: 4 | Unnamed: 5 | Unnamed: 6",,resolved,lf_004,habitat_dictionary,0.95,exact_basename,7.0,10.0,True,github_github.com__RiesLabGU_LepTraits/LepTraits-main/records/habitat_recordDictionary.csv,.csv,tabular_preview_success
/mydata/doc2validate/gold_benchmarks/scidata_selected_50_v1/s41597-022-01473-5/artifact/github/github_github.com__RiesLabGU_LepTraits/LepTraits-main/records/habitat_recordKey.csv,s41597-022-01473-5,Habitat category | Atomization code | Count of code | Categorization | Categorization description,,resolved,lf_005,habitat_code_key,0.95,exact_basename,5.0,10.0,True,github_github.com__RiesLabGU_LepTraits/LepTraits-main/records/habitat_recordKey.csv,.csv,tabular_preview_success
/mydata/doc2validate/gold_benchmarks/scidata_selected_50_v1/s41597-022-01696-6/artifact/figshare/Wind farm site 1 (Nominal capacity-99MW).xlsx,s41597-022-01696-6,Time(year-month-day h:m:s) | Wind speed at height of 10 meters (m/s) | Wind direction at height of 10 meters (˚) | Wind speed at height of 30 meters (m/s) | Wind direction at height of 30 meters (˚) | Wind speed at height of 50 meters (m/s) | Wind direction at height of 50 meters (˚) | Wind speed - at the height of wheel hub(m/s) | Wind speed - at the height of wheel hub (˚) | Air temperature  (°C)  | Atmosphere (hpa) | Relative humidity (%) | Power (MW),,weak_match,lf_001,wind_farm_raw_data,0.65,stem_contains,13.0,10.0,True,Wind farm site 1 (Nominal capacity-99MW).xlsx,.xlsx,tabular_preview_success
/mydata/doc2validate/gold_benchmarks/scidata_selected_50_v1/s41597-022-01696-6/artifact/figshare/Solar station site 1 (Nominal capacity-50MW).xlsx,s41597-022-01696-6,Time(year-month-day h:m:s) | Total solar irradiance (W/m2) | Direct normal irradiance (W/m2) | Global horizontal irradiance (W/m2) | Air temperature  (°C)  | Atmosphere (hpa) | Relative humidity (%) | Power (MW),,weak_match,lf_002,solar_station_raw_data,0.65,stem_contains,8.0,10.0,True,Solar station site 1 (Nominal capacity-50MW).xlsx,.xlsx,tabular_preview_success
/mydata/doc2validate/gold_benchmarks/scidata_selected_50_v1/s41597-022-01696-6/artifact/figshare/Wind farm site 1 (Nominal capacity-99MW).xlsx,s41597-022-01696-6,Time(year-month-day h:m:s) | Wind speed at height of 10 meters (m/s) | Wind direction at height of 10 meters (˚) | Wind speed at height of 30 meters (m/s) | Wind direction at height of 30 meters (˚) | Wind speed at height of 50 meters (m/s) | Wind direction at height of 50 meters (˚) | Wind speed - at the height of wheel hub(m/s) | Wind speed - at the height of wheel hub (˚) | Air temperature  (°C)  | Atmosphere (hpa) | Relative humidity (%) | Power (MW),,ambiguous,lf_003,wind_farm_processed_data,0.65,stem_contains,13.0,10.0,True,Wind farm site 1 (Nominal capacity-99MW).xlsx,.xlsx,tabular_preview_success
/mydata/doc2validate/gold_benchmarks/scidata_selected_50_v1/s41597-022-01696-6/artifact/figshare/data_processed.rar,s41597-022-01696-6,,Unsupported preview suffix: .rar,ambiguous,lf_003,wind_farm_processed_data,0.6,token_overlap_high,,,False,data_processed.rar,.rar,archive_artifact_requires_unpacking
/mydata/doc2validate/gold_benchmarks/scidata_selected_50_v1/s41597-022-01696-6/artifact/figshare/Solar station site 1 (Nominal capacity-50MW).xlsx,s41597-022-01696-6,Time(year-month-day h:m:s) | Total solar irradiance (W/m2) | Direct normal irradiance (W/m2) | Global horizontal irradiance (W/m2) | Air temperature  (°C)  | Atmosphere (hpa) | Relative humidity (%) | Power (MW),,ambiguous,lf_004,solar_station_processed_data,0.65,stem_contains,8.0,10.0,True,Solar station site 1 (Nominal capacity-50MW).xlsx,.xlsx,tabular_preview_success
/mydata/doc2validate/gold_benchmarks/scidata_selected_50_v1/s41597-022-01696-6/artifact/figshare/data_processed.rar,s41597-022-01696-6,,Unsupported preview suffix: .rar,ambiguous,lf_004,solar_station_processed_data,0.6,token_overlap_high,,,False,data_processed.rar,.rar,archive_artifact_requires_unpacking
/mydata/doc2validate/gold_benchmarks/scidata_selected_50_v1/s41597-022-01696-6/artifact/figshare/Wind farm site 1 (Nominal capacity-99MW).xlsx,s41597-022-01696-6,Time(year-month-day h:m:s) | Wind speed at height of 10 meters (m/s) | Wind direction at height of 10 meters (˚) | Wind speed at height of 30 meters (m/s) | Wind direction at height of 30 meters (˚) | Wind speed at height of 50 meters (m/s) | Wind direction at height of 50 meters (˚) | Wind speed - at the height of wheel hub(m/s) | Wind speed - at the height of wheel hub (˚) | Air temperature  (°C)  | Atmosphere (hpa) | Relative humidity (%) | Power (MW),,weak_match,lf_005,wind_farm_metadata,0.45,token_overlap_low,13.0,10.0,True,Wind farm site 1 (Nominal capacity-99MW).xlsx,.xlsx,tabular_preview_success
/mydata/doc2validate/gold_benchmarks/scidata_selected_50_v1/s41597-022-01696-6/artifact/figshare/Solar station site 1 (Nominal capacity-50MW).xlsx,s41597-022-01696-6,Time(year-month-day h:m:s) | Total solar irradiance (W/m2) | Direct normal irradiance (W/m2) | Global horizontal irradiance (W/m2) | Air temperature  (°C)  | Atmosphere (hpa) | Relative humidity (%) | Power (MW),,weak_match,lf_006,solar_station_metadata,0.45,token_overlap_low,8.0,10.0,True,Solar station site 1 (Nominal capacity-50MW).xlsx,.xlsx,tabular_preview_success
/mydata/doc2validate/gold_benchmarks/scidata_selected_50_v1/s41597-023-02060-y/artifact/github/github_github.com__0oshowero0_HealthyCitiesDataset/HealthyCitiesDataset-main/all_data.csv.zip,s41597-023-02060-y,,Unsupported preview suffix: .zip,resolved,lf_001,all_data_combined,0.95,exact_basename,,,False,github_github.com__0oshowero0_HealthyCitiesDataset/HealthyCitiesDataset-main/all_data.csv.zip,.zip,archive_artifact_requires_unpacking
/mydata/doc2validate/gold_benchmarks/scidata_selected_50_v1/s41597-023-02060-y/artifact/github/github_github.com__0oshowero0_HealthyCitiesDataset/HealthyCitiesDataset-main/health_outcome/life_expectancy/life_expectancy_msoa.csv,s41597-023-02060-y,CityName | CityCode | MSOAName | MSOACode | Value | LowerConfidenceInterval | UpperConfidenceInterval | Gender,,ambiguous,lf_002,life_expectancy_data,0.65,stem_contains,8.0,10.0,True,github_github.com__0oshowero0_HealthyCitiesDataset/HealthyCitiesDataset-main/health_outcome/life_expectancy/life_expectancy_msoa.csv,.csv,tabular_preview_success
/mydata/doc2validate/gold_benchmarks/scidata_selected_50_v1/s41597-023-02060-y/artifact/github/github_github.com__0oshowero0_HealthyCitiesDataset/HealthyCitiesDataset-main/health_outcome/life_expectancy/healthy_life_expectancy_msoa.csv,s41597-023-02060-y,CityName | CityCode | MSOAName | MSOACode | Value | LowerConfidenceInterval | UpperConfidenceInterval | Gender,,ambiguous,lf_002,life_expectancy_data,0.65,stem_contains,8.0,10.0,True,github_github.com__0oshowero0_HealthyCitiesDataset/HealthyCitiesDataset-main/health_outcome/life_expectancy/healthy_life_expectancy_msoa.csv,.csv,tabular_preview_success
/mydata/doc2validate/gold_benchmarks/scidata_selected_50_v1/s41597-023-02060-y/artifact/github/github_github.com__0oshowero0_HealthyCitiesDataset/HealthyCitiesDataset-main/health_outcome/mental_health/metadata_mental_health_prescribing.xlsx,s41597-023-02060-y,BNFParagraphCode | BNFChapter | BNFSection | BNFParagrah,,weak_match,lf_003,health_expenditures_data,0.45,token_overlap_low,4.0,8.0,True,github_github.com__0oshowero0_HealthyCitiesDataset/HealthyCitiesDataset-main/health_outcome/mental_health/metadata_mental_health_prescribing.xlsx,.xlsx,tabular_preview_success
/mydata/doc2validate/gold_benchmarks/scidata_selected_50_v1/s41597-023-02070-w/artifact/figshare/mosaic_climate.csv,s41597-023-02070-w,Unnamed: 0 | X | MatrixID | Lat | Lon | StudyStart | StudyEnd | GenTime | db | Download | air_temperature | air_temperature_SD | total_precipitation | total_precipitation_SD | volumetric_soil_water_layer_1 | volumetric_soil_water_layer_1_SD | volumetric_soil_water_layer_2 | volumetric_soil_water_layer_2_SD | volumetric_soil_water_layer_3 | volumetric_soil_water_layer_3_SD | volumetric_soil_water_layer_4 | volumetric_soil_water_layer_4_SD | runoff | runoff_SD | total_evaporation | total_evaporation_SD,,weak_match,lf_002,Climate Data,0.45,token_overlap_low,26.0,10.0,True,mosaic_climate.csv,.csv,tabular_preview_success
/mydata/doc2validate/gold_benchmarks/scidata_selected_50_v1/s41597-023-02094-2/artifact/figshare/CarbonMonitor_Power_Data_hourly.csv,s41597-023-02094-2,country | date | type | value | label,,weak_match,lf_001,hourly_power_generation,0.65,stem_contains,5.0,10.0,True,CarbonMonitor_Power_Data_hourly.csv,.csv,tabular_preview_success
/mydata/doc2validate/gold_benchmarks/scidata_selected_50_v1/s41597-023-02094-2/artifact/figshare/CarbonMonitor_Power_Data_daily.csv,s41597-023-02094-2,date | country | type | value | label,,weak_match,lf_002,daily_power_generation,0.65,stem_contains,5.0,10.0,True,CarbonMonitor_Power_Data_daily.csv,.csv,tabular_preview_success
/mydata/doc2validate/gold_benchmarks/scidata_selected_50_v1/s41597-023-02576-3/artifact/github/github_github.com__axin1301_Satellite-imagery-dataset/Satellite-imagery-dataset-main/Satellite_Imagery_and_Visual_Attributes/object_detection/t.py,s41597-023-02576-3,,Unsupported preview suffix: .py,weak_match,lf_001,Basic Geographic Statistics,0.65,stem_contains,,,False,github_github.com__axin1301_Satellite-imagery-dataset/Satellite-imagery-dataset-main/Satellite_Imagery_and_Visual_Attributes/object_detection/t.py,.py,code_or_notebook_artifact_not_tabular
/mydata/doc2validate/gold_benchmarks/scidata_selected_50_v1/s41597-023-02576-3/artifact/github/github_github.com__axin1301_Satellite-imagery-dataset/Satellite-imagery-dataset-main/Satellite_Imagery_and_Visual_Attributes/object_detection/t.py,s41597-023-02576-3,,Unsupported preview suffix: .py,weak_match,lf_002,Satellite Imagery Visual Attributes - Object Counts,0.65,stem_contains,,,False,github_github.com__axin1301_Satellite-imagery-dataset/Satellite-imagery-dataset-main/Satellite_Imagery_and_Visual_Attributes/object_detection/t.py,.py,code_or_notebook_artifact_not_tabular
/mydata/doc2validate/gold_benchmarks/scidata_selected_50_v1/s41597-023-02576-3/artifact/github/github_github.com__axin1301_Satellite-imagery-dataset/Satellite-imagery-dataset-main/Satellite_Imagery_and_Visual_Attributes/object_detection/t.py,s41597-023-02576-3,,Unsupported preview suffix: .py,weak_match,lf_003,Satellite Imagery Visual Attributes - Land Cover Semantics,0.65,stem_contains,,,False,github_github.com__axin1301_Satellite-imagery-dataset/Satellite-imagery-dataset-main/Satellite_Imagery_and_Visual_Attributes/object_detection/t.py,.py,code_or_notebook_artifact_not_tabular
/mydata/doc2validate/gold_benchmarks/scidata_selected_50_v1/s41597-023-02576-3/artifact/github/github_github.com__axin1301_Satellite-imagery-dataset/Satellite-imagery-dataset-main/Satellite_Imagery_and_Visual_Attributes/object_detection/t.py,s41597-023-02576-3,,Unsupported preview suffix: .py,weak_match,lf_004,SDG 1 - No Poverty Indicators,0.65,stem_contains,,,False,github_github.com__axin1301_Satellite-imagery-dataset/Satellite-imagery-dataset-main/Satellite_Imagery_and_Visual_Attributes/object_detection/t.py,.py,code_or_notebook_artifact_not_tabular
/mydata/doc2validate/gold_benchmarks/scidata_selected_50_v1/s41597-023-02576-3/artifact/github/github_github.com__axin1301_Satellite-imagery-dataset/Satellite-imagery-dataset-main/Satellite_Imagery_and_Visual_Attributes/object_detection/t.py,s41597-023-02576-3,,Unsupported preview suffix: .py,weak_match,lf_005,SDG 3 - Good Health and Well-being Indicators,0.65,stem_contains,,,False,github_github.com__axin1301_Satellite-imagery-dataset/Satellite-imagery-dataset-main/Satellite_Imagery_and_Visual_Attributes/object_detection/t.py,.py,code_or_notebook_artifact_not_tabular
/mydata/doc2validate/gold_benchmarks/scidata_selected_50_v1/s41597-023-02576-3/artifact/github/github_github.com__axin1301_Satellite-imagery-dataset/Satellite-imagery-dataset-main/Satellite_Imagery_and_Visual_Attributes/object_detection/t.py,s41597-023-02576-3,,Unsupported preview suffix: .py,weak_match,lf_006,SDG 4 - Quality Education Indicators,0.65,stem_contains,,,False,github_github.com__axin1301_Satellite-imagery-dataset/Satellite-imagery-dataset-main/Satellite_Imagery_and_Visual_Attributes/object_detection/t.py,.py,code_or_notebook_artifact_not_tabular
/mydata/doc2validate/gold_benchmarks/scidata_selected_50_v1/s41597-023-02576-3/artifact/github/github_github.com__axin1301_Satellite-imagery-dataset/Satellite-imagery-dataset-main/Satellite_Imagery_and_Visual_Attributes/object_detection/t.py,s41597-023-02576-3,,Unsupported preview suffix: .py,weak_match,lf_007,SDG 10 - Reduced Inequalities Indicators,0.65,stem_contains,,,False,github_github.com__axin1301_Satellite-imagery-dataset/Satellite-imagery-dataset-main/Satellite_Imagery_and_Visual_Attributes/object_detection/t.py,.py,code_or_notebook_artifact_not_tabular
/mydata/doc2validate/gold_benchmarks/scidata_selected_50_v1/s41597-023-02576-3/artifact/github/github_github.com__axin1301_Satellite-imagery-dataset/Satellite-imagery-dataset-main/Satellite_Imagery_and_Visual_Attributes/object_detection/t.py,s41597-023-02576-3,,Unsupported preview suffix: .py,weak_match,lf_008,SDG 11 - Sustainable Cities Indicators,0.65,stem_contains,,,False,github_github.com__axin1301_Satellite-imagery-dataset/Satellite-imagery-dataset-main/Satellite_Imagery_and_Visual_Attributes/object_detection/t.py,.py,code_or_notebook_artifact_not_tabular
/mydata/doc2validate/gold_benchmarks/scidata_selected_50_v1/s41597-023-02717-8/artifact/figshare/Avian Clock Gene Dataset (Star Compatible).xls,s41597-023-02717-8,,Missing optional dependency 'xlrd'. Install xlrd >= 1.0.0 for Excel support Use pip or conda to install xlrd.,resolved,lf_001,Master Workbook,1.0,exact_relative_path,,,False,Avian Clock Gene Dataset (Star Compatible).xls,.xls,missing_optional_dependency_xlrd
/mydata/doc2validate/gold_benchmarks/scidata_selected_50_v1/s41597-023-02717-8/artifact/figshare/American Redstart.csv,s41597-023-02717-8,Species | Sample ID | Clock 1 | Clock 2 | Sum | Mean  | Adcyap1 | Adcyap2 | Sum.1 | Mean,,ambiguous,lf_003,Individual Species CSV Files,0.9,glob_pattern,10.0,10.0,True,American Redstart.csv,.csv,tabular_preview_success
/mydata/doc2validate/gold_benchmarks/scidata_selected_50_v1/s41597-023-02717-8/artifact/figshare/Blackpoll Warbler.csv,s41597-023-02717-8,Species | Sample ID | Clock 1 | Clock 2 | Sum | Mean  | Adcyap1 | Adcyap2 | Sum.1 | Mean,,ambiguous,lf_003,Individual Species CSV Files,0.9,glob_pattern,10.0,10.0,True,Blackpoll Warbler.csv,.csv,tabular_preview_success
/mydata/doc2validate/gold_benchmarks/scidata_selected_50_v1/s41597-023-02717-8/artifact/figshare/Common Nightingale.csv,s41597-023-02717-8,Species | Sample ID | Clock 1 | Clock 2 | Sum | Mean  | Adcyap1 | Adcyap2 | Sum.1 | Mean,,ambiguous,lf_003,Individual Species CSV Files,0.9,glob_pattern,10.0,10.0,True,Common Nightingale.csv,.csv,tabular_preview_success
/mydata/doc2validate/gold_benchmarks/scidata_selected_50_v1/s41597-023-02717-8/artifact/figshare/0. Index.csv,s41597-023-02717-8,,'utf-8' codec can't decode byte 0xa0 in position 280: invalid start byte,weak_match,lf_004,Index Sheet,0.65,stem_contains,,,False,0. Index.csv,.csv,csv_encoding_error
/mydata/doc2validate/gold_benchmarks/scidata_selected_50_v1/s41597-024-03120-7/artifact/github/github_github.com__OpenDengue_master-repo/master-repo-main/scripts/Checking_OpenDengue_V1.3_release_KJ.R,s41597-024-03120-7,,Unsupported preview suffix: .r,weak_match,lf_001,main_case_data,0.65,stem_contains,,,False,github_github.com__OpenDengue_master-repo/master-repo-main/scripts/Checking_OpenDengue_V1.3_release_KJ.R,.r,code_or_notebook_artifact_not_tabular
/mydata/doc2validate/gold_benchmarks/scidata_selected_50_v1/s41597-024-03120-7/artifact/github/github_github.com__OpenDengue_master-repo/master-repo-main/data/raw_data/sourcedata_V1.2.csv,s41597-024-03120-7,,'utf-8' codec can't decode byte 0xf3 in position 121852: invalid continuation byte,ambiguous,lf_002,source_data,0.9,glob_pattern,,,False,github_github.com__OpenDengue_master-repo/master-repo-main/data/raw_data/sourcedata_V1.2.csv,.csv,csv_encoding_error
/mydata/doc2validate/gold_benchmarks/scidata_selected_50_v1/s41597-024-03120-7/artifact/github/github_github.com__OpenDengue_master-repo/master-repo-main/data/raw_data/sourcedata_V1.3.csv,s41597-024-03120-7,UUID | source_cat | country | period | case_definition_original | metadata_description | metadata_url | metadata_steps,,ambiguous,lf_002,source_data,0.9,glob_pattern,8.0,10.0,True,github_github.com__OpenDengue_master-repo/master-repo-main/data/raw_data/sourcedata_V1.3.csv,.csv,tabular_preview_success
/mydata/doc2validate/gold_benchmarks/scidata_selected_50_v1/s41597-024-03120-7/artifact/github/github_github.com__OpenDengue_master-repo/master-repo-main/data/releases/V1.2.1/National_extract_V1_2_1.zip,s41597-024-03120-7,,Unsupported preview suffix: .zip,ambiguous,lf_003,national_extract,0.6,token_overlap_high,,,False,github_github.com__OpenDengue_master-repo/master-repo-main/data/releases/V1.2.1/National_extract_V1_2_1.zip,.zip,archive_artifact_requires_unpacking
/mydata/doc2validate/gold_benchmarks/scidata_selected_50_v1/s41597-024-03120-7/artifact/github/github_github.com__OpenDengue_master-repo/master-repo-main/data/releases/V1.2.2/National_extract_V1_2_2.zip,s41597-024-03120-7,,Unsupported preview suffix: .zip,ambiguous,lf_003,national_extract,0.6,token_overlap_high,,,False,github_github.com__OpenDengue_master-repo/master-repo-main/data/releases/V1.2.2/National_extract_V1_2_2.zip,.zip,archive_artifact_requires_unpacking
/mydata/doc2validate/gold_benchmarks/scidata_selected_50_v1/s41597-024-03120-7/artifact/github/github_github.com__OpenDengue_master-repo/master-repo-main/data/releases/V1.0/National_extract_V1_0.fst,s41597-024-03120-7,,Unsupported preview suffix: .fst,ambiguous,lf_003,national_extract,0.6,token_overlap_high,,,False,github_github.com__OpenDengue_master-repo/master-repo-main/data/releases/V1.0/National_extract_V1_0.fst,.fst,specialized_data_format_requires_loader
/mydata/doc2validate/gold_benchmarks/scidata_selected_50_v1/s41597-024-03120-7/artifact/github/github_github.com__OpenDengue_master-repo/master-repo-main/data/releases/V1.2.1/Temporal_extract_V1_2_1.zip,s41597-024-03120-7,,Unsupported preview suffix: .zip,ambiguous,lf_004,temporal_extract,0.6,token_overlap_high,,,False,github_github.com__OpenDengue_master-repo/master-repo-main/data/releases/V1.2.1/Temporal_extract_V1_2_1.zip,.zip,archive_artifact_requires_unpacking
/mydata/doc2validate/gold_benchmarks/scidata_selected_50_v1/s41597-024-03120-7/artifact/github/github_github.com__OpenDengue_master-repo/master-repo-main/data/releases/V1.2.2/Temporal_extract_V1_2_2.zip,s41597-024-03120-7,,Unsupported preview suffix: .zip,ambiguous,lf_004,temporal_extract,0.6,token_overlap_high,,,False,github_github.com__OpenDengue_master-repo/master-repo-main/data/releases/V1.2.2/Temporal_extract_V1_2_2.zip,.zip,archive_artifact_requires_unpacking
/mydata/doc2validate/gold_benchmarks/scidata_selected_50_v1/s41597-024-03120-7/artifact/github/github_github.com__OpenDengue_master-repo/master-repo-main/data/releases/V1.0/Temporal_extract_V1_0.csv,s41597-024-03120-7,Unnamed: 0 | adm_0_name | adm_1_name | adm_2_name | full_name | ISO_A0 | FAO_GAUL_code | RNE_iso_code | calendar_start_date | calendar_end_date | Year | dengue_total | UUID | source_cat | S_res | T_res,,ambiguous,lf_004,temporal_extract,0.6,token_overlap_high,16.0,10.0,True,github_github.com__OpenDengue_master-repo/master-repo-main/data/releases/V1.0/Temporal_extract_V1_0.csv,.csv,tabular_preview_success
/mydata/doc2validate/gold_benchmarks/scidata_selected_50_v1/s41597-024-03120-7/artifact/github/github_github.com__OpenDengue_master-repo/master-repo-main/data/releases/V1.2.1/Spatial_extract_V1_2_1.zip,s41597-024-03120-7,,Unsupported preview suffix: .zip,ambiguous,lf_005,spatial_extract,0.6,token_overlap_high,,,False,github_github.com__OpenDengue_master-repo/master-repo-main/data/releases/V1.2.1/Spatial_extract_V1_2_1.zip,.zip,archive_artifact_requires_unpacking
/mydata/doc2validate/gold_benchmarks/scidata_selected_50_v1/s41597-024-03120-7/artifact/github/github_github.com__OpenDengue_master-repo/master-repo-main/data/releases/V1.2.2/Spatial_extract_V1_2_2.zip,s41597-024-03120-7,,Unsupported preview suffix: .zip,ambiguous,lf_005,spatial_extract,0.6,token_overlap_high,,,False,github_github.com__OpenDengue_master-repo/master-repo-main/data/releases/V1.2.2/Spatial_extract_V1_2_2.zip,.zip,archive_artifact_requires_unpacking
/mydata/doc2validate/gold_benchmarks/scidata_selected_50_v1/s41597-024-03120-7/artifact/github/github_github.com__OpenDengue_master-repo/master-repo-main/data/releases/V1.0/Spatial_extract_V1_0.csv,s41597-024-03120-7,Unnamed: 0 | adm_0_name | adm_1_name | adm_2_name | full_name | ISO_A0 | FAO_GAUL_code | RNE_iso_code | calendar_start_date | calendar_end_date | Year | dengue_total | UUID | source_cat | S_res | T_res,,ambiguous,lf_005,spatial_extract,0.6,token_overlap_high,16.0,10.0,True,github_github.com__OpenDengue_master-repo/master-repo-main/data/releases/V1.0/Spatial_extract_V1_0.csv,.csv,tabular_preview_success
/mydata/doc2validate/gold_benchmarks/scidata_selected_50_v1/s41597-024-03120-7/artifact/github/github_github.com__OpenDengue_master-repo/master-repo-main/assets/metadata.json,s41597-024-03120-7,,Unsupported preview suffix: .json,ambiguous,lf_006,metadata_main_dataset,0.65,stem_contains,,,False,github_github.com__OpenDengue_master-repo/master-repo-main/assets/metadata.json,.json,structured_metadata_not_tabular
/mydata/doc2validate/gold_benchmarks/scidata_selected_50_v1/s41597-024-03120-7/artifact/github/github_github.com__OpenDengue_master-repo/master-repo-main/docs/data.qmd,s41597-024-03120-7,,Unsupported preview suffix: .qmd,ambiguous,lf_006,metadata_main_dataset,0.65,stem_contains,,,False,github_github.com__OpenDengue_master-repo/master-repo-main/docs/data.qmd,.qmd,code_or_notebook_artifact_not_tabular
/mydata/doc2validate/gold_benchmarks/scidata_selected_50_v1/s41597-024-03120-7/artifact/github/github_github.com__OpenDengue_master-repo/master-repo-main/docs/data.html,s41597-024-03120-7,,Unsupported preview suffix: .html,ambiguous,lf_006,metadata_main_dataset,0.65,stem_contains,,,False,github_github.com__OpenDengue_master-repo/master-repo-main/docs/data.html,.html,document_or_text_artifact_not_tabular
/mydata/doc2validate/gold_benchmarks/scidata_selected_50_v1/s41597-024-03120-7/artifact/github/github_github.com__OpenDengue_master-repo/master-repo-main/assets/metadata.json,s41597-024-03120-7,,Unsupported preview suffix: .json,ambiguous,lf_007,metadata_source_data,0.65,stem_contains,,,False,github_github.com__OpenDengue_master-repo/master-repo-main/assets/metadata.json,.json,structured_metadata_not_tabular
/mydata/doc2validate/gold_benchmarks/scidata_selected_50_v1/s41597-024-03120-7/artifact/github/github_github.com__OpenDengue_master-repo/master-repo-main/data/metadata/metadata_source.json,s41597-024-03120-7,,Unsupported preview suffix: .json,ambiguous,lf_007,metadata_source_data,0.65,stem_contains,,,False,github_github.com__OpenDengue_master-repo/master-repo-main/data/metadata/metadata_source.json,.json,structured_metadata_not_tabular
/mydata/doc2validate/gold_benchmarks/scidata_selected_50_v1/s41597-024-03120-7/artifact/github/github_github.com__OpenDengue_master-repo/master-repo-main/docs/data.qmd,s41597-024-03120-7,,Unsupported preview suffix: .qmd,ambiguous,lf_007,metadata_source_data,0.65,stem_contains,,,False,github_github.com__OpenDengue_master-repo/master-repo-main/docs/data.qmd,.qmd,code_or_notebook_artifact_not_tabular
/mydata/doc2validate/gold_benchmarks/scidata_selected_50_v1/s41597-024-03120-7/artifact/github/github_github.com__OpenDengue_master-repo/master-repo-main/docs/archived/contribute.Rmd,s41597-024-03120-7,,Unsupported preview suffix: .rmd,ambiguous,lf_008,processing_code,0.9,glob_pattern,,,False,github_github.com__OpenDengue_master-repo/master-repo-main/docs/archived/contribute.Rmd,.rmd,code_or_notebook_artifact_not_tabular
/mydata/doc2validate/gold_benchmarks/scidata_selected_50_v1/s41597-024-03120-7/artifact/github/github_github.com__OpenDengue_master-repo/master-repo-main/docs/archived/data.Rmd,s41597-024-03120-7,,Unsupported preview suffix: .rmd,ambiguous,lf_008,processing_code,0.9,glob_pattern,,,False,github_github.com__OpenDengue_master-repo/master-repo-main/docs/archived/data.Rmd,.rmd,code_or_notebook_artifact_not_tabular
/mydata/doc2validate/gold_benchmarks/scidata_selected_50_v1/s41597-024-03120-7/artifact/github/github_github.com__OpenDengue_master-repo/master-repo-main/docs/archived/index.Rmd,s41597-024-03120-7,,Unsupported preview suffix: .rmd,ambiguous,lf_008,processing_code,0.9,glob_pattern,,,False,github_github.com__OpenDengue_master-repo/master-repo-main/docs/archived/index.Rmd,.rmd,code_or_notebook_artifact_not_tabular
/mydata/doc2validate/gold_benchmarks/scidata_selected_50_v1/s41597-020-00676-y/artifact/github/github_github.com__mcarolinegraham_North_Pacific_Marine_Salmon_Diet_Database/North_Pacific_Marine_Salmon_Diet_Database-master/data/diet_data.csv,s41597-020-00676-y,predator_id | source_id | year_min | year_max | warm_cool_years | odd_even_years | season_min | season_max | month_min | month_max | date_min | date_max | time_min | time_max | lat_min | lat_max | lon_min | lon_max | predator_lowest_taxonomic_level | predator_life_stage | predator_life_stage_min | predator_life_stage_max | predator_freshwater_age | predator_freshwater_age_min | predator_freshwater_age_max | predator_ocean_age | predator_ocean_age_min | predator_ocean_age_max | predator_maturity | predator_maturity_min | predator_maturity_max | predator_length_value_cm | predator_length_min_cm | predator_length_max_cm | predator_weight_value_g | predator_weight_min_g | predator_weight_max_g | predator_subsample_id | predator_sex | hatchery_wild | predator_replicates | predator_notes | gear_type_predator_id1 | gear_type_predator_id2 | gear_type_predator_id3 | gear_type_predator_id4 | gear_type_predator_id5 | type_diet_data | diet_data_units | formula | prey_lowest_taxonomic_level | prey_kingdom | prey_phylum | prey_class | prey_order | prey_family | prey_genus | prey_species | value_diet_data | prey_sex | prey_life_stage | prey_life_stage_min | prey_life_stage_max | prey_length_value_mm | prey_length_min_mm | prey_length_max_mm | prey_weight_value_mg | prey_weight_min_mg | prey_weight_max_mg | prey_notes,,resolved,lf_001,Diet data,0.95,exact_basename,70.0,10.0,True,github_github.com__mcarolinegraham_North_Pacific_Marine_Salmon_Diet_Database/North_Pacific_Marine_Salmon_Diet_Database-master/data/diet_data.csv,.csv,tabular_preview_success
/mydata/doc2validate/gold_benchmarks/scidata_selected_50_v1/s41597-020-00676-y/artifact/github/github_github.com__mcarolinegraham_North_Pacific_Marine_Salmon_Diet_Database/North_Pacific_Marine_Salmon_Diet_Database-master/data/predator_biological_data.csv,s41597-020-00676-y,predator_id | source_id | year_min | year_max | warm_cool_years | odd_even_years | season_min | season_max | month_min | month_max | date_min | date_max | time_min | time_max | lat_min | lat_max | lon_min | lon_max | predator_lowest_taxonomic_level | predator_life_stage | predator_life_stage_min | predator_life_stage_max | predator_freshwater_age | predator_freshwater_age_min | predator_freshwater_age_max | predator_ocean_age | predator_ocean_age_min | predator_ocean_age_max | predator_maturity | predator_maturity_min | predator_maturity_max | predator_length_value_cm | predator_length_min_cm | predator_length_max_cm | predator_weight_value_g | predator_weight_min_g | predator_weight_max_g | predator_subsample_id | predator_sex | hatchery_wild | predator_replicates | predator_notes | gear_type_predator_id1 | gear_type_predator_id2 | gear_type_predator_id3 | gear_type_predator_id4 | gear_type_predator_id5 | biological_parameter | predator_bio_notes | value | mean | error | min | max | units,,resolved,lf_002,Predator biological data,0.95,exact_basename,55.0,10.0,True,github_github.com__mcarolinegraham_North_Pacific_Marine_Salmon_Diet_Database/North_Pacific_Marine_Salmon_Diet_Database-master/data/predator_biological_data.csv,.csv,tabular_preview_success
/mydata/doc2validate/gold_benchmarks/scidata_selected_50_v1/s41597-020-00676-y/artifact/github/github_github.com__mcarolinegraham_North_Pacific_Marine_Salmon_Diet_Database/North_Pacific_Marine_Salmon_Diet_Database-master/data/prey_biological_data.csv,s41597-020-00676-y,prey_id | predator_id | source_id | year_min | year_max | warm_cool_years | odd_even_years | season_min | season_max | month_min | month_max | date_min | date_max | time_min | time_max | lat_min | lat_max | lon_min | lon_max | predator_lowest_taxonomic_level | predator_life_stage | predator_life_stage_min | predator_life_stage_max | predator_freshwater_age | predator_freshwater_age_min | predator_freshwater_age_max | predator_ocean_age | predator_ocean_age_min | predator_ocean_age_max | predator_maturity | predator_maturity_min | predator_maturity_max | predator_length_value_cm | predator_length_min_cm | predator_length_max_cm | predator_weight_value_g | predator_weight_min_g | predator_weight_max_g | predator_subsample_id | predator_sex | hatchery_wild | predator_replicates | predator_notes | gear_type_predator_id1 | gear_type_predator_id2 | gear_type_predator_id3 | gear_type_predator_id4 | gear_type_predator_id5 | prey_lowest_taxonomic_level | prey_kingdom | prey_phylum | prey_class | prey_order | prey_family | prey_genus | prey_species | prey_life_stage | prey_life_stage_min | prey_life_stage_max | prey_length_value_mm | prey_length_min_mm | prey_length_max_mm | prey_weight_value_mg | prey_weight_min_mg | prey_weight_max_mg | prey_sex | prey_subsample_id | prey_replicates | prey_notes | gear_type_prey_id1 | gear_type_prey_id2 | gear_type_prey_id3 | gear_type_prey_id4 | gear_type_prey_id5 | biological_parameter | prey_bio_notes | value | mean | error | min | max | units,,resolved,lf_003,Prey biological data,0.95,exact_basename,82.0,10.0,True,github_github.com__mcarolinegraham_North_Pacific_Marine_Salmon_Diet_Database/North_Pacific_Marine_Salmon_Diet_Database-master/data/prey_biological_data.csv,.csv,tabular_preview_success
/mydata/doc2validate/gold_benchmarks/scidata_selected_50_v1/s41597-020-00676-y/artifact/github/github_github.com__mcarolinegraham_North_Pacific_Marine_Salmon_Diet_Database/North_Pacific_Marine_Salmon_Diet_Database-master/data/environmental_data.csv,s41597-020-00676-y,environmental_data_id | source_id | year_min | year_max | warm_cool_years | odd_even_years | season_min | season_max | month_min | month_max | date_min | date_max | time_min | time_max | lat_min | lat_max | lon_min | lon_max | environmental_data_type | measurement_depth | depth_units | environmental_subsample_id | environmental_notes | value | mean | error | min | max | environmental_units,,resolved,lf_004,Environmental data,0.95,exact_basename,29.0,10.0,True,github_github.com__mcarolinegraham_North_Pacific_Marine_Salmon_Diet_Database/North_Pacific_Marine_Salmon_Diet_Database-master/data/environmental_data.csv,.csv,tabular_preview_success
/mydata/doc2validate/gold_benchmarks/scidata_selected_50_v1/s41597-020-00676-y/artifact/github/github_github.com__mcarolinegraham_North_Pacific_Marine_Salmon_Diet_Database/North_Pacific_Marine_Salmon_Diet_Database-master/data/sources.csv,s41597-020-00676-y,source_id | publication_year | title | author1 | author2 | author3 | author4 | author5 | author6 | author7 | author8 | author9 | author10 | url | citation | source_notes | data_processing_notes | date_entered | entered_by,,resolved,lf_005,Sources,0.95,exact_basename,19.0,10.0,True,github_github.com__mcarolinegraham_North_Pacific_Marine_Salmon_Diet_Database/North_Pacific_Marine_Salmon_Diet_Database-master/data/sources.csv,.csv,tabular_preview_success
/mydata/doc2validate/gold_benchmarks/scidata_selected_50_v1/s41597-020-00676-y/artifact/github/github_github.com__mcarolinegraham_North_Pacific_Marine_Salmon_Diet_Database/North_Pacific_Marine_Salmon_Diet_Database-master/data/gear_type_predator.csv,s41597-020-00676-y,gear_type_predator_id | gear_type | gear_length_value | gear_length_min | gear_length_max | gear_length_units | gear_width_value | gear_width_min | gear_width_max | gear_width_units | gear_depth_value | gear_depth_min | gear_depth_max | gear_depth_units | mesh_size_value | mesh_size_min | mesh_size_max | mesh_size_units | fishing_depth_value | fishing_depth_min | fishing_depth_max | fishing_depth_units | tow_speed_value | tow_speed_min | tow_speed_max | tow_speed_units | duration_deployment_value | duration_deployment_min | duration_deployment_max | duration_deployment_units | gear_notes,,resolved,lf_006,Gear type predator,0.95,exact_basename,31.0,10.0,True,github_github.com__mcarolinegraham_North_Pacific_Marine_Salmon_Diet_Database/North_Pacific_Marine_Salmon_Diet_Database-master/data/gear_type_predator.csv,.csv,tabular_preview_success
/mydata/doc2validate/gold_benchmarks/scidata_selected_50_v1/s41597-020-00676-y/artifact/github/github_github.com__mcarolinegraham_North_Pacific_Marine_Salmon_Diet_Database/North_Pacific_Marine_Salmon_Diet_Database-master/data/gear_type_prey.csv,s41597-020-00676-y,gear_type_prey_id | gear_type | gear_length_value | gear_length_min | gear_length_max | gear_length_units | gear_width_value | gear_width_min | gear_width_max | gear_width_units | gear_depth_value | gear_depth_min | gear_depth_max | gear_depth_units | mesh_size_value | mesh_size_min | mesh_size_max | mesh_size_units | fishing_depth_value | fishing_depth_min | fishing_depth_max | fishing_depth_units | tow_speed_value | tow_speed_min | tow_speed_max | tow_speed_units | duration_deployment_value | duration_deployment_min | duration_deployment_max | duration_deployment_units | gear_notes,,resolved,lf_007,Gear type prey,0.95,exact_basename,31.0,1.0,True,github_github.com__mcarolinegraham_North_Pacific_Marine_Salmon_Diet_Database/North_Pacific_Marine_Salmon_Diet_Database-master/data/gear_type_prey.csv,.csv,tabular_preview_success
/mydata/doc2validate/gold_benchmarks/scidata_selected_50_v1/s41597-020-00676-y/artifact/github/github_github.com__mcarolinegraham_North_Pacific_Marine_Salmon_Diet_Database/North_Pacific_Marine_Salmon_Diet_Database-master/npmsdd/npmsdd_mysql_database_dump.zip,s41597-020-00676-y,,Unsupported preview suffix: .zip,weak_match,lf_008,MySQL database dump,0.65,stem_contains,,,False,github_github.com__mcarolinegraham_North_Pacific_Marine_Salmon_Diet_Database/North_Pacific_Marine_Salmon_Diet_Database-master/npmsdd/npmsdd_mysql_database_dump.zip,.zip,archive_artifact_requires_unpacking
/mydata/doc2validate/gold_benchmarks/scidata_selected_50_v1/s41597-020-00682-0/artifact/github/github_github.com__datadrivenenvirolab_ClimActor/ClimActor-master/data/contextuals.rda,s41597-020-00682-0,,Unsupported preview suffix: .rda,resolved,lf_001,contextuals,0.85,stem_match,,,False,github_github.com__datadrivenenvirolab_ClimActor/ClimActor-master/data/contextuals.rda,.rda,specialized_data_format_requires_loader
/mydata/doc2validate/gold_benchmarks/scidata_selected_50_v1/s41597-020-00682-0/artifact/github/github_github.com__datadrivenenvirolab_ClimActor/ClimActor-master/data/key_dict.rda,s41597-020-00682-0,,Unsupported preview suffix: .rda,resolved,lf_002,key_dict,0.85,stem_match,,,False,github_github.com__datadrivenenvirolab_ClimActor/ClimActor-master/data/key_dict.rda,.rda,specialized_data_format_requires_loader
/mydata/doc2validate/gold_benchmarks/scidata_selected_50_v1/s41597-020-00682-0/artifact/github/github_github.com__datadrivenenvirolab_ClimActor/ClimActor-master/data/country_dict.rda,s41597-020-00682-0,,Unsupported preview suffix: .rda,resolved,lf_003,country_dict,0.85,stem_match,,,False,github_github.com__datadrivenenvirolab_ClimActor/ClimActor-master/data/country_dict.rda,.rda,specialized_data_format_requires_loader
/mydata/doc2validate/gold_benchmarks/scidata_selected_50_v1/s41597-020-00682-0/artifact/github/github_github.com__datadrivenenvirolab_ClimActor/ClimActor-master/R/data.R,s41597-020-00682-0,,Unsupported preview suffix: .r,weak_match,lf_004,participation_data,0.6,token_overlap_high,,,False,github_github.com__datadrivenenvirolab_ClimActor/ClimActor-master/R/data.R,.r,code_or_notebook_artifact_not_tabular
/mydata/doc2validate/gold_benchmarks/scidata_selected_50_v1/s41597-020-00682-0/artifact/github/github_github.com__datadrivenenvirolab_ClimActor/ClimActor-master/R/data.R,s41597-020-00682-0,,Unsupported preview suffix: .r,weak_match,lf_005,geolocation_data,0.6,token_overlap_high,,,False,github_github.com__datadrivenenvirolab_ClimActor/ClimActor-master/R/data.R,.r,code_or_notebook_artifact_not_tabular
/mydata/doc2validate/gold_benchmarks/scidata_selected_50_v1/s41597-020-00682-0/artifact/github/github_github.com__datadrivenenvirolab_ClimActor/ClimActor-master/vignettes/climactor_vignette_v100.Rmd,s41597-020-00682-0,,Unsupported preview suffix: .rmd,weak_match,lf_007,vignette_workflow,0.65,stem_contains,,,False,github_github.com__datadrivenenvirolab_ClimActor/ClimActor-master/vignettes/climactor_vignette_v100.Rmd,.rmd,code_or_notebook_artifact_not_tabular
/mydata/doc2validate/gold_benchmarks/scidata_selected_50_v1/s41597-021-00844-8/artifact/figshare/dataset_EN.csv,s41597-021-00844-8,,'utf-8' codec can't decode byte 0xb2 in position 601: invalid start byte,resolved,lf_001,primary_line_list_data,1.0,exact_relative_path,,,False,dataset_EN.csv,.csv,csv_encoding_error
/mydata/doc2validate/gold_benchmarks/scidata_selected_50_v1/s41597-021-00844-8/artifact/figshare/data_sources.csv,s41597-021-00844-8,,'utf-8' codec can't decode byte 0xb8 in position 100: invalid start byte,resolved,lf_002,data_sources_metadata,1.0,exact_relative_path,,,False,data_sources.csv,.csv,csv_encoding_error
/mydata/doc2validate/gold_benchmarks/scidata_selected_50_v1/s41597-021-00844-8/artifact/figshare/reasons_for_missing_data.csv,s41597-021-00844-8,,'utf-8' codec can't decode byte 0xa3 in position 1385: invalid start byte,resolved,lf_003,missing_data_reasons,1.0,exact_relative_path,,,False,reasons_for_missing_data.csv,.csv,csv_encoding_error
/mydata/doc2validate/gold_benchmarks/scidata_selected_50_v1/s41597-021-00844-8/artifact/figshare/dataset_EN.csv,s41597-021-00844-8,,'utf-8' codec can't decode byte 0xb2 in position 601: invalid start byte,resolved,lf_004,original_text_corpus,1.0,exact_relative_path,,,False,dataset_EN.csv,.csv,csv_encoding_error
/mydata/doc2validate/gold_benchmarks/scidata_selected_50_v1/s41597-022-01850-0/artifact/github/github_github.com__sysuits_City-Scale-Holographic-Traffic-Flow-Data-based-on-Vehicular-Trajectory-Resampling/City-Scale-Holographic-Traffic-Flow-Data-based-on-Vehicular-Trajectory-Resampling-master/data/lpr_data.csv,s41597-022-01850-0,up_rd	up_time	dn_rd	dn_time,,resolved,lf_001,Short-term anonymized LPR data,0.85,stem_match,1.0,0.0,True,github_github.com__sysuits_City-Scale-Holographic-Traffic-Flow-Data-based-on-Vehicular-Trajectory-Resampling/City-Scale-Holographic-Traffic-Flow-Data-based-on-Vehicular-Trajectory-Resampling-master/data/lpr_data.csv,.csv,tabular_preview_success
/mydata/doc2validate/gold_benchmarks/scidata_selected_50_v1/s41597-022-01850-0/artifact/github/github_github.com__sysuits_City-Scale-Holographic-Traffic-Flow-Data-based-on-Vehicular-Trajectory-Resampling/City-Scale-Holographic-Traffic-Flow-Data-based-on-Vehicular-Trajectory-Resampling-master/traj/network.py,s41597-022-01850-0,,Unsupported preview suffix: .py,weak_match,lf_004,Road network data,0.65,stem_contains,,,False,github_github.com__sysuits_City-Scale-Holographic-Traffic-Flow-Data-based-on-Vehicular-Trajectory-Resampling/City-Scale-Holographic-Traffic-Flow-Data-based-on-Vehicular-Trajectory-Resampling-master/traj/network.py,.py,code_or_notebook_artifact_not_tabular
/mydata/doc2validate/gold_benchmarks/scidata_selected_50_v1/s41597-022-01850-0/artifact/github/github_github.com__sysuits_City-Scale-Holographic-Traffic-Flow-Data-based-on-Vehicular-Trajectory-Resampling/City-Scale-Holographic-Traffic-Flow-Data-based-on-Vehicular-Trajectory-Resampling-master/traj/network.py,s41597-022-01850-0,,Unsupported preview suffix: .py,ambiguous,lf_007,Reconstruction code,0.9,glob_pattern,,,False,github_github.com__sysuits_City-Scale-Holographic-Traffic-Flow-Data-based-on-Vehicular-Trajectory-Resampling/City-Scale-Holographic-Traffic-Flow-Data-based-on-Vehicular-Trajectory-Resampling-master/traj/network.py,.py,code_or_notebook_artifact_not_tabular
/mydata/doc2validate/gold_benchmarks/scidata_selected_50_v1/s41597-022-01850-0/artifact/github/github_github.com__sysuits_City-Scale-Holographic-Traffic-Flow-Data-based-on-Vehicular-Trajectory-Resampling/City-Scale-Holographic-Traffic-Flow-Data-based-on-Vehicular-Trajectory-Resampling-master/traj/trip_infer.py,s41597-022-01850-0,,Unsupported preview suffix: .py,ambiguous,lf_007,Reconstruction code,0.9,glob_pattern,,,False,github_github.com__sysuits_City-Scale-Holographic-Traffic-Flow-Data-based-on-Vehicular-Trajectory-Resampling/City-Scale-Holographic-Traffic-Flow-Data-based-on-Vehicular-Trajectory-Resampling-master/traj/trip_infer.py,.py,code_or_notebook_artifact_not_tabular
/mydata/doc2validate/gold_benchmarks/scidata_selected_50_v1/s41597-022-01850-0/artifact/github/github_github.com__sysuits_City-Scale-Holographic-Traffic-Flow-Data-based-on-Vehicular-Trajectory-Resampling/City-Scale-Holographic-Traffic-Flow-Data-based-on-Vehicular-Trajectory-Resampling-master/demo_instructions.ipynb,s41597-022-01850-0,,Unsupported preview suffix: .ipynb,resolved,lf_008,Data processing notebooks,0.9,glob_pattern,,,False,github_github.com__sysuits_City-Scale-Holographic-Traffic-Flow-Data-based-on-Vehicular-Trajectory-Resampling/City-Scale-Holographic-Traffic-Flow-Data-based-on-Vehicular-Trajectory-Resampling-master/demo_instructions.ipynb,.ipynb,code_or_notebook_artifact_not_tabular
/mydata/doc2validate/gold_benchmarks/scidata_selected_50_v1/s41597-020-00609-9/artifact/github/github_github.com__amel-github_covid19-interventionmeasures/covid19-interventionmeasures-master/COVID19_non-pharmaceutical-interventions_version2_utf8.csv,s41597-020-00609-9,,'utf-8' codec can't decode byte 0x93 in position 1702: invalid start byte,resolved,lf_001,primary_interventions_data,0.95,exact_basename,,,False,github_github.com__amel-github_covid19-interventionmeasures/covid19-interventionmeasures-master/COVID19_non-pharmaceutical-interventions_version2_utf8.csv,.csv,csv_encoding_error
/mydata/doc2validate/gold_benchmarks/scidata_selected_50_v1/s41597-020-00609-9/artifact/github/github_github.com__amel-github_covid19-interventionmeasures/covid19-interventionmeasures-master/Master_list_CCCSL_v2_ordered.csv,s41597-020-00609-9,,'utf-8' codec can't decode byte 0xa0 in position 28421: invalid start byte,resolved,lf_002,master_list_of_codes,0.95,exact_basename,,,False,github_github.com__amel-github_covid19-interventionmeasures/covid19-interventionmeasures-master/Master_list_CCCSL_v2_ordered.csv,.csv,csv_encoding_error
/mydata/doc2validate/gold_benchmarks/scidata_selected_50_v1/s41597-020-00609-9/artifact/github/github_github.com__amel-github_covid19-interventionmeasures/covid19-interventionmeasures-master/Master-List-with-Unique-LinkType-and-value.csv,s41597-020-00609-9,,'utf-8' codec can't decode byte 0xa0 in position 6157: invalid start byte,resolved,lf_003,code_hierarchy_with_frequency,0.95,exact_basename,,,False,github_github.com__amel-github_covid19-interventionmeasures/covid19-interventionmeasures-master/Master-List-with-Unique-LinkType-and-value.csv,.csv,csv_encoding_error
/mydata/doc2validate/gold_benchmarks/scidata_selected_50_v1/s41597-020-00609-9/artifact/github/github_github.com__amel-github_covid19-interventionmeasures/covid19-interventionmeasures-master/COVID19_non-pharmaceutical-interventions_version2_utf8.csv,s41597-020-00609-9,,'utf-8' codec can't decode byte 0x93 in position 1702: invalid start byte,ambiguous,lf_004,static_dataset_snapshot,0.65,stem_contains,,,False,github_github.com__amel-github_covid19-interventionmeasures/covid19-interventionmeasures-master/COVID19_non-pharmaceutical-interventions_version2_utf8.csv,.csv,csv_encoding_error
/mydata/doc2validate/gold_benchmarks/scidata_selected_50_v1/s41597-020-00609-9/artifact/github/github_github.com__amel-github_covid19-interventionmeasures/covid19-interventionmeasures-master/Version1/COVID19_non-pharmaceutical-interventions.csv,s41597-020-00609-9,,'utf-8' codec can't decode byte 0xe9 in position 62030: invalid continuation byte,ambiguous,lf_004,static_dataset_snapshot,0.65,stem_contains,,,False,github_github.com__amel-github_covid19-interventionmeasures/covid19-interventionmeasures-master/Version1/COVID19_non-pharmaceutical-interventions.csv,.csv,csv_encoding_error
/mydata/doc2validate/gold_benchmarks/scidata_selected_50_v1/s41597-020-00609-9/artifact/github/github_github.com__amel-github_covid19-interventionmeasures/covid19-interventionmeasures-master/CCCSL_Glossary of codes.docx,s41597-020-00609-9,,Unsupported preview suffix: .docx,weak_match,lf_005,glossary_of_codes,0.65,stem_contains,,,False,github_github.com__amel-github_covid19-interventionmeasures/covid19-interventionmeasures-master/CCCSL_Glossary of codes.docx,.docx,document_or_text_artifact_not_tabular
/mydata/doc2validate/gold_benchmarks/scidata_selected_50_v1/s41597-020-00609-9/artifact/github/github_github.com__amel-github_covid19-interventionmeasures/covid19-interventionmeasures-master/Description_changes_v2_20201216.pdf,s41597-020-00609-9,,Unsupported preview suffix: .pdf,ambiguous,lf_006,r_analysis_codebase,0.65,stem_contains,,,False,github_github.com__amel-github_covid19-interventionmeasures/covid19-interventionmeasures-master/Description_changes_v2_20201216.pdf,.pdf,document_or_text_artifact_not_tabular
/mydata/doc2validate/gold_benchmarks/scidata_selected_50_v1/s41597-020-00609-9/artifact/github/github_github.com__amel-github_covid19-interventionmeasures/covid19-interventionmeasures-master/CCCSL_Glossary of codes.docx,s41597-020-00609-9,,Unsupported preview suffix: .docx,ambiguous,lf_006,r_analysis_codebase,0.65,stem_contains,,,False,github_github.com__amel-github_covid19-interventionmeasures/covid19-interventionmeasures-master/CCCSL_Glossary of codes.docx,.docx,document_or_text_artifact_not_tabular
/mydata/doc2validate/gold_benchmarks/scidata_selected_50_v1/s41597-020-00609-9/artifact/github/github_github.com__amel-github_covid19-interventionmeasures/covid19-interventionmeasures-master/Master-List-with-Unique-LinkType-and-value.csv,s41597-020-00609-9,,'utf-8' codec can't decode byte 0xa0 in position 6157: invalid start byte,ambiguous,lf_006,r_analysis_codebase,0.65,stem_contains,,,False,github_github.com__amel-github_covid19-interventionmeasures/covid19-interventionmeasures-master/Master-List-with-Unique-LinkType-and-value.csv,.csv,csv_encoding_error
/mydata/doc2validate/gold_benchmarks/scidata_selected_50_v1/s41597-023-01947-0/artifact/github/github_github.com__jaeyk_validated_names/validated_names-main/services/names.csv,s41597-023-01947-0,Hong Chen,,ambiguous,lf_001,study_1_names,0.65,stem_contains,1.0,10.0,True,github_github.com__jaeyk_validated_names/validated_names-main/services/names.csv,.csv,tabular_preview_success
/mydata/doc2validate/gold_benchmarks/scidata_selected_50_v1/s41597-023-01947-0/artifact/github/github_github.com__jaeyk_validated_names/validated_names-main/services/names.php,s41597-023-01947-0,,Unsupported preview suffix: .php,ambiguous,lf_001,study_1_names,0.65,stem_contains,,,False,github_github.com__jaeyk_validated_names/validated_names-main/services/names.php,.php,code_or_notebook_artifact_not_tabular
/mydata/doc2validate/gold_benchmarks/scidata_selected_50_v1/s41597-023-01947-0/artifact/github/github_github.com__jaeyk_validated_names/validated_names-main/data/names.csv,s41597-023-01947-0,first | last | identity | name,,ambiguous,lf_001,study_1_names,0.65,stem_contains,4.0,10.0,True,github_github.com__jaeyk_validated_names/validated_names-main/data/names.csv,.csv,tabular_preview_success
/mydata/doc2validate/gold_benchmarks/scidata_selected_50_v1/s41597-023-01947-0/artifact/github/github_github.com__jaeyk_validated_names/validated_names-main/services/names.csv,s41597-023-01947-0,Hong Chen,,ambiguous,lf_002,study_2_names,0.65,stem_contains,1.0,10.0,True,github_github.com__jaeyk_validated_names/validated_names-main/services/names.csv,.csv,tabular_preview_success
/mydata/doc2validate/gold_benchmarks/scidata_selected_50_v1/s41597-023-01947-0/artifact/github/github_github.com__jaeyk_validated_names/validated_names-main/services/names.php,s41597-023-01947-0,,Unsupported preview suffix: .php,ambiguous,lf_002,study_2_names,0.65,stem_contains,,,False,github_github.com__jaeyk_validated_names/validated_names-main/services/names.php,.php,code_or_notebook_artifact_not_tabular
/mydata/doc2validate/gold_benchmarks/scidata_selected_50_v1/s41597-023-01947-0/artifact/github/github_github.com__jaeyk_validated_names/validated_names-main/data/names.csv,s41597-023-01947-0,first | last | identity | name,,ambiguous,lf_002,study_2_names,0.65,stem_contains,4.0,10.0,True,github_github.com__jaeyk_validated_names/validated_names-main/data/names.csv,.csv,tabular_preview_success
/mydata/doc2validate/gold_benchmarks/scidata_selected_50_v1/s41597-023-01947-0/artifact/github/github_github.com__jaeyk_validated_names/validated_names-main/services/names.csv,s41597-023-01947-0,Hong Chen,,ambiguous,lf_003,study_3_names,0.65,stem_contains,1.0,10.0,True,github_github.com__jaeyk_validated_names/validated_names-main/services/names.csv,.csv,tabular_preview_success
/mydata/doc2validate/gold_benchmarks/scidata_selected_50_v1/s41597-023-01947-0/artifact/github/github_github.com__jaeyk_validated_names/validated_names-main/services/names.php,s41597-023-01947-0,,Unsupported preview suffix: .php,ambiguous,lf_003,study_3_names,0.65,stem_contains,,,False,github_github.com__jaeyk_validated_names/validated_names-main/services/names.php,.php,code_or_notebook_artifact_not_tabular
/mydata/doc2validate/gold_benchmarks/scidata_selected_50_v1/s41597-023-01947-0/artifact/github/github_github.com__jaeyk_validated_names/validated_names-main/data/names.csv,s41597-023-01947-0,first | last | identity | name,,ambiguous,lf_003,study_3_names,0.65,stem_contains,4.0,10.0,True,github_github.com__jaeyk_validated_names/validated_names-main/data/names.csv,.csv,tabular_preview_success
/mydata/doc2validate/gold_benchmarks/scidata_selected_50_v1/s41597-023-01947-0/artifact/github/github_github.com__jaeyk_validated_names/validated_names-main/services/names.csv,s41597-023-01947-0,Hong Chen,,ambiguous,lf_004,names,0.65,stem_contains,1.0,10.0,True,github_github.com__jaeyk_validated_names/validated_names-main/services/names.csv,.csv,tabular_preview_success
/mydata/doc2validate/gold_benchmarks/scidata_selected_50_v1/s41597-023-01947-0/artifact/github/github_github.com__jaeyk_validated_names/validated_names-main/services/names.php,s41597-023-01947-0,,Unsupported preview suffix: .php,ambiguous,lf_004,names,0.65,stem_contains,,,False,github_github.com__jaeyk_validated_names/validated_names-main/services/names.php,.php,code_or_notebook_artifact_not_tabular
/mydata/doc2validate/gold_benchmarks/scidata_selected_50_v1/s41597-023-01947-0/artifact/github/github_github.com__jaeyk_validated_names/validated_names-main/data/names.csv,s41597-023-01947-0,first | last | identity | name,,ambiguous,lf_004,names,0.65,stem_contains,4.0,10.0,True,github_github.com__jaeyk_validated_names/validated_names-main/data/names.csv,.csv,tabular_preview_success
/mydata/doc2validate/gold_benchmarks/scidata_selected_50_v1/s41597-023-01947-0/artifact/github/github_github.com__jaeyk_validated_names/validated_names-main/data_outputs/study123.csv,s41597-023-01947-0,id | name | first | last | w.asian | identity | race | specific.race | citizen | education | education.ord | income | income.ord | correct | satisficing | study | res.age | res.male | res.income | res.edu | res.citizenship | res.race,,ambiguous,lf_005,combined_study_data,0.65,stem_contains,22.0,10.0,True,github_github.com__jaeyk_validated_names/validated_names-main/data_outputs/study123.csv,.csv,tabular_preview_success
/mydata/doc2validate/gold_benchmarks/scidata_selected_50_v1/s41597-023-01947-0/artifact/github/github_github.com__jaeyk_validated_names/validated_names-main/data_outputs/study123.rda,s41597-023-01947-0,,Unsupported preview suffix: .rda,ambiguous,lf_005,combined_study_data,0.65,stem_contains,,,False,github_github.com__jaeyk_validated_names/validated_names-main/data_outputs/study123.rda,.rda,specialized_data_format_requires_loader
/mydata/doc2validate/gold_benchmarks/scidata_selected_50_v1/s41597-023-01947-0/artifact/github/github_github.com__jaeyk_validated_names/validated_names-main/data_outputs/study123.rds,s41597-023-01947-0,,Unsupported preview suffix: .rds,ambiguous,lf_005,combined_study_data,0.65,stem_contains,,,False,github_github.com__jaeyk_validated_names/validated_names-main/data_outputs/study123.rds,.rds,specialized_data_format_requires_loader
/mydata/doc2validate/gold_benchmarks/scidata_selected_50_v1/s41597-023-02310-z/artifact/osf/study-1-names.csv,s41597-023-02310-z,Unnamed: 0 | id | name | first | last | w.asian | identity | race | specific.race | citizen | education | education.ord | income | income.ord | correct | satisficing,,ambiguous,lf_002,Phytoplankton Group IOPs,0.9,glob_pattern,16.0,10.0,True,study-1-names.csv,.csv,tabular_preview_success
/mydata/doc2validate/gold_benchmarks/scidata_selected_50_v1/s41597-023-02310-z/artifact/osf/names.csv,s41597-023-02310-z,Unnamed: 0 | name | first | last | w.asian | identity | mean.correct | sd.correct,,ambiguous,lf_002,Phytoplankton Group IOPs,0.9,glob_pattern,8.0,10.0,True,names.csv,.csv,tabular_preview_success
/mydata/doc2validate/gold_benchmarks/scidata_selected_50_v1/s41597-023-02310-z/artifact/osf/study123.csv,s41597-023-02310-z,id | name | first | last | w.asian | identity | race | specific.race | citizen | education | education.ord | income | income.ord | correct | satisficing | study | res.age | res.male | res.income | res.edu | res.citizenship | res.race,,ambiguous,lf_002,Phytoplankton Group IOPs,0.9,glob_pattern,22.0,10.0,True,study123.csv,.csv,tabular_preview_success
/mydata/doc2validate/gold_benchmarks/scidata_selected_50_v1/s41597-020-0455-1/artifact/github/github_github.com__USEPA_CompTox-PK-CvTdb/CompTox-PK-CvTdb-master/archive/v1.1.0/cvt_db_20210607.sql,s41597-020-0455-1,,Unsupported preview suffix: .sql,ambiguous,lf_001,CvT_database_dump,0.65,stem_contains,,,False,github_github.com__USEPA_CompTox-PK-CvTdb/CompTox-PK-CvTdb-master/archive/v1.1.0/cvt_db_20210607.sql,.sql,specialized_data_format_requires_loader
/mydata/doc2validate/gold_benchmarks/scidata_selected_50_v1/s41597-020-0455-1/artifact/github/github_github.com__USEPA_CompTox-PK-CvTdb/CompTox-PK-CvTdb-master/archive/v1.1.0/cvt_db_20210607.sqlite,s41597-020-0455-1,,Unsupported preview suffix: .sqlite,ambiguous,lf_001,CvT_database_dump,0.65,stem_contains,,,False,github_github.com__USEPA_CompTox-PK-CvTdb/CompTox-PK-CvTdb-master/archive/v1.1.0/cvt_db_20210607.sqlite,.sqlite,specialized_data_format_requires_loader
/mydata/doc2validate/gold_benchmarks/scidata_selected_50_v1/s41597-020-0455-1/artifact/github/github_github.com__USEPA_CompTox-PK-CvTdb/CompTox-PK-CvTdb-master/archive/template_forms/CvT_data_template_articles.xlsx,s41597-020-0455-1,id | pmid | doi | first_author | year | title,,ambiguous,lf_002,CvT_time_series_data,0.45,token_overlap_low,6.0,0.0,True,github_github.com__USEPA_CompTox-PK-CvTdb/CompTox-PK-CvTdb-master/archive/template_forms/CvT_data_template_articles.xlsx,.xlsx,tabular_preview_success
/mydata/doc2validate/gold_benchmarks/scidata_selected_50_v1/s41597-020-0455-1/artifact/github/github_github.com__USEPA_CompTox-PK-CvTdb/CompTox-PK-CvTdb-master/archive/template_forms/CvT_data_template_generic.xlsx,s41597-020-0455-1,id | analyte_name | figure_name | figure_series_identifier | author_comment | time_units_original | conc_units_original | loq | loq_units | analytical_method_detail | n_subjects_in_series | fk_subject_id | conc_medium_original | conc_medium_normalized | curator_comments | fk_study_id | radiolabeled | analyte_dtxsid | analyte_casrn,,ambiguous,lf_002,CvT_time_series_data,0.45,token_overlap_low,19.0,0.0,True,github_github.com__USEPA_CompTox-PK-CvTdb/CompTox-PK-CvTdb-master/archive/template_forms/CvT_data_template_generic.xlsx,.xlsx,tabular_preview_success
/mydata/doc2validate/gold_benchmarks/scidata_selected_50_v1/s41597-020-0455-1/artifact/github/github_github.com__USEPA_CompTox-PK-CvTdb/CompTox-PK-CvTdb-master/archive/CvT_unextracted_sources.zip,s41597-020-0455-1,,Unsupported preview suffix: .zip,resolved,lf_005,unextracted_sources_list,0.85,stem_match,,,False,github_github.com__USEPA_CompTox-PK-CvTdb/CompTox-PK-CvTdb-master/archive/CvT_unextracted_sources.zip,.zip,archive_artifact_requires_unpacking
/mydata/doc2validate/gold_benchmarks/scidata_selected_50_v1/s41597-020-0455-1/artifact/github/github_github.com__USEPA_CompTox-PK-CvTdb/CompTox-PK-CvTdb-master/archive/template_forms/CvT_data_template_articles.xlsx,s41597-020-0455-1,id | pmid | doi | first_author | year | title,,ambiguous,lf_006,study_metadata_template,0.65,stem_contains,6.0,0.0,True,github_github.com__USEPA_CompTox-PK-CvTdb/CompTox-PK-CvTdb-master/archive/template_forms/CvT_data_template_articles.xlsx,.xlsx,tabular_preview_success
/mydata/doc2validate/gold_benchmarks/scidata_selected_50_v1/s41597-020-0455-1/artifact/github/github_github.com__USEPA_CompTox-PK-CvTdb/CompTox-PK-CvTdb-master/archive/template_forms/CvT_data_template_generic.xlsx,s41597-020-0455-1,id | analyte_name | figure_name | figure_series_identifier | author_comment | time_units_original | conc_units_original | loq | loq_units | analytical_method_detail | n_subjects_in_series | fk_subject_id | conc_medium_original | conc_medium_normalized | curator_comments | fk_study_id | radiolabeled | analyte_dtxsid | analyte_casrn,,ambiguous,lf_006,study_metadata_template,0.65,stem_contains,19.0,0.0,True,github_github.com__USEPA_CompTox-PK-CvTdb/CompTox-PK-CvTdb-master/archive/template_forms/CvT_data_template_generic.xlsx,.xlsx,tabular_preview_success
/mydata/doc2validate/gold_benchmarks/scidata_selected_50_v1/s41597-020-0455-1/artifact/github/github_github.com__USEPA_CompTox-PK-CvTdb/CompTox-PK-CvTdb-master/archive/routes_and_species_per_chemical.csv,s41597-020-0455-1,PREFERRED_NAME | CASRN | test_substance_DTXSID | dermal | inhalation | iv | oral | rat | Mouse | human,,resolved,lf_008,routes_and_species_summary,0.95,exact_basename,10.0,10.0,True,github_github.com__USEPA_CompTox-PK-CvTdb/CompTox-PK-CvTdb-master/archive/routes_and_species_per_chemical.csv,.csv,tabular_preview_success
/mydata/doc2validate/gold_benchmarks/scidata_selected_50_v1/s41597-020-00610-2/artifact/github/github_github.com__HopkinsIDD_hit-covid/hit-covid-master/data/hit-covid-longdata.csv,s41597-020-00610-2,unique_id | record_id | update | entry_time | national_entry | country | country_name | admin1 | admin1_name | locality | usa_county | usa_county_code | intervention_group | intervention_name | date_of_update | status | status_simp | subpopulation | required | reduced_capacity | symp_screening | enforcement | size | duration | testing_population | details | url | source_document_url | entry_quality,,resolved,lf_001,main_intervention_data,0.95,exact_basename,29.0,10.0,True,github_github.com__HopkinsIDD_hit-covid/hit-covid-master/data/hit-covid-longdata.csv,.csv,tabular_preview_success
/mydata/doc2validate/gold_benchmarks/scidata_selected_50_v1/s41597-020-00610-2/artifact/github/github_github.com__HopkinsIDD_hit-covid/hit-covid-master/data/hit-covid-completeness.csv,s41597-020-00610-2,country | admin1 | usa_county_data | intervention_group | date | completeness,,resolved,lf_002,completeness_assessment_data,0.95,exact_basename,6.0,10.0,True,github_github.com__HopkinsIDD_hit-covid/hit-covid-master/data/hit-covid-completeness.csv,.csv,tabular_preview_success
/mydata/doc2validate/gold_benchmarks/scidata_selected_50_v1/s41597-020-00610-2/artifact/github/github_github.com__HopkinsIDD_hit-covid/hit-covid-master/documentation/codebook_2020-06-04.pdf,s41597-020-00610-2,,Unsupported preview suffix: .pdf,ambiguous,lf_004,codebook,0.65,stem_contains,,,False,github_github.com__HopkinsIDD_hit-covid/hit-covid-master/documentation/codebook_2020-06-04.pdf,.pdf,document_or_text_artifact_not_tabular
/mydata/doc2validate/gold_benchmarks/scidata_selected_50_v1/s41597-020-00610-2/artifact/github/github_github.com__HopkinsIDD_hit-covid/hit-covid-master/documentation/codebook_2020-05-11.pdf,s41597-020-00610-2,,Unsupported preview suffix: .pdf,ambiguous,lf_004,codebook,0.65,stem_contains,,,False,github_github.com__HopkinsIDD_hit-covid/hit-covid-master/documentation/codebook_2020-05-11.pdf,.pdf,document_or_text_artifact_not_tabular
/mydata/doc2validate/gold_benchmarks/scidata_selected_50_v1/s41597-020-00610-2/artifact/github/github_github.com__HopkinsIDD_hit-covid/hit-covid-master/documentation/codebook_2020-04-21.pdf,s41597-020-00610-2,,Unsupported preview suffix: .pdf,ambiguous,lf_004,codebook,0.65,stem_contains,,,False,github_github.com__HopkinsIDD_hit-covid/hit-covid-master/documentation/codebook_2020-04-21.pdf,.pdf,document_or_text_artifact_not_tabular
/mydata/doc2validate/gold_benchmarks/scidata_selected_50_v1/s41597-020-00712-x/artifact/github/github_github.com__buds-lab_building-data-genome-project-2/building-data-genome-project-2-master/data/metadata/metadata.csv,s41597-020-00712-x,version https://git-lfs.github.com/spec/v1,,resolved,lf_001,building_metadata,0.95,exact_basename,1.0,2.0,True,github_github.com__buds-lab_building-data-genome-project-2/building-data-genome-project-2-master/data/metadata/metadata.csv,.csv,tabular_preview_success
/mydata/doc2validate/gold_benchmarks/scidata_selected_50_v1/s41597-020-00712-x/artifact/github/github_github.com__buds-lab_building-data-genome-project-2/building-data-genome-project-2-master/data/weather/weather.csv,s41597-020-00712-x,version https://git-lfs.github.com/spec/v1,,resolved,lf_002,weather_data,0.95,exact_basename,1.0,2.0,True,github_github.com__buds-lab_building-data-genome-project-2/building-data-genome-project-2-master/data/weather/weather.csv,.csv,tabular_preview_success
/mydata/doc2validate/gold_benchmarks/scidata_selected_50_v1/s41597-020-00712-x/artifact/github/github_github.com__buds-lab_building-data-genome-project-2/building-data-genome-project-2-master/data/meters/raw/electricity.csv,s41597-020-00712-x,version https://git-lfs.github.com/spec/v1,,resolved,lf_003,raw_meter_data_electricity,0.95,exact_basename,1.0,2.0,True,github_github.com__buds-lab_building-data-genome-project-2/building-data-genome-project-2-master/data/meters/raw/electricity.csv,.csv,tabular_preview_success
/mydata/doc2validate/gold_benchmarks/scidata_selected_50_v1/s41597-020-00712-x/artifact/github/github_github.com__buds-lab_building-data-genome-project-2/building-data-genome-project-2-master/data/meters/raw/gas.csv,s41597-020-00712-x,version https://git-lfs.github.com/spec/v1,,resolved,lf_004,raw_meter_data_gas,0.95,exact_basename,1.0,2.0,True,github_github.com__buds-lab_building-data-genome-project-2/building-data-genome-project-2-master/data/meters/raw/gas.csv,.csv,tabular_preview_success
/mydata/doc2validate/gold_benchmarks/scidata_selected_50_v1/s41597-020-00712-x/artifact/github/github_github.com__buds-lab_building-data-genome-project-2/building-data-genome-project-2-master/data/meters/raw/water.csv,s41597-020-00712-x,version https://git-lfs.github.com/spec/v1,,resolved,lf_005,raw_meter_data_water,0.95,exact_basename,1.0,2.0,True,github_github.com__buds-lab_building-data-genome-project-2/building-data-genome-project-2-master/data/meters/raw/water.csv,.csv,tabular_preview_success
/mydata/doc2validate/gold_benchmarks/scidata_selected_50_v1/s41597-020-00712-x/artifact/github/github_github.com__buds-lab_building-data-genome-project-2/building-data-genome-project-2-master/data/weather/weather.csv,s41597-020-00712-x,version https://git-lfs.github.com/spec/v1,,ambiguous,lf_006,cleaned_meter_data,0.9,glob_pattern,1.0,2.0,True,github_github.com__buds-lab_building-data-genome-project-2/building-data-genome-project-2-master/data/weather/weather.csv,.csv,tabular_preview_success
/mydata/doc2validate/gold_benchmarks/scidata_selected_50_v1/s41597-020-00712-x/artifact/github/github_github.com__buds-lab_building-data-genome-project-2/building-data-genome-project-2-master/data/metadata/metadata.csv,s41597-020-00712-x,version https://git-lfs.github.com/spec/v1,,ambiguous,lf_006,cleaned_meter_data,0.9,glob_pattern,1.0,2.0,True,github_github.com__buds-lab_building-data-genome-project-2/building-data-genome-project-2-master/data/metadata/metadata.csv,.csv,tabular_preview_success
/mydata/doc2validate/gold_benchmarks/scidata_selected_50_v1/s41597-020-00712-x/artifact/github/github_github.com__buds-lab_building-data-genome-project-2/building-data-genome-project-2-master/data/meters/raw/electricity.csv,s41597-020-00712-x,version https://git-lfs.github.com/spec/v1,,ambiguous,lf_006,cleaned_meter_data,0.9,glob_pattern,1.0,2.0,True,github_github.com__buds-lab_building-data-genome-project-2/building-data-genome-project-2-master/data/meters/raw/electricity.csv,.csv,tabular_preview_success
/mydata/doc2validate/gold_benchmarks/scidata_selected_50_v1/s41597-020-00712-x/artifact/github/github_github.com__buds-lab_building-data-genome-project-2/building-data-genome-project-2-master/data/meters/kaggle/kaggle.csv,s41597-020-00712-x,version https://git-lfs.github.com/spec/v1,,resolved,lf_007,kaggle_meter_data,0.95,exact_basename,1.0,2.0,True,github_github.com__buds-lab_building-data-genome-project-2/building-data-genome-project-2-master/data/meters/kaggle/kaggle.csv,.csv,tabular_preview_success
/mydata/doc2validate/gold_benchmarks/scidata_selected_50_v1/s41597-020-00757-y/artifact/github/github_github.com__simonporcher_COVID-19-Governments-Responses/COVID-19-Governments-Responses-master/Latest version/Gov_Responses_Covid19_last.dta,s41597-020-00757-y,,Unsupported preview suffix: .dta,resolved,lf_001,primary_data,0.85,stem_match,,,False,github_github.com__simonporcher_COVID-19-Governments-Responses/COVID-19-Governments-Responses-master/Latest version/Gov_Responses_Covid19_last.dta,.dta,specialized_data_format_requires_loader
/mydata/doc2validate/gold_benchmarks/scidata_selected_50_v1/s41597-020-00757-y/artifact/github/github_github.com__simonporcher_COVID-19-Governments-Responses/COVID-19-Governments-Responses-master/Latest version/Gov_Responses_Sources.xlsx,s41597-020-00757-y,Unnamed: 0,,resolved,lf_002,sources_reference,0.85,stem_match,1.0,1.0,True,github_github.com__simonporcher_COVID-19-Governments-Responses/COVID-19-Governments-Responses-master/Latest version/Gov_Responses_Sources.xlsx,.xlsx,tabular_preview_success
/mydata/doc2validate/gold_benchmarks/scidata_selected_50_v1/s41597-020-00757-y/artifact/github/github_github.com__simonporcher_COVID-19-Governments-Responses/COVID-19-Governments-Responses-master/Latest version/script_final.do,s41597-020-00757-y,,Unsupported preview suffix: .do,ambiguous,lf_003,data_generation_script,0.65,stem_contains,,,False,github_github.com__simonporcher_COVID-19-Governments-Responses/COVID-19-Governments-Responses-master/Latest version/script_final.do,.do,code_or_notebook_artifact_not_tabular
/mydata/doc2validate/gold_benchmarks/scidata_selected_50_v1/s41597-020-00757-y/artifact/github/github_github.com__simonporcher_COVID-19-Governments-Responses/COVID-19-Governments-Responses-master/Former versions/script_15jul.do,s41597-020-00757-y,,Unsupported preview suffix: .do,ambiguous,lf_003,data_generation_script,0.65,stem_contains,,,False,github_github.com__simonporcher_COVID-19-Governments-Responses/COVID-19-Governments-Responses-master/Former versions/script_15jul.do,.do,code_or_notebook_artifact_not_tabular
/mydata/doc2validate/gold_benchmarks/scidata_selected_50_v1/s41597-020-00757-y/artifact/github/github_github.com__simonporcher_COVID-19-Governments-Responses/COVID-19-Governments-Responses-master/Former versions/verif.do,s41597-020-00757-y,,Unsupported preview suffix: .do,resolved,lf_004,verification_script,0.95,exact_basename,,,False,github_github.com__simonporcher_COVID-19-Governments-Responses/COVID-19-Governments-Responses-master/Former versions/verif.do,.do,code_or_notebook_artifact_not_tabular
/mydata/doc2validate/gold_benchmarks/scidata_selected_50_v1/s41597-021-00816-y/artifact/github/github_github.com__SPAAM-community_AncientMetagenomeDir/AncientMetagenomeDir-master/ancientmetagenome-hostassociated/dates/ancientmetagenome-hostassociated_dates_schema.json,s41597-021-00816-y,,Unsupported preview suffix: .json,ambiguous,lf_001,host-associated metagenomes,0.65,stem_contains,,,False,github_github.com__SPAAM-community_AncientMetagenomeDir/AncientMetagenomeDir-master/ancientmetagenome-hostassociated/dates/ancientmetagenome-hostassociated_dates_schema.json,.json,structured_metadata_not_tabular
/mydata/doc2validate/gold_benchmarks/scidata_selected_50_v1/s41597-021-00816-y/artifact/github/github_github.com__SPAAM-community_AncientMetagenomeDir/AncientMetagenomeDir-master/ancientmetagenome-hostassociated/dates/ancientmetagenome-hostassociated_dates.tsv,s41597-021-00816-y,project_name | publication_year | publication_doi | sample_name | sample_host | archive_project | archive_sample_accession | date_information_present | date_is_radiocarbon | archaeological_historical_date | multiple_dates | reference_location | reference_citation_depth | primary_secondary_reference_citation_doi | direct_dating_individual | direct_dating_element | radiocarbon_lab_code | radiocarbon_lab_sample_id | spectrometry_type | pretreatment_reported | pretreatment_type | sample_material | uncalibrated_date | uncalibrated_uncertainty_plus_minus | delta_13c | carbon_perc | delta_15n | carbon_nitrogen_ratio | calibration_reported | calibration_curve | calibration_software | calibration_software_version | calibration_software_settings | calibration_software_citation_doi | calibrated_range_lower | calibrated_range_upper | calibrated_range_median | calibrated_range_suffix | calibrated_range_confidence_interval | reservoir_offset_mentioned | reservoir_offset_applied | reservoir_offset_type | reservoir_offset_reported | reservoir_offset_reported_sd | reservoir_aquatic_carbon_perc | reservoir_aquatic_carbon_perc_sd,,ambiguous,lf_001,host-associated metagenomes,0.65,stem_contains,46.0,10.0,True,github_github.com__SPAAM-community_AncientMetagenomeDir/AncientMetagenomeDir-master/ancientmetagenome-hostassociated/dates/ancientmetagenome-hostassociated_dates.tsv,.tsv,tabular_preview_success
/mydata/doc2validate/gold_benchmarks/scidata_selected_50_v1/s41597-021-00816-y/artifact/github/github_github.com__SPAAM-community_AncientMetagenomeDir/AncientMetagenomeDir-master/ancientmetagenome-hostassociated/libraries/ancientmetagenome-hostassociated_libraries.tsv,s41597-021-00816-y,project_name | publication_year | data_publication_doi | sample_name | archive | archive_project | archive_sample_accession | library_name | strand_type | library_polymerase | library_treatment | library_concentration | instrument_model | library_layout | library_strategy | read_count | archive_data_accession | download_links | download_md5s | download_sizes,,ambiguous,lf_001,host-associated metagenomes,0.65,stem_contains,20.0,10.0,True,github_github.com__SPAAM-community_AncientMetagenomeDir/AncientMetagenomeDir-master/ancientmetagenome-hostassociated/libraries/ancientmetagenome-hostassociated_libraries.tsv,.tsv,tabular_preview_success
/mydata/doc2validate/gold_benchmarks/scidata_selected_50_v1/s41597-021-00816-y/artifact/github/github_github.com__SPAAM-community_AncientMetagenomeDir/AncientMetagenomeDir-master/ancientsinglegenome-hostassociated/dates/ancientsinglegenome-hostassociated_dates.tsv,s41597-021-00816-y,project_name | publication_year | publication_doi | sample_name | singlegenome_species | archive_project | archive_sample_accession | date_information_present | date_is_radiocarbon | archaeological_historical_date | multiple_dates | reference_location | reference_citation_depth | primary_secondary_reference_citation_doi | direct_dating_individual | direct_dating_element | radiocarbon_lab_code | radiocarbon_lab_sample_id | spectrometry_type | pretreatment_reported | pretreatment_type | sample_material | uncalibrated_date | uncalibrated_uncertainty_plus_minus | delta_13c | carbon_perc | delta_15n | carbon_nitrogen_ratio | calibration_reported | calibration_curve | calibration_software | calibration_software_version | calibration_software_settings | calibration_software_citation_doi | calibrated_range_lower | calibrated_range_upper | calibrated_range_median | calibrated_range_suffix | calibrated_range_confidence_interval | reservoir_offset_mentioned | reservoir_offset_applied | reservoir_offset_type | reservoir_offset_reported | reservoir_offset_reported_sd | reservoir_aquatic_carbon_perc | reservoir_aquatic_carbon_perc_sd,,ambiguous,lf_002,host-associated single genomes,0.65,stem_contains,46.0,10.0,True,github_github.com__SPAAM-community_AncientMetagenomeDir/AncientMetagenomeDir-master/ancientsinglegenome-hostassociated/dates/ancientsinglegenome-hostassociated_dates.tsv,.tsv,tabular_preview_success
/mydata/doc2validate/gold_benchmarks/scidata_selected_50_v1/s41597-021-00816-y/artifact/github/github_github.com__SPAAM-community_AncientMetagenomeDir/AncientMetagenomeDir-master/ancientsinglegenome-hostassociated/dates/ancientsinglegenome-hostassociated_dates_schema.json,s41597-021-00816-y,,Unsupported preview suffix: .json,ambiguous,lf_002,host-associated single genomes,0.65,stem_contains,,,False,github_github.com__SPAAM-community_AncientMetagenomeDir/AncientMetagenomeDir-master/ancientsinglegenome-hostassociated/dates/ancientsinglegenome-hostassociated_dates_schema.json,.json,structured_metadata_not_tabular
/mydata/doc2validate/gold_benchmarks/scidata_selected_50_v1/s41597-021-00816-y/artifact/github/github_github.com__SPAAM-community_AncientMetagenomeDir/AncientMetagenomeDir-master/ancientsinglegenome-hostassociated/libraries/ancientsinglegenome-hostassociated_libraries_schema.json,s41597-021-00816-y,,Unsupported preview suffix: .json,ambiguous,lf_002,host-associated single genomes,0.65,stem_contains,,,False,github_github.com__SPAAM-community_AncientMetagenomeDir/AncientMetagenomeDir-master/ancientsinglegenome-hostassociated/libraries/ancientsinglegenome-hostassociated_libraries_schema.json,.json,structured_metadata_not_tabular
/mydata/doc2validate/gold_benchmarks/scidata_selected_50_v1/s41597-021-00816-y/artifact/github/github_github.com__SPAAM-community_AncientMetagenomeDir/AncientMetagenomeDir-master/ancientmetagenome-environmental/libraries/ancientmetagenome-environmental_libraries.tsv,s41597-021-00816-y,project_name | publication_year | data_publication_doi | sample_name | archive | archive_project | archive_sample_accession | library_name | strand_type | library_polymerase | library_treatment | library_concentration | instrument_model | library_layout | library_strategy | read_count | archive_data_accession | download_links | download_md5s | download_sizes,,ambiguous,lf_003,environmental metagenomes,0.65,stem_contains,20.0,10.0,True,github_github.com__SPAAM-community_AncientMetagenomeDir/AncientMetagenomeDir-master/ancientmetagenome-environmental/libraries/ancientmetagenome-environmental_libraries.tsv,.tsv,tabular_preview_success
/mydata/doc2validate/gold_benchmarks/scidata_selected_50_v1/s41597-021-00816-y/artifact/github/github_github.com__SPAAM-community_AncientMetagenomeDir/AncientMetagenomeDir-master/ancientmetagenome-environmental/libraries/ancientmetagenome-environmental_libraries_schema.json,s41597-021-00816-y,,Unsupported preview suffix: .json,ambiguous,lf_003,environmental metagenomes,0.65,stem_contains,,,False,github_github.com__SPAAM-community_AncientMetagenomeDir/AncientMetagenomeDir-master/ancientmetagenome-environmental/libraries/ancientmetagenome-environmental_libraries_schema.json,.json,structured_metadata_not_tabular
/mydata/doc2validate/gold_benchmarks/scidata_selected_50_v1/s41597-021-00816-y/artifact/github/github_github.com__SPAAM-community_AncientMetagenomeDir/AncientMetagenomeDir-master/ancientmetagenome-environmental/samples/ancientmetagenome-environmental_samples_schema.json,s41597-021-00816-y,,Unsupported preview suffix: .json,ambiguous,lf_003,environmental metagenomes,0.65,stem_contains,,,False,github_github.com__SPAAM-community_AncientMetagenomeDir/AncientMetagenomeDir-master/ancientmetagenome-environmental/samples/ancientmetagenome-environmental_samples_schema.json,.json,structured_metadata_not_tabular
/mydata/doc2validate/gold_benchmarks/scidata_selected_50_v1/s41597-022-01141-8/artifact/github/github_github.com__alexwolson_A-Construction-Classification-System-Database-for-Understanding-Resource-Use-in-Buildings/A-Construction-Classification-System-Database-for-Understanding-Resource-Use-in-Buildings-main/Sample Code/Sample.pdf,s41597-022-01141-8,,Unsupported preview suffix: .pdf,ambiguous,lf_006,analysis_code,0.65,stem_contains,,,False,github_github.com__alexwolson_A-Construction-Classification-System-Database-for-Understanding-Resource-Use-in-Buildings/A-Construction-Classification-System-Database-for-Understanding-Resource-Use-in-Buildings-main/Sample Code/Sample.pdf,.pdf,document_or_text_artifact_not_tabular
/mydata/doc2validate/gold_benchmarks/scidata_selected_50_v1/s41597-022-01141-8/artifact/github/github_github.com__alexwolson_A-Construction-Classification-System-Database-for-Understanding-Resource-Use-in-Buildings/A-Construction-Classification-System-Database-for-Understanding-Resource-Use-in-Buildings-main/Sample Code/Sample.ipynb,s41597-022-01141-8,,Unsupported preview suffix: .ipynb,ambiguous,lf_006,analysis_code,0.65,stem_contains,,,False,github_github.com__alexwolson_A-Construction-Classification-System-Database-for-Understanding-Resource-Use-in-Buildings/A-Construction-Classification-System-Database-for-Understanding-Resource-Use-in-Buildings-main/Sample Code/Sample.ipynb,.ipynb,code_or_notebook_artifact_not_tabular
/mydata/doc2validate/gold_benchmarks/scidata_selected_50_v1/s41597-022-01255-z/artifact/github/github_github.com__microsoft_fastmri-plus/fastmri-plus-main/Annotations/knee.csv,s41597-022-01255-z,file | slice | study_level | x | y | width | height | label,,resolved,lf_001,knee_annotations,0.95,exact_basename,8.0,10.0,True,github_github.com__microsoft_fastmri-plus/fastmri-plus-main/Annotations/knee.csv,.csv,tabular_preview_success
/mydata/doc2validate/gold_benchmarks/scidata_selected_50_v1/s41597-022-01255-z/artifact/github/github_github.com__microsoft_fastmri-plus/fastmri-plus-main/Annotations/brain.csv,s41597-022-01255-z,file | slice | study_level | x | y | width | height | label,,resolved,lf_002,brain_annotations,0.95,exact_basename,8.0,10.0,True,github_github.com__microsoft_fastmri-plus/fastmri-plus-main/Annotations/brain.csv,.csv,tabular_preview_success
/mydata/doc2validate/gold_benchmarks/scidata_selected_50_v1/s41597-022-01255-z/artifact/github/github_github.com__microsoft_fastmri-plus/fastmri-plus-main/Annotations/knee_file_list.csv,s41597-022-01255-z,file1000000,,resolved,lf_003,knee_file_list,0.95,exact_basename,1.0,10.0,True,github_github.com__microsoft_fastmri-plus/fastmri-plus-main/Annotations/knee_file_list.csv,.csv,tabular_preview_success
/mydata/doc2validate/gold_benchmarks/scidata_selected_50_v1/s41597-022-01255-z/artifact/github/github_github.com__microsoft_fastmri-plus/fastmri-plus-main/Annotations/brain_file_list.csv,s41597-022-01255-z,file_brain_AXFLAIR_200_6002425,,resolved,lf_004,brain_file_list,0.95,exact_basename,1.0,10.0,True,github_github.com__microsoft_fastmri-plus/fastmri-plus-main/Annotations/brain_file_list.csv,.csv,tabular_preview_success
/mydata/doc2validate/gold_benchmarks/scidata_selected_50_v1/s41597-022-01255-z/artifact/github/github_github.com__microsoft_fastmri-plus/fastmri-plus-main/ExampleScripts/fastmri_to_dicom.py,s41597-022-01255-z,,Unsupported preview suffix: .py,resolved,lf_005,dicom_conversion_script,0.95,exact_basename,,,False,github_github.com__microsoft_fastmri-plus/fastmri-plus-main/ExampleScripts/fastmri_to_dicom.py,.py,code_or_notebook_artifact_not_tabular
/mydata/doc2validate/gold_benchmarks/scidata_selected_50_v1/s41597-022-01255-z/artifact/github/github_github.com__microsoft_fastmri-plus/fastmri-plus-main/ExampleScripts/example.ipynb,s41597-022-01255-z,,Unsupported preview suffix: .ipynb,resolved,lf_006,example_usage_notebook,0.95,exact_basename,,,False,github_github.com__microsoft_fastmri-plus/fastmri-plus-main/ExampleScripts/example.ipynb,.ipynb,code_or_notebook_artifact_not_tabular
/mydata/doc2validate/gold_benchmarks/scidata_selected_50_v1/s41597-022-01432-0/artifact/github/github_github.com__lexibank_lexibank-analysed/lexibank-analysed-main/cldf/wordlist-metadata.json,s41597-022-01432-0,,Unsupported preview suffix: .json,resolved,lf_001,wordlist_data,0.95,exact_basename,,,False,github_github.com__lexibank_lexibank-analysed/lexibank-analysed-main/cldf/wordlist-metadata.json,.json,structured_metadata_not_tabular
/mydata/doc2validate/gold_benchmarks/scidata_selected_50_v1/s41597-022-01432-0/artifact/github/github_github.com__lexibank_lexibank-analysed/lexibank-analysed-main/cldf/phonology-metadata.json,s41597-022-01432-0,,Unsupported preview suffix: .json,resolved,lf_002,phonological_features,0.95,exact_basename,,,False,github_github.com__lexibank_lexibank-analysed/lexibank-analysed-main/cldf/phonology-metadata.json,.json,structured_metadata_not_tabular
/mydata/doc2validate/gold_benchmarks/scidata_selected_50_v1/s41597-022-01432-0/artifact/github/github_github.com__lexibank_lexibank-analysed/lexibank-analysed-main/cldf/lexicon-metadata.json,s41597-022-01432-0,,Unsupported preview suffix: .json,resolved,lf_003,lexical_features,0.95,exact_basename,,,False,github_github.com__lexibank_lexibank-analysed/lexibank-analysed-main/cldf/lexicon-metadata.json,.json,structured_metadata_not_tabular
/mydata/doc2validate/gold_benchmarks/scidata_selected_50_v1/s41597-022-01432-0/artifact/github/github_github.com__lexibank_lexibank-analysed/lexibank-analysed-main/cldf/phonemes-metadata.json,s41597-022-01432-0,,Unsupported preview suffix: .json,resolved,lf_004,phoneme_inventory,0.95,exact_basename,,,False,github_github.com__lexibank_lexibank-analysed/lexibank-analysed-main/cldf/phonemes-metadata.json,.json,structured_metadata_not_tabular
/mydata/doc2validate/gold_benchmarks/scidata_selected_50_v1/s41597-022-01432-0/artifact/github/github_github.com__lexibank_lexibank-analysed/lexibank-analysed-main/etc/lexibank.tsv,s41597-022-01432-0,ID | Concepts | Concepticon | Dataset | Organization | Source | Zenodo | ClicsCore | LexiCore | CogCore | ProtoCore | Version,,resolved,lf_005,dataset_inventory,0.85,stem_match,12.0,10.0,True,github_github.com__lexibank_lexibank-analysed/lexibank-analysed-main/etc/lexibank.tsv,.tsv,tabular_preview_success
/mydata/doc2validate/gold_benchmarks/scidata_selected_50_v1/s41597-022-01432-0/artifact/github/github_github.com__lexibank_lexibank-analysed/lexibank-analysed-main/README.md,s41597-022-01432-0,,Unsupported preview suffix: .md,ambiguous,lf_006,core_subset_definitions,0.65,stem_contains,,,False,github_github.com__lexibank_lexibank-analysed/lexibank-analysed-main/README.md,.md,document_or_text_artifact_not_tabular
/mydata/doc2validate/gold_benchmarks/scidata_selected_50_v1/s41597-022-01432-0/artifact/github/github_github.com__lexibank_lexibank-analysed/lexibank-analysed-main/cldf/README.md,s41597-022-01432-0,,Unsupported preview suffix: .md,ambiguous,lf_006,core_subset_definitions,0.65,stem_contains,,,False,github_github.com__lexibank_lexibank-analysed/lexibank-analysed-main/cldf/README.md,.md,document_or_text_artifact_not_tabular
/mydata/doc2validate/gold_benchmarks/scidata_selected_50_v1/s41597-022-01437-9/artifact/github/github_github.com__COVID-policy-response-lab_PPI-data/PPI-data-main/data/PPI_country_m1.csv,s41597-022-01437-9,cname | isocode | isoabbr | date | ppi.all.tot.ave | ppi.all.nat.ave | ppi.all.reg.ave | borders.all.tot.ave | borders.all.nat.ave | borders.all.reg.ave | borders.air_bord.tot.ave | borders.air_bord.nat.ave | borders.air_bord.reg.ave | borders.land_bord.tot.ave | borders.land_bord.nat.ave | borders.land_bord.reg.ave | borders.sea_bord.tot.ave | borders.sea_bord.nat.ave | borders.sea_bord.reg.ave | emerg.all.tot.ave | emerg.all.nat.ave | emerg.all.reg.ave | ind_locat.all.tot.ave | ind_locat.all.nat.ave | ind_locat.all.reg.ave | ind_locat.ind_mob.tot.ave | ind_locat.ind_mob.nat.ave | ind_locat.ind_mob.reg.ave | ind_locat.med_stay.tot.ave | ind_locat.med_stay.nat.ave | ind_locat.med_stay.reg.ave | ind_locat.publ_tr.tot.ave | ind_locat.publ_tr.nat.ave | ind_locat.publ_tr.reg.ave | masks.all.tot.ave | masks.all.nat.ave | masks.all.reg.ave | places.all.tot.ave | places.all.nat.ave | places.all.reg.ave | places.gov_offs.tot.ave | places.gov_offs.nat.ave | places.gov_offs.reg.ave | places.ne_busn.tot.ave | places.ne_busn.nat.ave | places.ne_busn.reg.ave | places.restrts.tot.ave | places.restrts.nat.ave | places.restrts.reg.ave | places.venues.tot.ave | places.venues.nat.ave | places.venues.reg.ave | places.wfh.tot.ave | places.wfh.nat.ave | places.wfh.reg.ave | soc_and_schls.all.tot.ave | soc_and_schls.all.nat.ave | soc_and_schls.all.reg.ave | soc_and_schls.schools.tot.ave | soc_and_schls.schools.nat.ave | soc_and_schls.schools.reg.ave | soc_and_schls.soc_gath.tot.ave | soc_and_schls.soc_gath.nat.ave | soc_and_schls.soc_gath.reg.ave,,resolved,lf_001,Country-level PPI aggregates (Method 1),0.95,exact_basename,64.0,10.0,True,github_github.com__COVID-policy-response-lab_PPI-data/PPI-data-main/data/PPI_country_m1.csv,.csv,tabular_preview_success
/mydata/doc2validate/gold_benchmarks/scidata_selected_50_v1/s41597-022-01437-9/artifact/github/github_github.com__COVID-policy-response-lab_PPI-data/PPI-data-main/data/PPI_country_m2.csv,s41597-022-01437-9,cname | isocode | isoabbr | date | ppi.all.tot.ave.2 | ppi.all.nat.ave.2 | ppi.all.reg.ave.2 | borders.all.tot.ave.2 | borders.all.nat.ave.2 | borders.all.reg.ave.2 | emerg.all.tot.ave.2 | emerg.all.nat.ave.2 | emerg.all.reg.ave.2 | ind_locat.all.tot.ave.2 | ind_locat.all.nat.ave.2 | ind_locat.all.reg.ave.2 | ind_locat.ind_mob.tot.ave.2 | ind_locat.ind_mob.nat.ave.2 | ind_locat.ind_mob.reg.ave.2 | ind_locat.med_quar.tot.ave.2 | ind_locat.med_quar.nat.ave.2 | ind_locat.med_quar.reg.ave.2 | ind_locat.med_stay.tot.ave.2 | ind_locat.med_stay.nat.ave.2 | ind_locat.med_stay.reg.ave.2 | ind_locat.pub_transp.tot.ave.2 | ind_locat.pub_transp.nat.ave.2 | ind_locat.pub_transp.reg.ave.2 | med_mandate.all.tot.ave.2 | med_mandate.all.nat.ave.2 | med_mandate.all.reg.ave.2 | med_mandate.dist_mand.tot.ave.2 | med_mandate.dist_mand.nat.ave.2 | med_mandate.dist_mand.reg.ave.2 | med_mandate.masks.tot.ave.2 | med_mandate.masks.nat.ave.2 | med_mandate.masks.reg.ave.2 | places.all.tot.ave.2 | places.all.nat.ave.2 | places.all.reg.ave.2 | places.gov_offs.tot.ave.2 | places.gov_offs.nat.ave.2 | places.gov_offs.reg.ave.2 | places.ne_busn.tot.ave.2 | places.ne_busn.nat.ave.2 | places.ne_busn.reg.ave.2 | places.restrts.tot.ave.2 | places.restrts.nat.ave.2 | places.restrts.reg.ave.2 | places.venues.tot.ave.2 | places.venues.nat.ave.2 | places.venues.reg.ave.2 | places.wfh.tot.ave.2 | places.wfh.nat.ave.2 | places.wfh.reg.ave.2 | soc_and_schls.all.tot.ave.2 | soc_and_schls.all.nat.ave.2 | soc_and_schls.all.reg.ave.2 | soc_and_schls.schools.tot.ave.2 | soc_and_schls.schools.nat.ave.2 | soc_and_schls.schools.reg.ave.2 | soc_and_schls.soc_gath.tot.ave.2 | soc_and_schls.soc_gath.nat.ave.2 | soc_and_schls.soc_gath.reg.ave.2,,resolved,lf_002,Country-level PPI aggregates (Method 2),0.95,exact_basename,64.0,10.0,True,github_github.com__COVID-policy-response-lab_PPI-data/PPI-data-main/data/PPI_country_m2.csv,.csv,tabular_preview_success
/mydata/doc2validate/gold_benchmarks/scidata_selected_50_v1/s41597-022-01437-9/artifact/github/github_github.com__COVID-policy-response-lab_PPI-data/PPI-data-main/data/PPI_regions_m1_dta.zip,s41597-022-01437-9,,Unsupported preview suffix: .zip,ambiguous,lf_003,Subnational PPI by country (Method 1),0.45,token_overlap_low,,,False,github_github.com__COVID-policy-response-lab_PPI-data/PPI-data-main/data/PPI_regions_m1_dta.zip,.zip,archive_artifact_requires_unpacking
/mydata/doc2validate/gold_benchmarks/scidata_selected_50_v1/s41597-022-01437-9/artifact/github/github_github.com__COVID-policy-response-lab_PPI-data/PPI-data-main/data/PPI_country_m1.csv,s41597-022-01437-9,cname | isocode | isoabbr | date | ppi.all.tot.ave | ppi.all.nat.ave | ppi.all.reg.ave | borders.all.tot.ave | borders.all.nat.ave | borders.all.reg.ave | borders.air_bord.tot.ave | borders.air_bord.nat.ave | borders.air_bord.reg.ave | borders.land_bord.tot.ave | borders.land_bord.nat.ave | borders.land_bord.reg.ave | borders.sea_bord.tot.ave | borders.sea_bord.nat.ave | borders.sea_bord.reg.ave | emerg.all.tot.ave | emerg.all.nat.ave | emerg.all.reg.ave | ind_locat.all.tot.ave | ind_locat.all.nat.ave | ind_locat.all.reg.ave | ind_locat.ind_mob.tot.ave | ind_locat.ind_mob.nat.ave | ind_locat.ind_mob.reg.ave | ind_locat.med_stay.tot.ave | ind_locat.med_stay.nat.ave | ind_locat.med_stay.reg.ave | ind_locat.publ_tr.tot.ave | ind_locat.publ_tr.nat.ave | ind_locat.publ_tr.reg.ave | masks.all.tot.ave | masks.all.nat.ave | masks.all.reg.ave | places.all.tot.ave | places.all.nat.ave | places.all.reg.ave | places.gov_offs.tot.ave | places.gov_offs.nat.ave | places.gov_offs.reg.ave | places.ne_busn.tot.ave | places.ne_busn.nat.ave | places.ne_busn.reg.ave | places.restrts.tot.ave | places.restrts.nat.ave | places.restrts.reg.ave | places.venues.tot.ave | places.venues.nat.ave | places.venues.reg.ave | places.wfh.tot.ave | places.wfh.nat.ave | places.wfh.reg.ave | soc_and_schls.all.tot.ave | soc_and_schls.all.nat.ave | soc_and_schls.all.reg.ave | soc_and_schls.schools.tot.ave | soc_and_schls.schools.nat.ave | soc_and_schls.schools.reg.ave | soc_and_schls.soc_gath.tot.ave | soc_and_schls.soc_gath.nat.ave | soc_and_schls.soc_gath.reg.ave,,ambiguous,lf_003,Subnational PPI by country (Method 1),0.45,token_overlap_low,64.0,10.0,True,github_github.com__COVID-policy-response-lab_PPI-data/PPI-data-main/data/PPI_country_m1.csv,.csv,tabular_preview_success
/mydata/doc2validate/gold_benchmarks/scidata_selected_50_v1/s41597-022-01437-9/artifact/github/github_github.com__COVID-policy-response-lab_PPI-data/PPI-data-main/data/PPI_country_m1.dta,s41597-022-01437-9,,Unsupported preview suffix: .dta,ambiguous,lf_003,Subnational PPI by country (Method 1),0.45,token_overlap_low,,,False,github_github.com__COVID-policy-response-lab_PPI-data/PPI-data-main/data/PPI_country_m1.dta,.dta,specialized_data_format_requires_loader
/mydata/doc2validate/gold_benchmarks/scidata_selected_50_v1/s41597-022-01437-9/artifact/github/github_github.com__COVID-policy-response-lab_PPI-data/PPI-data-main/data/PPI_country_m2.csv,s41597-022-01437-9,cname | isocode | isoabbr | date | ppi.all.tot.ave.2 | ppi.all.nat.ave.2 | ppi.all.reg.ave.2 | borders.all.tot.ave.2 | borders.all.nat.ave.2 | borders.all.reg.ave.2 | emerg.all.tot.ave.2 | emerg.all.nat.ave.2 | emerg.all.reg.ave.2 | ind_locat.all.tot.ave.2 | ind_locat.all.nat.ave.2 | ind_locat.all.reg.ave.2 | ind_locat.ind_mob.tot.ave.2 | ind_locat.ind_mob.nat.ave.2 | ind_locat.ind_mob.reg.ave.2 | ind_locat.med_quar.tot.ave.2 | ind_locat.med_quar.nat.ave.2 | ind_locat.med_quar.reg.ave.2 | ind_locat.med_stay.tot.ave.2 | ind_locat.med_stay.nat.ave.2 | ind_locat.med_stay.reg.ave.2 | ind_locat.pub_transp.tot.ave.2 | ind_locat.pub_transp.nat.ave.2 | ind_locat.pub_transp.reg.ave.2 | med_mandate.all.tot.ave.2 | med_mandate.all.nat.ave.2 | med_mandate.all.reg.ave.2 | med_mandate.dist_mand.tot.ave.2 | med_mandate.dist_mand.nat.ave.2 | med_mandate.dist_mand.reg.ave.2 | med_mandate.masks.tot.ave.2 | med_mandate.masks.nat.ave.2 | med_mandate.masks.reg.ave.2 | places.all.tot.ave.2 | places.all.nat.ave.2 | places.all.reg.ave.2 | places.gov_offs.tot.ave.2 | places.gov_offs.nat.ave.2 | places.gov_offs.reg.ave.2 | places.ne_busn.tot.ave.2 | places.ne_busn.nat.ave.2 | places.ne_busn.reg.ave.2 | places.restrts.tot.ave.2 | places.restrts.nat.ave.2 | places.restrts.reg.ave.2 | places.venues.tot.ave.2 | places.venues.nat.ave.2 | places.venues.reg.ave.2 | places.wfh.tot.ave.2 | places.wfh.nat.ave.2 | places.wfh.reg.ave.2 | soc_and_schls.all.tot.ave.2 | soc_and_schls.all.nat.ave.2 | soc_and_schls.all.reg.ave.2 | soc_and_schls.schools.tot.ave.2 | soc_and_schls.schools.nat.ave.2 | soc_and_schls.schools.reg.ave.2 | soc_and_schls.soc_gath.tot.ave.2 | soc_and_schls.soc_gath.nat.ave.2 | soc_and_schls.soc_gath.reg.ave.2,,ambiguous,lf_004,Subnational PPI by country (Method 2),0.45,token_overlap_low,64.0,10.0,True,github_github.com__COVID-policy-response-lab_PPI-data/PPI-data-main/data/PPI_country_m2.csv,.csv,tabular_preview_success
/mydata/doc2validate/gold_benchmarks/scidata_selected_50_v1/s41597-022-01437-9/artifact/github/github_github.com__COVID-policy-response-lab_PPI-data/PPI-data-main/data/PPI_country_m2.dta,s41597-022-01437-9,,Unsupported preview suffix: .dta,ambiguous,lf_004,Subnational PPI by country (Method 2),0.45,token_overlap_low,,,False,github_github.com__COVID-policy-response-lab_PPI-data/PPI-data-main/data/PPI_country_m2.dta,.dta,specialized_data_format_requires_loader
/mydata/doc2validate/gold_benchmarks/scidata_selected_50_v1/s41597-022-01437-9/artifact/github/github_github.com__COVID-policy-response-lab_PPI-data/PPI-data-main/data/PPI_regions_m2_dta.zip,s41597-022-01437-9,,Unsupported preview suffix: .zip,ambiguous,lf_004,Subnational PPI by country (Method 2),0.45,token_overlap_low,,,False,github_github.com__COVID-policy-response-lab_PPI-data/PPI-data-main/data/PPI_regions_m2_dta.zip,.zip,archive_artifact_requires_unpacking
/mydata/doc2validate/gold_benchmarks/scidata_selected_50_v1/s41597-022-01437-9/artifact/github/github_github.com__COVID-policy-response-lab_PPI-data/PPI-data-main/data/changes_regions_m1.csv,s41597-022-01437-9,,'utf-8' codec can't decode byte 0x92 in position 10782: invalid start byte,resolved,lf_005,Policy change log (Method 1),0.95,exact_basename,,,False,github_github.com__COVID-policy-response-lab_PPI-data/PPI-data-main/data/changes_regions_m1.csv,.csv,csv_encoding_error
/mydata/doc2validate/gold_benchmarks/scidata_selected_50_v1/s41597-022-01704-9/artifact/github/github_github.com__p-pottier_Amphibian_upper_thermal_limits/Amphibian_upper_thermal_limits-main/data/Raw_data.csv,s41597-022-01704-9,,'utf-8' codec can't decode byte 0xe9 in position 6436: invalid continuation byte,resolved,lf_001,raw_data,0.95,exact_basename,,,False,github_github.com__p-pottier_Amphibian_upper_thermal_limits/Amphibian_upper_thermal_limits-main/data/Raw_data.csv,.csv,csv_encoding_error
/mydata/doc2validate/gold_benchmarks/scidata_selected_50_v1/s41597-022-01704-9/artifact/github/github_github.com__p-pottier_Amphibian_upper_thermal_limits/Amphibian_upper_thermal_limits-main/data/Curated_data.csv,s41597-022-01704-9,,'utf-8' codec can't decode byte 0xe9 in position 7189: invalid continuation byte,resolved,lf_002,curated_data,0.95,exact_basename,,,False,github_github.com__p-pottier_Amphibian_upper_thermal_limits/Amphibian_upper_thermal_limits-main/data/Curated_data.csv,.csv,csv_encoding_error
/mydata/doc2validate/gold_benchmarks/scidata_selected_50_v1/s41597-022-01704-9/artifact/github/github_github.com__p-pottier_Amphibian_upper_thermal_limits/Amphibian_upper_thermal_limits-main/data/Metadata.csv,s41597-022-01704-9,,'utf-8' codec can't decode byte 0x93 in position 584: invalid start byte,resolved,lf_003,metadata,0.95,exact_basename,,,False,github_github.com__p-pottier_Amphibian_upper_thermal_limits/Amphibian_upper_thermal_limits-main/data/Metadata.csv,.csv,csv_encoding_error
/mydata/doc2validate/gold_benchmarks/scidata_selected_50_v1/s41597-022-01704-9/artifact/github/github_github.com__p-pottier_Amphibian_upper_thermal_limits/Amphibian_upper_thermal_limits-main/data/amph_shl_new_Consensus_7238.tre,s41597-022-01704-9,,Unsupported preview suffix: .tre,resolved,lf_004,phylogenetic_tree,0.95,exact_basename,,,False,github_github.com__p-pottier_Amphibian_upper_thermal_limits/Amphibian_upper_thermal_limits-main/data/amph_shl_new_Consensus_7238.tre,.tre,unsupported_format
/mydata/doc2validate/gold_benchmarks/scidata_selected_50_v1/s41597-022-01704-9/artifact/github/github_github.com__p-pottier_Amphibian_upper_thermal_limits/Amphibian_upper_thermal_limits-main/data/amph_shl_new_Classification.csv,s41597-022-01704-9,Taxon | Family | Subfamily | Clade | Constraint | Scientific Name | Data | Genes | Length,,resolved,lf_005,taxonomic_classification,0.95,exact_basename,9.0,10.0,True,github_github.com__p-pottier_Amphibian_upper_thermal_limits/Amphibian_upper_thermal_limits-main/data/amph_shl_new_Classification.csv,.csv,tabular_preview_success
/mydata/doc2validate/gold_benchmarks/scidata_selected_50_v1/s41597-022-01704-9/artifact/github/github_github.com__p-pottier_Amphibian_upper_thermal_limits/Amphibian_upper_thermal_limits-main/R/Data_curation.Rmd,s41597-022-01704-9,,Unsupported preview suffix: .rmd,resolved,lf_006,data_curation_script,0.95,exact_basename,,,False,github_github.com__p-pottier_Amphibian_upper_thermal_limits/Amphibian_upper_thermal_limits-main/R/Data_curation.Rmd,.rmd,code_or_notebook_artifact_not_tabular
/mydata/doc2validate/gold_benchmarks/scidata_selected_50_v1/s41597-022-01704-9/artifact/github/github_github.com__p-pottier_Amphibian_upper_thermal_limits/Amphibian_upper_thermal_limits-main/R/Figures_data_descriptor.Rmd,s41597-022-01704-9,,Unsupported preview suffix: .rmd,resolved,lf_007,figures_code,0.85,stem_match,,,False,github_github.com__p-pottier_Amphibian_upper_thermal_limits/Amphibian_upper_thermal_limits-main/R/Figures_data_descriptor.Rmd,.rmd,code_or_notebook_artifact_not_tabular
/mydata/doc2validate/gold_benchmarks/scidata_selected_50_v1/s41597-022-01704-9/artifact/github/github_github.com__p-pottier_Amphibian_upper_thermal_limits/Amphibian_upper_thermal_limits-main/references/All_references.ris,s41597-022-01704-9,,Unsupported preview suffix: .ris,resolved,lf_008,bibliographic_references,0.95,exact_basename,,,False,github_github.com__p-pottier_Amphibian_upper_thermal_limits/Amphibian_upper_thermal_limits-main/references/All_references.ris,.ris,document_or_text_artifact_not_tabular
/mydata/doc2validate/gold_benchmarks/scidata_selected_50_v1/s41597-022-01788-3/artifact/github/github_github.com__BioRDM_COVID-Wastewater-Scotland/COVID-Wastewater-Scotland-main/data/SARS-Cov2_RNA_monitoring_ww_scotland.csv,s41597-022-01788-3,Unnamed: 0 | Health_Board | Site | Date_collected | Date_analysed | SW_sample_number | N1_description | N1_Reported_value-gc_per_L | N1_Repl_1-gc_per_L | N1_Repl_2-gc_per_L | N1_Repl_3-gc_per_L | Calculated_mean | Standard_Deviation | Flow-L_per_day | Ammonia-mg_per_L | pH_value | Modelled_flow-L_per_day | Million_gene_copies_per_person_per_day | Analysis_lab,,resolved,lf_001,main_raw_data,0.95,exact_basename,19.0,10.0,True,github_github.com__BioRDM_COVID-Wastewater-Scotland/COVID-Wastewater-Scotland-main/data/SARS-Cov2_RNA_monitoring_ww_scotland.csv,.csv,tabular_preview_success
/mydata/doc2validate/gold_benchmarks/scidata_selected_50_v1/s41597-022-01788-3/artifact/github/github_github.com__BioRDM_COVID-Wastewater-Scotland/COVID-Wastewater-Scotland-main/data/SARS-Cov2_RNA_monitoring_ww_scotland_full.csv,s41597-022-01788-3,Unnamed: 0 | Health_Board | Site | Latitude_dd | Longitude_dd | Population | Population_band | Date_collected | Date_analysed | SW_sample_number | N1_description | N1_Reported_value-gc_per_L | N1_Repl_1-gc_per_L | N1_Repl_2-gc_per_L | N1_Repl_3-gc_per_L | Calculated_mean | Standard_Deviation | Flow-L_per_day | Ammonia-mg_per_L | pH_value | Modelled_flow-L_per_day | Million_gene_copies_per_person_per_day | Analysis_lab,,resolved,lf_002,enriched_site_data,0.95,exact_basename,23.0,10.0,True,github_github.com__BioRDM_COVID-Wastewater-Scotland/COVID-Wastewater-Scotland-main/data/SARS-Cov2_RNA_monitoring_ww_scotland_full.csv,.csv,tabular_preview_success
/mydata/doc2validate/gold_benchmarks/scidata_selected_50_v1/s41597-022-01788-3/artifact/github/github_github.com__BioRDM_COVID-Wastewater-Scotland/COVID-Wastewater-Scotland-main/data/prevalence_timeseries.csv,s41597-022-01788-3,Unnamed: 0 | Health_Board | Site | Latitude_dd | Longitude_dd | Population | Population_band | 2020-05-28 | 2020-05-29 | 2020-06-01 | 2020-06-02 | 2020-06-03 | 2020-06-04 | 2020-06-06 | 2020-06-08 | 2020-06-09 | 2020-06-10 | 2020-06-15 | 2020-06-16 | 2020-06-17 | 2020-06-19 | 2020-06-22 | 2020-06-23 | 2020-06-24 | 2020-06-26 | 2020-06-28 | 2020-06-30 | 2020-07-01 | 2020-07-03 | 2020-07-06 | 2020-07-07 | 2020-07-08 | 2020-07-10 | 2020-07-13 | 2020-07-14 | 2020-07-15 | 2020-07-17 | 2020-07-20 | 2020-07-27 | 2020-07-28 | 2020-08-03 | 2020-08-05 | 2020-08-07 | 2020-08-08 | 2020-08-09 | 2020-08-10 | 2020-08-11 | 2020-08-12 | 2020-08-13 | 2020-08-14 | 2020-08-17 | 2020-08-18 | 2020-08-19 | 2020-08-20 | 2020-08-21 | 2020-08-22 | 2020-08-24 | 2020-08-25 | 2020-08-26 | 2020-08-28 | 2020-08-31 | 2020-09-01 | 2020-09-02 | 2020-09-03 | 2020-09-04 | 2020-09-06 | 2020-09-07 | 2020-09-08 | 2020-09-09 | 2020-09-10 | 2020-09-11 | 2020-09-14 | 2020-09-15 | 2020-09-16 | 2020-09-17 | 2020-09-18 | 2020-09-20 | 2020-09-21 | 2020-09-22 | 2020-09-23 | 2020-09-24 | 2020-09-25 | 2020-09-28 | 2020-09-29 | 2020-09-30 | 2020-10-01 | 2020-10-02 | 2020-10-05 | 2020-10-06 | 2020-10-07 | 2020-10-09 | 2020-10-12 | 2020-10-13 | 2020-10-14 | 2020-10-15 | 2020-10-16 | 2020-10-19 | 2020-10-20 | 2020-10-21 | 2020-10-22 | 2020-10-23 | 2020-10-26 | 2020-10-27 | 2020-10-28 | 2020-10-29 | 2020-10-30 | 2020-10-31 | 2020-11-02 | 2020-11-03 | 2020-11-04 | 2020-11-06 | 2020-11-09 | 2020-11-10 | 2020-11-11 | 2020-11-12 | 2020-11-13 | 2020-11-16 | 2020-11-17 | 2020-11-18 | 2020-11-19 | 2020-11-20 | 2020-11-23 | 2020-11-24 | 2020-11-25 | 2020-11-26 | 2020-11-27 | 2020-11-30 | 2020-12-01 | 2020-12-02 | 2020-12-03 | 2020-12-04 | 2020-12-06 | 2020-12-07 | 2020-12-08 | 2020-12-09 | 2020-12-10 | 2020-12-11 | 2020-12-14 | 2020-12-15 | 2020-12-16 | 2020-12-17 | 2020-12-18 | 2020-12-21 | 2020-12-29 | 2020-12-30 | 2020-12-31 | 2021-01-04 | 2021-01-05 | 2021-01-06 | 2021-01-07 | 2021-01-08 | 2021-01-11 | 2021-01-12 | 2021-01-13 | 2021-01-14 | 2021-01-15 | 2021-01-17 | 2021-01-18 | 2021-01-19 | 2021-01-20 | 2021-01-21 | 2021-01-22 | 2021-01-23 | 2021-01-25 | 2021-01-26 | 2021-01-27 | 2021-01-29 | 2021-02-01 | 2021-02-02 | 2021-02-03 | 2021-02-04 | 2021-02-05 | 2021-02-06 | 2021-02-08 | 2021-02-09 | 2021-02-10 | 2021-02-11 | 2021-02-12 | 2021-02-15 | 2021-02-16 | 2021-02-17 | 2021-02-18 | 2021-02-19 | 2021-02-20 | 2021-02-21 | 2021-02-22 | 2021-02-23 | 2021-02-24 | 2021-02-25 | 2021-02-26 | 2021-02-27 | 2021-02-28 | 2021-03-01 | 2021-03-02 | 2021-03-03 | 2021-03-04 | 2021-03-05 | 2021-03-06 | 2021-03-07 | 2021-03-08 | 2021-03-09 | 2021-03-10 | 2021-03-11 | 2021-03-12 | 2021-03-15 | 2021-03-16 | 2021-03-17 | 2021-03-18 | 2021-03-19 | 2021-03-20 | 2021-03-22 | 2021-03-23 | 2021-03-24 | 2021-03-25 | 2021-03-26 | 2021-03-29 | 2021-03-30 | 2021-03-31 | 2021-04-01 | 2021-04-02 | 2021-04-05 | 2021-04-06 | 2021-04-07 | 2021-04-08 | 2021-04-09 | 2021-04-10 | 2021-04-12 | 2021-04-13 | 2021-04-14 | 2021-04-15 | 2021-04-16 | 2021-04-19 | 2021-04-20 | 2021-04-21 | 2021-04-22 | 2021-04-23 | 2021-04-26 | 2021-04-27 | 2021-04-28 | 2021-04-29 | 2021-04-30 | 2021-05-03 | 2021-05-04 | 2021-05-05 | 2021-05-06 | 2021-05-07 | 2021-05-10 | 2021-05-11 | 2021-05-12 | 2021-05-13 | 2021-05-14 | 2021-05-17 | 2021-05-18 | 2021-05-19 | 2021-05-20 | 2021-05-21 | 2021-05-23 | 2021-05-24 | 2021-05-25 | 2021-05-26 | 2021-05-27 | 2021-05-28 | 2021-05-31 | 2021-06-01 | 2021-06-02 | 2021-06-03 | 2021-06-04 | 2021-06-07 | 2021-06-08 | 2021-06-09 | 2021-06-10 | 2021-06-11 | 2021-06-14 | 2021-06-15 | 2021-06-16 | 2021-06-17 | 2021-06-18 | 2021-06-19 | 2021-06-21 | 2021-06-22 | 2021-06-23 | 2021-06-24 | 2021-06-25 | 2021-06-28 | 2021-06-29 | 2021-06-30 | 2021-07-01 | 2021-07-02 | 2021-07-05 | 2021-07-06 | 2021-07-07 | 2021-07-08 | 2021-07-09 | 2021-07-10 | 2021-07-12 | 2021-07-13 | 2021-07-16 | 2021-07-19 | 2021-07-20 | 2021-07-21 | 2021-07-22 | 2021-07-23 | 2021-07-26 | 2021-07-27 | 2021-07-28 | 2021-07-29 | 2021-07-30 | 2021-08-02 | 2021-08-03 | 2021-08-04 | 2021-08-05 | 2021-08-06 | 2021-08-09 | 2021-08-10 | 2021-08-11 | 2021-08-12 | 2021-08-13 | 2021-08-16 | 2021-08-17 | 2021-08-18 | 2021-08-19 | 2021-08-20 | 2021-08-23 | 2021-08-24 | 2021-08-25 | 2021-08-26 | 2021-08-27 | 2021-08-30 | 2021-08-31 | 2021-09-01 | 2021-09-02 | 2021-09-03 | 2021-09-06 | 2021-09-07 | 2021-09-08 | 2021-09-09 | 2021-09-10 | 2021-09-13 | 2021-09-14 | 2021-09-15 | 2021-09-16 | 2021-09-17 | 2021-09-20 | 2021-09-21 | 2021-09-22 | 2021-09-23 | 2021-09-24 | 2021-09-27 | 2021-09-28 | 2021-09-29 | 2021-09-30 | 2021-10-01 | 2021-10-04 | 2021-10-05 | 2021-10-06 | 2021-10-07 | 2021-10-08 | 2021-10-11 | 2021-10-12 | 2021-10-13 | 2021-10-14 | 2021-10-15 | 2021-10-18 | 2021-10-19 | 2021-10-20 | 2021-10-21 | 2021-10-22 | 2021-10-25 | 2021-10-26 | 2021-10-27 | 2021-10-28 | 2021-10-29 | 2021-11-01 | 2021-11-02 | 2021-11-03 | 2021-11-04 | 2021-11-05 | 2021-11-07 | 2021-11-08 | 2021-11-09 | 2021-11-10 | 2021-11-11 | 2021-11-12 | 2021-11-15 | 2021-11-16 | 2021-11-17 | 2021-11-18 | 2021-11-19 | 2021-11-21 | 2021-11-22 | 2021-11-23 | 2021-11-24 | 2021-11-25 | 2021-11-29 | 2021-11-30 | 2021-12-01 | 2021-12-04 | 2021-12-06 | 2021-12-07 | 2021-12-08 | 2021-12-09 | 2021-12-10 | 2021-12-13 | 2021-12-14 | 2021-12-15 | 2021-12-16 | 2021-12-17 | 2021-12-19 | 2021-12-20 | 2021-12-28 | 2021-12-29 | 2022-01-03 | 2022-01-04 | 2022-01-05 | 2022-01-06 | 2022-01-07 | 2022-01-10 | 2022-01-11 | 2022-01-12 | 2022-01-13 | 2022-01-14 | 2022-01-17 | 2022-01-18 | 2022-01-19 | 2022-01-20 | 2022-01-21 | 2022-01-24 | 2022-01-25 | 2022-01-26 | 2022-01-27 | 2022-01-28 | 2022-01-31 | 2022-02-01 | 2022-02-02 | 2022-02-03 | 2022-02-04 | 2022-02-07 | 2022-02-08 | 2022-02-09,,resolved,lf_003,wide_format_time_series,0.95,exact_basename,439.0,10.0,True,github_github.com__BioRDM_COVID-Wastewater-Scotland/COVID-Wastewater-Scotland-main/data/prevalence_timeseries.csv,.csv,tabular_preview_success
/mydata/doc2validate/gold_benchmarks/scidata_selected_50_v1/s41597-022-01788-3/artifact/github/github_github.com__BioRDM_COVID-Wastewater-Scotland/COVID-Wastewater-Scotland-main/data/norm_prevalence_timeseries.csv,s41597-022-01788-3,Unnamed: 0 | Health_Board | Site | Latitude_dd | Longitude_dd | Population | Population_band | 2020-05-28 | 2020-05-29 | 2020-06-01 | 2020-06-02 | 2020-06-03 | 2020-06-04 | 2020-06-06 | 2020-06-08 | 2020-06-09 | 2020-06-10 | 2020-06-15 | 2020-06-16 | 2020-06-17 | 2020-06-19 | 2020-06-22 | 2020-06-23 | 2020-06-24 | 2020-06-26 | 2020-06-28 | 2020-06-30 | 2020-07-01 | 2020-07-03 | 2020-07-06 | 2020-07-07 | 2020-07-08 | 2020-07-10 | 2020-07-13 | 2020-07-14 | 2020-07-15 | 2020-07-17 | 2020-07-20 | 2020-07-27 | 2020-07-28 | 2020-08-03 | 2020-08-05 | 2020-08-07 | 2020-08-08 | 2020-08-09 | 2020-08-10 | 2020-08-11 | 2020-08-12 | 2020-08-13 | 2020-08-14 | 2020-08-17 | 2020-08-18 | 2020-08-19 | 2020-08-20 | 2020-08-21 | 2020-08-22 | 2020-08-24 | 2020-08-25 | 2020-08-26 | 2020-08-28 | 2020-08-31 | 2020-09-01 | 2020-09-02 | 2020-09-03 | 2020-09-04 | 2020-09-06 | 2020-09-07 | 2020-09-08 | 2020-09-09 | 2020-09-10 | 2020-09-11 | 2020-09-14 | 2020-09-15 | 2020-09-16 | 2020-09-17 | 2020-09-18 | 2020-09-20 | 2020-09-21 | 2020-09-22 | 2020-09-23 | 2020-09-24 | 2020-09-25 | 2020-09-28 | 2020-09-29 | 2020-09-30 | 2020-10-01 | 2020-10-02 | 2020-10-05 | 2020-10-06 | 2020-10-07 | 2020-10-09 | 2020-10-12 | 2020-10-13 | 2020-10-14 | 2020-10-15 | 2020-10-16 | 2020-10-19 | 2020-10-20 | 2020-10-21 | 2020-10-22 | 2020-10-23 | 2020-10-26 | 2020-10-27 | 2020-10-28 | 2020-10-29 | 2020-10-30 | 2020-10-31 | 2020-11-02 | 2020-11-03 | 2020-11-04 | 2020-11-06 | 2020-11-09 | 2020-11-10 | 2020-11-11 | 2020-11-12 | 2020-11-13 | 2020-11-16 | 2020-11-17 | 2020-11-18 | 2020-11-19 | 2020-11-20 | 2020-11-23 | 2020-11-24 | 2020-11-25 | 2020-11-26 | 2020-11-27 | 2020-11-30 | 2020-12-01 | 2020-12-02 | 2020-12-03 | 2020-12-04 | 2020-12-06 | 2020-12-07 | 2020-12-08 | 2020-12-09 | 2020-12-10 | 2020-12-11 | 2020-12-14 | 2020-12-15 | 2020-12-16 | 2020-12-17 | 2020-12-18 | 2020-12-21 | 2020-12-29 | 2020-12-30 | 2020-12-31 | 2021-01-04 | 2021-01-05 | 2021-01-06 | 2021-01-07 | 2021-01-08 | 2021-01-11 | 2021-01-12 | 2021-01-13 | 2021-01-14 | 2021-01-15 | 2021-01-17 | 2021-01-18 | 2021-01-19 | 2021-01-20 | 2021-01-21 | 2021-01-22 | 2021-01-23 | 2021-01-25 | 2021-01-26 | 2021-01-27 | 2021-01-29 | 2021-02-01 | 2021-02-02 | 2021-02-03 | 2021-02-04 | 2021-02-05 | 2021-02-06 | 2021-02-08 | 2021-02-09 | 2021-02-10 | 2021-02-11 | 2021-02-12 | 2021-02-15 | 2021-02-16 | 2021-02-17 | 2021-02-18 | 2021-02-19 | 2021-02-20 | 2021-02-21 | 2021-02-22 | 2021-02-23 | 2021-02-24 | 2021-02-25 | 2021-02-26 | 2021-02-27 | 2021-02-28 | 2021-03-01 | 2021-03-02 | 2021-03-03 | 2021-03-04 | 2021-03-05 | 2021-03-06 | 2021-03-07 | 2021-03-08 | 2021-03-09 | 2021-03-10 | 2021-03-11 | 2021-03-12 | 2021-03-15 | 2021-03-16 | 2021-03-17 | 2021-03-18 | 2021-03-19 | 2021-03-20 | 2021-03-22 | 2021-03-23 | 2021-03-24 | 2021-03-25 | 2021-03-26 | 2021-03-29 | 2021-03-30 | 2021-03-31 | 2021-04-01 | 2021-04-02 | 2021-04-05 | 2021-04-06 | 2021-04-07 | 2021-04-08 | 2021-04-09 | 2021-04-10 | 2021-04-12 | 2021-04-13 | 2021-04-14 | 2021-04-15 | 2021-04-16 | 2021-04-19 | 2021-04-20 | 2021-04-21 | 2021-04-22 | 2021-04-23 | 2021-04-26 | 2021-04-27 | 2021-04-28 | 2021-04-29 | 2021-04-30 | 2021-05-03 | 2021-05-04 | 2021-05-05 | 2021-05-06 | 2021-05-07 | 2021-05-10 | 2021-05-11 | 2021-05-12 | 2021-05-13 | 2021-05-14 | 2021-05-17 | 2021-05-18 | 2021-05-19 | 2021-05-20 | 2021-05-21 | 2021-05-23 | 2021-05-24 | 2021-05-25 | 2021-05-26 | 2021-05-27 | 2021-05-28 | 2021-05-31 | 2021-06-01 | 2021-06-02 | 2021-06-03 | 2021-06-04 | 2021-06-07 | 2021-06-08 | 2021-06-09 | 2021-06-10 | 2021-06-11 | 2021-06-14 | 2021-06-15 | 2021-06-16 | 2021-06-17 | 2021-06-18 | 2021-06-19 | 2021-06-21 | 2021-06-22 | 2021-06-23 | 2021-06-24 | 2021-06-25 | 2021-06-28 | 2021-06-29 | 2021-06-30 | 2021-07-01 | 2021-07-02 | 2021-07-05 | 2021-07-06 | 2021-07-07 | 2021-07-08 | 2021-07-09 | 2021-07-10 | 2021-07-12 | 2021-07-13 | 2021-07-16 | 2021-07-19 | 2021-07-20 | 2021-07-21 | 2021-07-22 | 2021-07-23 | 2021-07-26 | 2021-07-27 | 2021-07-28 | 2021-07-29 | 2021-07-30 | 2021-08-02 | 2021-08-03 | 2021-08-04 | 2021-08-05 | 2021-08-06 | 2021-08-09 | 2021-08-10 | 2021-08-11 | 2021-08-12 | 2021-08-13 | 2021-08-16 | 2021-08-17 | 2021-08-18 | 2021-08-19 | 2021-08-20 | 2021-08-23 | 2021-08-24 | 2021-08-25 | 2021-08-26 | 2021-08-27 | 2021-08-30 | 2021-08-31 | 2021-09-01 | 2021-09-02 | 2021-09-03 | 2021-09-06 | 2021-09-07 | 2021-09-08 | 2021-09-09 | 2021-09-10 | 2021-09-13 | 2021-09-14 | 2021-09-15 | 2021-09-16 | 2021-09-17 | 2021-09-20 | 2021-09-21 | 2021-09-22 | 2021-09-23 | 2021-09-24 | 2021-09-27 | 2021-09-28 | 2021-09-29 | 2021-09-30 | 2021-10-01 | 2021-10-04 | 2021-10-05 | 2021-10-06 | 2021-10-07 | 2021-10-08 | 2021-10-11 | 2021-10-12 | 2021-10-13 | 2021-10-14 | 2021-10-15 | 2021-10-18 | 2021-10-19 | 2021-10-20 | 2021-10-21 | 2021-10-22 | 2021-10-25 | 2021-10-26 | 2021-10-27 | 2021-10-28 | 2021-10-29 | 2021-11-01 | 2021-11-02 | 2021-11-03 | 2021-11-04 | 2021-11-05 | 2021-11-07 | 2021-11-08 | 2021-11-09 | 2021-11-10 | 2021-11-11 | 2021-11-12 | 2021-11-15 | 2021-11-16 | 2021-11-17 | 2021-11-18 | 2021-11-19 | 2021-11-21 | 2021-11-22 | 2021-11-23 | 2021-11-24 | 2021-11-25 | 2021-11-29 | 2021-11-30 | 2021-12-01 | 2021-12-04 | 2021-12-06 | 2021-12-07 | 2021-12-08 | 2021-12-09 | 2021-12-10 | 2021-12-13 | 2021-12-14 | 2021-12-15 | 2021-12-16 | 2021-12-17 | 2021-12-19 | 2021-12-20 | 2021-12-28 | 2021-12-29 | 2022-01-03 | 2022-01-04 | 2022-01-05 | 2022-01-06 | 2022-01-07 | 2022-01-10 | 2022-01-11 | 2022-01-12 | 2022-01-13 | 2022-01-14 | 2022-01-17 | 2022-01-18 | 2022-01-19 | 2022-01-20 | 2022-01-21 | 2022-01-24 | 2022-01-25 | 2022-01-26 | 2022-01-27 | 2022-01-28 | 2022-01-31 | 2022-02-01 | 2022-02-02 | 2022-02-03 | 2022-02-04 | 2022-02-07 | 2022-02-08 | 2022-02-09,,resolved,lf_004,normalized_wide_time_series,0.95,exact_basename,439.0,10.0,True,github_github.com__BioRDM_COVID-Wastewater-Scotland/COVID-Wastewater-Scotland-main/data/norm_prevalence_timeseries.csv,.csv,tabular_preview_success
/mydata/doc2validate/gold_benchmarks/scidata_selected_50_v1/s41597-022-01788-3/artifact/github/github_github.com__BioRDM_COVID-Wastewater-Scotland/COVID-Wastewater-Scotland-main/data/weekly_prevalence_timeseries.csv,s41597-022-01788-3,Unnamed: 0 | Health_Board | Site | Latitude_dd | Longitude_dd | Population | Population_band | 2020-22 | 2020-23 | 2020-24 | 2020-25 | 2020-26 | 2020-27 | 2020-28 | 2020-29 | 2020-30 | 2020-31 | 2020-32 | 2020-33 | 2020-34 | 2020-35 | 2020-36 | 2020-37 | 2020-38 | 2020-39 | 2020-40 | 2020-41 | 2020-42 | 2020-43 | 2020-44 | 2020-45 | 2020-46 | 2020-47 | 2020-48 | 2020-49 | 2020-50 | 2020-51 | 2020-52 | 2020-53 | 2021-01 | 2021-02 | 2021-03 | 2021-04 | 2021-05 | 2021-06 | 2021-07 | 2021-08 | 2021-09 | 2021-10 | 2021-11 | 2021-12 | 2021-13 | 2021-14 | 2021-15 | 2021-16 | 2021-17 | 2021-18 | 2021-19 | 2021-20 | 2021-21 | 2021-22 | 2021-23 | 2021-24 | 2021-25 | 2021-26 | 2021-27 | 2021-28 | 2021-29 | 2021-30 | 2021-31 | 2021-32 | 2021-33 | 2021-34 | 2021-35 | 2021-36 | 2021-37 | 2021-38 | 2021-39 | 2021-40 | 2021-41 | 2021-42 | 2021-43 | 2021-44 | 2021-45 | 2021-46 | 2021-47 | 2021-48 | 2021-49 | 2021-50 | 2021-51 | 2021-52 | 2022-01 | 2022-02 | 2022-03 | 2022-04 | 2022-05 | 2022-06,,resolved,lf_005,weekly_averaged_data,0.95,exact_basename,97.0,10.0,True,github_github.com__BioRDM_COVID-Wastewater-Scotland/COVID-Wastewater-Scotland-main/data/weekly_prevalence_timeseries.csv,.csv,tabular_preview_success
/mydata/doc2validate/gold_benchmarks/scidata_selected_50_v1/s41597-022-01788-3/artifact/github/github_github.com__BioRDM_COVID-Wastewater-Scotland/COVID-Wastewater-Scotland-main/data/weekly_norm_prevalence_timeseries.csv,s41597-022-01788-3,Unnamed: 0 | Health_Board | Site | Latitude_dd | Longitude_dd | Population | Population_band | 2020-22 | 2020-23 | 2020-24 | 2020-25 | 2020-26 | 2020-27 | 2020-28 | 2020-29 | 2020-30 | 2020-31 | 2020-32 | 2020-33 | 2020-34 | 2020-35 | 2020-36 | 2020-37 | 2020-38 | 2020-39 | 2020-40 | 2020-41 | 2020-42 | 2020-43 | 2020-44 | 2020-45 | 2020-46 | 2020-47 | 2020-48 | 2020-49 | 2020-50 | 2020-51 | 2020-52 | 2020-53 | 2021-01 | 2021-02 | 2021-03 | 2021-04 | 2021-05 | 2021-06 | 2021-07 | 2021-08 | 2021-09 | 2021-10 | 2021-11 | 2021-12 | 2021-13 | 2021-14 | 2021-15 | 2021-16 | 2021-17 | 2021-18 | 2021-19 | 2021-20 | 2021-21 | 2021-22 | 2021-23 | 2021-24 | 2021-25 | 2021-26 | 2021-27 | 2021-28 | 2021-29 | 2021-30 | 2021-31 | 2021-32 | 2021-33 | 2021-34 | 2021-35 | 2021-36 | 2021-37 | 2021-38 | 2021-39 | 2021-40 | 2021-41 | 2021-42 | 2021-43 | 2021-44 | 2021-45 | 2021-46 | 2021-47 | 2021-48 | 2021-49 | 2021-50 | 2021-51 | 2021-52 | 2022-01 | 2022-02 | 2022-03 | 2022-04 | 2022-05 | 2022-06,,resolved,lf_006,weekly_normalized_averaged_data,0.95,exact_basename,97.0,10.0,True,github_github.com__BioRDM_COVID-Wastewater-Scotland/COVID-Wastewater-Scotland-main/data/weekly_norm_prevalence_timeseries.csv,.csv,tabular_preview_success
/mydata/doc2validate/gold_benchmarks/scidata_selected_50_v1/s41597-022-01788-3/artifact/github/github_github.com__BioRDM_COVID-Wastewater-Scotland/COVID-Wastewater-Scotland-main/data/classification_thresholds.csv,s41597-022-01788-3,Analysis_lab | Limit_of_detection | Limit_of_quantification,,weak_match,lf_008,classification_thresholds,0.6,token_overlap_high,3.0,8.0,True,github_github.com__BioRDM_COVID-Wastewater-Scotland/COVID-Wastewater-Scotland-main/data/classification_thresholds.csv,.csv,tabular_preview_success
/mydata/doc2validate/gold_benchmarks/scidata_selected_50_v1/s41597-023-02676-0/artifact/github/github_github.com__fbranda_west-nile/west-nile-main/2020/national-trend/wn-ita-national-trend-2020.csv,s41597-023-02676-0,url_bulletins | data | host | new_cases | total_cases,,ambiguous,lf_002,national_trend,0.6,token_overlap_high,5.0,10.0,True,github_github.com__fbranda_west-nile/west-nile-main/2020/national-trend/wn-ita-national-trend-2020.csv,.csv,tabular_preview_success
/mydata/doc2validate/gold_benchmarks/scidata_selected_50_v1/s41597-023-02676-0/artifact/github/github_github.com__fbranda_west-nile/west-nile-main/2013/national-trend/wn-ita-national-trend-2013.csv,s41597-023-02676-0,url_bulletins | data | host | new_cases | total_cases,,ambiguous,lf_002,national_trend,0.6,token_overlap_high,5.0,10.0,True,github_github.com__fbranda_west-nile/west-nile-main/2013/national-trend/wn-ita-national-trend-2013.csv,.csv,tabular_preview_success
/mydata/doc2validate/gold_benchmarks/scidata_selected_50_v1/s41597-023-02676-0/artifact/github/github_github.com__fbranda_west-nile/west-nile-main/2012/national-trend/wn-ita-national-trend-2012.csv,s41597-023-02676-0,url_bulletins | data | host | new_cases | total_cases,,ambiguous,lf_002,national_trend,0.6,token_overlap_high,5.0,10.0,True,github_github.com__fbranda_west-nile/west-nile-main/2012/national-trend/wn-ita-national-trend-2012.csv,.csv,tabular_preview_success
/mydata/doc2validate/gold_benchmarks/scidata_selected_50_v1/s41597-023-02676-0/artifact/github/github_github.com__fbranda_west-nile/west-nile-main/2020/human-surveillance/wn-ita-regions-human-surveillance-2020.csv,s41597-023-02676-0,url_bulletins | data | code_region | name_region | lat | long | new_cases | total_cases | type_infection,,ambiguous,lf_003,human_surveillance_regions,0.6,token_overlap_high,9.0,10.0,True,github_github.com__fbranda_west-nile/west-nile-main/2020/human-surveillance/wn-ita-regions-human-surveillance-2020.csv,.csv,tabular_preview_success
/mydata/doc2validate/gold_benchmarks/scidata_selected_50_v1/s41597-023-02676-0/artifact/github/github_github.com__fbranda_west-nile/west-nile-main/2020/human-surveillance/wn-ita-provinces-human-surveillance-2020.csv,s41597-023-02676-0,url_bulletins | data | code_region | name_region | code_province | name_province | abbreviation_province | lat | long | age | new_cases | total_cases | type_infection,,ambiguous,lf_003,human_surveillance_regions,0.6,token_overlap_high,13.0,10.0,True,github_github.com__fbranda_west-nile/west-nile-main/2020/human-surveillance/wn-ita-provinces-human-surveillance-2020.csv,.csv,tabular_preview_success
/mydata/doc2validate/gold_benchmarks/scidata_selected_50_v1/s41597-023-02676-0/artifact/github/github_github.com__fbranda_west-nile/west-nile-main/2013/human-surveillance/wn-ita-provinces-human-surveillance-2013.csv,s41597-023-02676-0,url_bulletins | data | code_region | name_region | code_province | name_province | abbreviation_province | lat | long | age | new_cases | total_cases | type_infection,,ambiguous,lf_003,human_surveillance_regions,0.6,token_overlap_high,13.0,10.0,True,github_github.com__fbranda_west-nile/west-nile-main/2013/human-surveillance/wn-ita-provinces-human-surveillance-2013.csv,.csv,tabular_preview_success
/mydata/doc2validate/gold_benchmarks/scidata_selected_50_v1/s41597-023-02676-0/artifact/github/github_github.com__fbranda_west-nile/west-nile-main/2020/human-surveillance/wn-ita-regions-human-surveillance-2020.csv,s41597-023-02676-0,url_bulletins | data | code_region | name_region | lat | long | new_cases | total_cases | type_infection,,ambiguous,lf_004,human_surveillance_provinces,0.6,token_overlap_high,9.0,10.0,True,github_github.com__fbranda_west-nile/west-nile-main/2020/human-surveillance/wn-ita-regions-human-surveillance-2020.csv,.csv,tabular_preview_success
/mydata/doc2validate/gold_benchmarks/scidata_selected_50_v1/s41597-023-02676-0/artifact/github/github_github.com__fbranda_west-nile/west-nile-main/2020/human-surveillance/wn-ita-provinces-human-surveillance-2020.csv,s41597-023-02676-0,url_bulletins | data | code_region | name_region | code_province | name_province | abbreviation_province | lat | long | age | new_cases | total_cases | type_infection,,ambiguous,lf_004,human_surveillance_provinces,0.6,token_overlap_high,13.0,10.0,True,github_github.com__fbranda_west-nile/west-nile-main/2020/human-surveillance/wn-ita-provinces-human-surveillance-2020.csv,.csv,tabular_preview_success
/mydata/doc2validate/gold_benchmarks/scidata_selected_50_v1/s41597-023-02676-0/artifact/github/github_github.com__fbranda_west-nile/west-nile-main/2013/human-surveillance/wn-ita-provinces-human-surveillance-2013.csv,s41597-023-02676-0,url_bulletins | data | code_region | name_region | code_province | name_province | abbreviation_province | lat | long | age | new_cases | total_cases | type_infection,,ambiguous,lf_004,human_surveillance_provinces,0.6,token_overlap_high,13.0,10.0,True,github_github.com__fbranda_west-nile/west-nile-main/2013/human-surveillance/wn-ita-provinces-human-surveillance-2013.csv,.csv,tabular_preview_success
/mydata/doc2validate/gold_benchmarks/scidata_selected_50_v1/s41597-023-02676-0/artifact/github/github_github.com__fbranda_west-nile/west-nile-main/2020/mosquito-surveillance/wn-ita-mosquito-surveillance-2020.csv,s41597-023-02676-0,url_bulletins | data | code_region | name_region | code_province | name_province | abbreviation_province | lat | long | new_cases | total_cases,,ambiguous,lf_005,mosquito_surveillance,0.6,token_overlap_high,11.0,10.0,True,github_github.com__fbranda_west-nile/west-nile-main/2020/mosquito-surveillance/wn-ita-mosquito-surveillance-2020.csv,.csv,tabular_preview_success
/mydata/doc2validate/gold_benchmarks/scidata_selected_50_v1/s41597-023-02676-0/artifact/github/github_github.com__fbranda_west-nile/west-nile-main/2024/mosquito-surveillance/wn-ita-mosquito-surveillance-2024.csv,s41597-023-02676-0,url_bulletins | data | code_region | name_region | code_province | name_province | abbreviation_province | lat | long | new_cases | total_cases,,ambiguous,lf_005,mosquito_surveillance,0.6,token_overlap_high,11.0,10.0,True,github_github.com__fbranda_west-nile/west-nile-main/2024/mosquito-surveillance/wn-ita-mosquito-surveillance-2024.csv,.csv,tabular_preview_success
/mydata/doc2validate/gold_benchmarks/scidata_selected_50_v1/s41597-023-02676-0/artifact/github/github_github.com__fbranda_west-nile/west-nile-main/2021/mosquito-surveillance/wn-ita-mosquito-surveillance-2021.csv,s41597-023-02676-0,url_bulletins | data | code_region | name_region | code_province | name_province | abbreviation_province | lat | long | new_cases | total_cases,,ambiguous,lf_005,mosquito_surveillance,0.6,token_overlap_high,11.0,10.0,True,github_github.com__fbranda_west-nile/west-nile-main/2021/mosquito-surveillance/wn-ita-mosquito-surveillance-2021.csv,.csv,tabular_preview_success
/mydata/doc2validate/gold_benchmarks/scidata_selected_50_v1/s41597-023-02676-0/artifact/github/github_github.com__fbranda_west-nile/west-nile-main/2020/equids-surveillance/wn-ita-equids-surveillance-2020.csv,s41597-023-02676-0,url_bulletins | data | code_region | name_region | code_province | name_province | abbreviation_province | lat | long | new_cases | total_cases | new_deaths | total_deaths | num_equids_outbreak,,ambiguous,lf_006,equids_surveillance,0.6,token_overlap_high,14.0,10.0,True,github_github.com__fbranda_west-nile/west-nile-main/2020/equids-surveillance/wn-ita-equids-surveillance-2020.csv,.csv,tabular_preview_success
/mydata/doc2validate/gold_benchmarks/scidata_selected_50_v1/s41597-023-02676-0/artifact/github/github_github.com__fbranda_west-nile/west-nile-main/2024/equids-surveillance/wn-ita-equids-surveillance-2024.csv,s41597-023-02676-0,url_bulletins | data | code_region | name_region | code_province | name_province | abbreviation_province | lat | long | new_cases | total_cases | new_deaths | total_deaths | num_equids_outbreak,,ambiguous,lf_006,equids_surveillance,0.6,token_overlap_high,14.0,10.0,True,github_github.com__fbranda_west-nile/west-nile-main/2024/equids-surveillance/wn-ita-equids-surveillance-2024.csv,.csv,tabular_preview_success
/mydata/doc2validate/gold_benchmarks/scidata_selected_50_v1/s41597-023-02676-0/artifact/github/github_github.com__fbranda_west-nile/west-nile-main/2021/equids-surveillance/wn-ita-equids-surveillance-2021.csv,s41597-023-02676-0,url_bulletins | data | code_region | name_region | code_province | name_province | abbreviation_province | lat | long | new_cases | total_cases | new_deaths | total_deaths | num_equids_outbreak,,ambiguous,lf_006,equids_surveillance,0.6,token_overlap_high,14.0,10.0,True,github_github.com__fbranda_west-nile/west-nile-main/2021/equids-surveillance/wn-ita-equids-surveillance-2021.csv,.csv,tabular_preview_success
/mydata/doc2validate/gold_benchmarks/scidata_selected_50_v1/s41597-023-02676-0/artifact/github/github_github.com__fbranda_west-nile/west-nile-main/2020/birds-surveillance/wn-ita-wild-birds-surveillance-2020.csv,s41597-023-02676-0,url_bulletins | data | code_region | name_region | code_province | name_province | abbreviation_province | lat | long | species | new_cases | total_cases,,ambiguous,lf_007,birds_surveillance,0.6,token_overlap_high,12.0,10.0,True,github_github.com__fbranda_west-nile/west-nile-main/2020/birds-surveillance/wn-ita-wild-birds-surveillance-2020.csv,.csv,tabular_preview_success
/mydata/doc2validate/gold_benchmarks/scidata_selected_50_v1/s41597-023-02676-0/artifact/github/github_github.com__fbranda_west-nile/west-nile-main/2020/birds-surveillance/wn-ita-target-birds-surveillance-2020.csv,s41597-023-02676-0,url_bulletins | data | code_region | name_region | code_province | name_province | abbreviation_province | lat | long | species | new_cases | total_cases,,ambiguous,lf_007,birds_surveillance,0.6,token_overlap_high,12.0,10.0,True,github_github.com__fbranda_west-nile/west-nile-main/2020/birds-surveillance/wn-ita-target-birds-surveillance-2020.csv,.csv,tabular_preview_success
/mydata/doc2validate/gold_benchmarks/scidata_selected_50_v1/s41597-023-02676-0/artifact/github/github_github.com__fbranda_west-nile/west-nile-main/2024/birds-surveillance/wn-ita-target-birds-surveillance-2024.csv,s41597-023-02676-0,url_bulletins | data | code_region | name_region | code_province | name_province | abbreviation_province | lat | long | species | new_cases | total_cases,,ambiguous,lf_007,birds_surveillance,0.6,token_overlap_high,12.0,10.0,True,github_github.com__fbranda_west-nile/west-nile-main/2024/birds-surveillance/wn-ita-target-birds-surveillance-2024.csv,.csv,tabular_preview_success
/mydata/doc2validate/gold_benchmarks/scidata_selected_50_v1/s41597-023-02676-0/artifact/github/github_github.com__fbranda_west-nile/west-nile-main/latest-wnv.csv,s41597-023-02676-0,url_bulletins | data | code_region | name_region | code_province | name_province | abbreviation_province | lat | long | new_cases | total_cases | host,,resolved,lf_008,latest_combined_dataset,0.95,exact_basename,12.0,10.0,True,github_github.com__fbranda_west-nile/west-nile-main/latest-wnv.csv,.csv,tabular_preview_success
/mydata/doc2validate/gold_benchmarks/scidata_selected_50_v1/s41597-024-03368-z/artifact/github/github_github.com__traitecoevo_APD/APD-master/data/APD_traits_input.csv,s41597-024-03368-z,identifier | trait | label | description_encoded | description | comments | inScheme | type | min | max | units | units_uom | category | created | modified | reviewed | deprecated_trait_name | constraints | structure | measured_characteristic | reviewers | references | keywords | exact_match | close_match | related_match | TOP_exact | TOP_close | TOP_related | TRY_exact | TRY_close | TRY_related | LEDA_exact | LEDA_close | LEDA_related | GIFT_exact | GIFT_close | GIFT_related | BIEN_exact | BIEN_close | BIEN_related | BROT_exact | BROT_close | BROT_related | PalmTraits_exact | PalmTraits_close,,resolved,lf_001,APD_traits_input,0.95,exact_basename,46.0,10.0,True,github_github.com__traitecoevo_APD/APD-master/data/APD_traits_input.csv,.csv,tabular_preview_success
/mydata/doc2validate/gold_benchmarks/scidata_selected_50_v1/s41597-024-03368-z/artifact/github/github_github.com__traitecoevo_APD/APD-master/data/APD_categorical_values_input.csv,s41597-024-03368-z,identifier | label | description | trait_name,,resolved,lf_002,APD_categorical_values_input,0.95,exact_basename,4.0,10.0,True,github_github.com__traitecoevo_APD/APD-master/data/APD_categorical_values_input.csv,.csv,tabular_preview_success
/mydata/doc2validate/gold_benchmarks/scidata_selected_50_v1/s41597-024-03368-z/artifact/github/github_github.com__traitecoevo_APD/APD-master/data/APD_trait_hierarchy.csv,s41597-024-03368-z,identifier | label | description | Parent | exactMatch | tier_1 | tier_2 | tier_3 | tier_4 | hierarchy,,resolved,lf_003,APD_trait_hierarchy,0.95,exact_basename,10.0,10.0,True,github_github.com__traitecoevo_APD/APD-master/data/APD_trait_hierarchy.csv,.csv,tabular_preview_success
/mydata/doc2validate/gold_benchmarks/scidata_selected_50_v1/s41597-024-03368-z/artifact/github/github_github.com__traitecoevo_APD/APD-master/data/APD_glossary.csv,s41597-024-03368-z,identifier | label | description,,resolved,lf_004,APD_glossary,0.95,exact_basename,3.0,10.0,True,github_github.com__traitecoevo_APD/APD-master/data/APD_glossary.csv,.csv,tabular_preview_success
/mydata/doc2validate/gold_benchmarks/scidata_selected_50_v1/s41597-024-03368-z/artifact/github/github_github.com__traitecoevo_APD/APD-master/data/APD_references.csv,s41597-024-03368-z,Entity | label | citation | identifier | title,,resolved,lf_005,APD_references,0.95,exact_basename,5.0,10.0,True,github_github.com__traitecoevo_APD/APD-master/data/APD_references.csv,.csv,tabular_preview_success
/mydata/doc2validate/gold_benchmarks/scidata_selected_50_v1/s41597-024-03368-z/artifact/github/github_github.com__traitecoevo_APD/APD-master/data/APD_reviewers.csv,s41597-024-03368-z,Entity | label | ORCID,,resolved,lf_006,APD_reviewers,0.95,exact_basename,3.0,10.0,True,github_github.com__traitecoevo_APD/APD-master/data/APD_reviewers.csv,.csv,tabular_preview_success
/mydata/doc2validate/gold_benchmarks/scidata_selected_50_v1/s41597-024-03368-z/artifact/github/github_github.com__traitecoevo_APD/APD-master/data/APD_units.csv,s41597-024-03368-z,Entity | identifier | label | altLabel | description | SI_code | UCUM_code | UCUM_code_02 | UCUM_code_03 | UCUM_code_04 | exactMatch_01 | exactMatch_02 | exactMatch_03 | exactMatch_04 | exactMatch_05 | exactMatch_06 | exactMatch_07,,resolved,lf_007,APD_units,0.95,exact_basename,17.0,10.0,True,github_github.com__traitecoevo_APD/APD-master/data/APD_units.csv,.csv,tabular_preview_success
/mydata/doc2validate/gold_benchmarks/scidata_selected_50_v1/s41597-024-03368-z/artifact/github/github_github.com__traitecoevo_APD/APD-master/APD.json,s41597-024-03368-z,,Unsupported preview suffix: .json,ambiguous,lf_008,APD_rdf_serializations,0.65,stem_contains,,,False,github_github.com__traitecoevo_APD/APD-master/APD.json,.json,structured_metadata_not_tabular
/mydata/doc2validate/gold_benchmarks/scidata_selected_50_v1/s41597-024-03368-z/artifact/github/github_github.com__traitecoevo_APD/APD-master/APD.nq,s41597-024-03368-z,,Unsupported preview suffix: .nq,ambiguous,lf_008,APD_rdf_serializations,0.65,stem_contains,,,False,github_github.com__traitecoevo_APD/APD-master/APD.nq,.nq,unsupported_format
/mydata/doc2validate/gold_benchmarks/scidata_selected_50_v1/s41597-024-03368-z/artifact/github/github_github.com__traitecoevo_APD/APD-master/APD.nt,s41597-024-03368-z,,Unsupported preview suffix: .nt,ambiguous,lf_008,APD_rdf_serializations,0.65,stem_contains,,,False,github_github.com__traitecoevo_APD/APD-master/APD.nt,.nt,unsupported_format
/mydata/doc2validate/gold_benchmarks/scidata_selected_50_v1/s41597-024-03414-w/artifact/github/github_github.com__OntarioWastewaterSurveillanceConsortium_sars-cov-2-data/sars-cov-2-data-main/CSV/TorontoMetropolitanUniversity/AssayMethod.csv,s41597-024-03414-w,assayMethodID | instrumentID | name | version | summary | referenceLink | date | sampleSizeL | inhibition | surrogateRecovery | mCF | mESV | sloq | slod | unit | unitOther,,ambiguous,lf_001,AssayMethod,0.95,exact_basename,16.0,3.0,True,github_github.com__OntarioWastewaterSurveillanceConsortium_sars-cov-2-data/sars-cov-2-data-main/CSV/TorontoMetropolitanUniversity/AssayMethod.csv,.csv,tabular_preview_success
/mydata/doc2validate/gold_benchmarks/scidata_selected_50_v1/s41597-024-03414-w/artifact/github/github_github.com__OntarioWastewaterSurveillanceConsortium_sars-cov-2-data/sars-cov-2-data-main/CSV/Toronto/AssayMethod.csv,s41597-024-03414-w,assayMethodID | instrumentID | name | version | summary | referenceLink | date | sampleSizeL | inhibition | surrogateRecovery | mCF | mESV | sloq | slod | unit | unitOther,,ambiguous,lf_001,AssayMethod,0.95,exact_basename,16.0,10.0,True,github_github.com__OntarioWastewaterSurveillanceConsortium_sars-cov-2-data/sars-cov-2-data-main/CSV/Toronto/AssayMethod.csv,.csv,tabular_preview_success
/mydata/doc2validate/gold_benchmarks/scidata_selected_50_v1/s41597-024-03414-w/artifact/github/github_github.com__OntarioWastewaterSurveillanceConsortium_sars-cov-2-data/sars-cov-2-data-main/CSV/Ottawa/AssayMethod.csv,s41597-024-03414-w,assayMethodID | instrumentID | name | version | summary | referenceLink | date | sampleSizeL | inhibition | surrogateRecovery | mCF | mESV | sloq | slod | unit | unitOther,,ambiguous,lf_001,AssayMethod,0.95,exact_basename,16.0,2.0,True,github_github.com__OntarioWastewaterSurveillanceConsortium_sars-cov-2-data/sars-cov-2-data-main/CSV/Ottawa/AssayMethod.csv,.csv,tabular_preview_success
/mydata/doc2validate/gold_benchmarks/scidata_selected_50_v1/s41597-024-03414-w/artifact/github/github_github.com__OntarioWastewaterSurveillanceConsortium_sars-cov-2-data/sars-cov-2-data-main/CSV/TorontoMetropolitanUniversity/Instrument.csv,s41597-024-03414-w,instrumentID | name | model | description | referenceLink | type | typeOther,,ambiguous,lf_002,Instrument,0.95,exact_basename,7.0,3.0,True,github_github.com__OntarioWastewaterSurveillanceConsortium_sars-cov-2-data/sars-cov-2-data-main/CSV/TorontoMetropolitanUniversity/Instrument.csv,.csv,tabular_preview_success
/mydata/doc2validate/gold_benchmarks/scidata_selected_50_v1/s41597-024-03414-w/artifact/github/github_github.com__OntarioWastewaterSurveillanceConsortium_sars-cov-2-data/sars-cov-2-data-main/CSV/Toronto/Instrument.csv,s41597-024-03414-w,instrumentID | name | model | description | referenceLink | type | typeOther,,ambiguous,lf_002,Instrument,0.95,exact_basename,7.0,1.0,True,github_github.com__OntarioWastewaterSurveillanceConsortium_sars-cov-2-data/sars-cov-2-data-main/CSV/Toronto/Instrument.csv,.csv,tabular_preview_success
/mydata/doc2validate/gold_benchmarks/scidata_selected_50_v1/s41597-024-03414-w/artifact/github/github_github.com__OntarioWastewaterSurveillanceConsortium_sars-cov-2-data/sars-cov-2-data-main/CSV/Ottawa/Instrument.csv,s41597-024-03414-w,instrumentID | name | model | description | referenceLink | type | typeOther,,ambiguous,lf_002,Instrument,0.95,exact_basename,7.0,2.0,True,github_github.com__OntarioWastewaterSurveillanceConsortium_sars-cov-2-data/sars-cov-2-data-main/CSV/Ottawa/Instrument.csv,.csv,tabular_preview_success
/mydata/doc2validate/gold_benchmarks/scidata_selected_50_v1/s41597-024-03414-w/artifact/github/github_github.com__OntarioWastewaterSurveillanceConsortium_sars-cov-2-data/sars-cov-2-data-main/CSV/TorontoMetropolitanUniversity/Lab.csv,s41597-024-03414-w,labID | name | contactName | contactEmail | contactPhone | contactPhoneExt | updateDate,,ambiguous,lf_003,Lab,0.95,exact_basename,7.0,1.0,True,github_github.com__OntarioWastewaterSurveillanceConsortium_sars-cov-2-data/sars-cov-2-data-main/CSV/TorontoMetropolitanUniversity/Lab.csv,.csv,tabular_preview_success
/mydata/doc2validate/gold_benchmarks/scidata_selected_50_v1/s41597-024-03414-w/artifact/github/github_github.com__OntarioWastewaterSurveillanceConsortium_sars-cov-2-data/sars-cov-2-data-main/CSV/Toronto/Lab.csv,s41597-024-03414-w,labID | name | contactName | contactEmail | contactPhone | contactPhoneExt | updateDate,,ambiguous,lf_003,Lab,0.95,exact_basename,7.0,2.0,True,github_github.com__OntarioWastewaterSurveillanceConsortium_sars-cov-2-data/sars-cov-2-data-main/CSV/Toronto/Lab.csv,.csv,tabular_preview_success
/mydata/doc2validate/gold_benchmarks/scidata_selected_50_v1/s41597-024-03414-w/artifact/github/github_github.com__OntarioWastewaterSurveillanceConsortium_sars-cov-2-data/sars-cov-2-data-main/CSV/Ottawa/Lab.csv,s41597-024-03414-w,labID | name | contactName | contactEmail | contactPhone | contactPhoneExt | updateDate,,ambiguous,lf_003,Lab,0.95,exact_basename,7.0,2.0,True,github_github.com__OntarioWastewaterSurveillanceConsortium_sars-cov-2-data/sars-cov-2-data-main/CSV/Ottawa/Lab.csv,.csv,tabular_preview_success
/mydata/doc2validate/gold_benchmarks/scidata_selected_50_v1/s41597-024-03414-w/artifact/github/github_github.com__OntarioWastewaterSurveillanceConsortium_sars-cov-2-data/sars-cov-2-data-main/CSV/TorontoMetropolitanUniversity/Sample.csv,s41597-024-03414-w,sampleID | siteID | type | collection | dateTime | dateTimeStart | dateTimeEnd | sizeL | fieldSampleTempC | shippedOnIce | notes,,ambiguous,lf_004,Sample,0.95,exact_basename,11.0,10.0,True,github_github.com__OntarioWastewaterSurveillanceConsortium_sars-cov-2-data/sars-cov-2-data-main/CSV/TorontoMetropolitanUniversity/Sample.csv,.csv,tabular_preview_success
/mydata/doc2validate/gold_benchmarks/scidata_selected_50_v1/s41597-024-03414-w/artifact/github/github_github.com__OntarioWastewaterSurveillanceConsortium_sars-cov-2-data/sars-cov-2-data-main/CSV/Toronto/Sample.csv,s41597-024-03414-w,sampleID | siteID | type | collection | dateTime | dateTimeStart | dateTimeEnd | sizeL | fieldSampleTempC | shippedOnIce | sentDate | recDate | notes,,ambiguous,lf_004,Sample,0.95,exact_basename,13.0,10.0,True,github_github.com__OntarioWastewaterSurveillanceConsortium_sars-cov-2-data/sars-cov-2-data-main/CSV/Toronto/Sample.csv,.csv,tabular_preview_success
/mydata/doc2validate/gold_benchmarks/scidata_selected_50_v1/s41597-024-03414-w/artifact/github/github_github.com__OntarioWastewaterSurveillanceConsortium_sars-cov-2-data/sars-cov-2-data-main/CSV/Ottawa/Sample.csv,s41597-024-03414-w,sampleID | siteID | type | collection | dateTime | dateTimeStart | dateTimeEnd | sizeL | fieldSampleTempC | shippedOnIce | sentDate | recDate | notes,,ambiguous,lf_004,Sample,0.95,exact_basename,13.0,10.0,True,github_github.com__OntarioWastewaterSurveillanceConsortium_sars-cov-2-data/sars-cov-2-data-main/CSV/Ottawa/Sample.csv,.csv,tabular_preview_success
/mydata/doc2validate/gold_benchmarks/scidata_selected_50_v1/s41597-024-03414-w/artifact/github/github_github.com__OntarioWastewaterSurveillanceConsortium_sars-cov-2-data/sars-cov-2-data-main/CSV/TorontoMetropolitanUniversity/Site.csv,s41597-024-03414-w,siteID | name | description | type | typeOther | healthRegion | publicHealthDepartment | geoLat | geoLong | notes,,ambiguous,lf_005,Site,0.95,exact_basename,10.0,10.0,True,github_github.com__OntarioWastewaterSurveillanceConsortium_sars-cov-2-data/sars-cov-2-data-main/CSV/TorontoMetropolitanUniversity/Site.csv,.csv,tabular_preview_success
/mydata/doc2validate/gold_benchmarks/scidata_selected_50_v1/s41597-024-03414-w/artifact/github/github_github.com__OntarioWastewaterSurveillanceConsortium_sars-cov-2-data/sars-cov-2-data-main/CSV/Toronto/Site.csv,s41597-024-03414-w,siteID | name | description | type | typeOther | healthRegion | publicHealthDepartment | geoLat | geoLong | notes,,ambiguous,lf_005,Site,0.95,exact_basename,10.0,10.0,True,github_github.com__OntarioWastewaterSurveillanceConsortium_sars-cov-2-data/sars-cov-2-data-main/CSV/Toronto/Site.csv,.csv,tabular_preview_success
/mydata/doc2validate/gold_benchmarks/scidata_selected_50_v1/s41597-024-03414-w/artifact/github/github_github.com__OntarioWastewaterSurveillanceConsortium_sars-cov-2-data/sars-cov-2-data-main/CSV/Ottawa/Site.csv,s41597-024-03414-w,siteID | name | description | type | typeOther | healthRegion | publicHealthDepartment | geoLat | geoLong | notes,,ambiguous,lf_005,Site,0.95,exact_basename,10.0,10.0,True,github_github.com__OntarioWastewaterSurveillanceConsortium_sars-cov-2-data/sars-cov-2-data-main/CSV/Ottawa/Site.csv,.csv,tabular_preview_success
/mydata/doc2validate/gold_benchmarks/scidata_selected_50_v1/s41597-024-03414-w/artifact/github/github_github.com__OntarioWastewaterSurveillanceConsortium_sars-cov-2-data/sars-cov-2-data-main/CSV/TorontoMetropolitanUniversity/SiteMeasure.csv,s41597-024-03414-w,uSiteMeasureID | siteID | sampleID | reporterID | dateTime | type | typeOther | typeDescription | aggregation | aggregationOther | aggregationDesc | value | unit | notes,,ambiguous,lf_006,SiteMeasure,0.95,exact_basename,14.0,10.0,True,github_github.com__OntarioWastewaterSurveillanceConsortium_sars-cov-2-data/sars-cov-2-data-main/CSV/TorontoMetropolitanUniversity/SiteMeasure.csv,.csv,tabular_preview_success
/mydata/doc2validate/gold_benchmarks/scidata_selected_50_v1/s41597-024-03414-w/artifact/github/github_github.com__OntarioWastewaterSurveillanceConsortium_sars-cov-2-data/sars-cov-2-data-main/CSV/Toronto/SiteMeasure.csv,s41597-024-03414-w,uSiteMeasureID | siteID | sampleID | reporterID | dateTime | type | typeOther | typeDescription | aggregation | aggregationOther | aggregationDesc | value | unit | notes,,ambiguous,lf_006,SiteMeasure,0.95,exact_basename,14.0,10.0,True,github_github.com__OntarioWastewaterSurveillanceConsortium_sars-cov-2-data/sars-cov-2-data-main/CSV/Toronto/SiteMeasure.csv,.csv,tabular_preview_success
/mydata/doc2validate/gold_benchmarks/scidata_selected_50_v1/s41597-024-03414-w/artifact/github/github_github.com__OntarioWastewaterSurveillanceConsortium_sars-cov-2-data/sars-cov-2-data-main/CSV/Ottawa/SiteMeasure.csv,s41597-024-03414-w,uSiteMeasureID | siteID | sampleID | reporterID | dateTime | type | typeOther | typeDescription | aggregation | aggregationOther | aggregationDesc | value | unit | notes,,ambiguous,lf_006,SiteMeasure,0.95,exact_basename,14.0,0.0,True,github_github.com__OntarioWastewaterSurveillanceConsortium_sars-cov-2-data/sars-cov-2-data-main/CSV/Ottawa/SiteMeasure.csv,.csv,tabular_preview_success
/mydata/doc2validate/gold_benchmarks/scidata_selected_50_v1/s41597-024-03414-w/artifact/github/github_github.com__OntarioWastewaterSurveillanceConsortium_sars-cov-2-data/sars-cov-2-data-main/CSV/TorontoMetropolitanUniversity/WWMeasure.csv,s41597-024-03414-w,uWwMeasureID | sampleID | labID | assayMethodID | instrumentID | reporterID | analysisDate | reportDate | fractionAnalyzed | type | typeOther | unit | unitOther | index | value | qualityFlag | CF | ESV | notes,,ambiguous,lf_007,WWMeasure,0.95,exact_basename,19.0,10.0,True,github_github.com__OntarioWastewaterSurveillanceConsortium_sars-cov-2-data/sars-cov-2-data-main/CSV/TorontoMetropolitanUniversity/WWMeasure.csv,.csv,tabular_preview_success
/mydata/doc2validate/gold_benchmarks/scidata_selected_50_v1/s41597-024-03414-w/artifact/github/github_github.com__OntarioWastewaterSurveillanceConsortium_sars-cov-2-data/sars-cov-2-data-main/CSV/Toronto/WWMeasure.csv,s41597-024-03414-w,uWwMeasureID | sampleID | labID | assayMethodID | instrumentID | reporterID | analysisDate | reportDate | fractionAnalyzed | type | typeOther | unit | unitOther | index | value | qualityFlag | CF | ESV | notes,,ambiguous,lf_007,WWMeasure,0.95,exact_basename,19.0,10.0,True,github_github.com__OntarioWastewaterSurveillanceConsortium_sars-cov-2-data/sars-cov-2-data-main/CSV/Toronto/WWMeasure.csv,.csv,tabular_preview_success
/mydata/doc2validate/gold_benchmarks/scidata_selected_50_v1/s41597-024-03414-w/artifact/github/github_github.com__OntarioWastewaterSurveillanceConsortium_sars-cov-2-data/sars-cov-2-data-main/CSV/Ottawa/WWMeasure.csv,s41597-024-03414-w,uWwMeasureID | sampleID | labID | assayMethodID | instrumentID | reporterID | analysisDate | reportDate | fractionAnalyzed | type | typeOther | unit | unitOther | index | value | qualityFlag | CF | ESV | notes,,ambiguous,lf_007,WWMeasure,0.95,exact_basename,19.0,10.0,True,github_github.com__OntarioWastewaterSurveillanceConsortium_sars-cov-2-data/sars-cov-2-data-main/CSV/Ottawa/WWMeasure.csv,.csv,tabular_preview_success
/mydata/doc2validate/gold_benchmarks/scidata_selected_50_v1/s41597-024-03414-w/artifact/github/github_github.com__OntarioWastewaterSurveillanceConsortium_sars-cov-2-data/sars-cov-2-data-main/CSV/TorontoMetropolitanUniversity/Reporter.csv,s41597-024-03414-w,reporterID | contactName | contactEmail | contactPhone | contactPhoneExt | notes,,ambiguous,lf_008,Reporter,0.95,exact_basename,6.0,3.0,True,github_github.com__OntarioWastewaterSurveillanceConsortium_sars-cov-2-data/sars-cov-2-data-main/CSV/TorontoMetropolitanUniversity/Reporter.csv,.csv,tabular_preview_success
/mydata/doc2validate/gold_benchmarks/scidata_selected_50_v1/s41597-024-03414-w/artifact/github/github_github.com__OntarioWastewaterSurveillanceConsortium_sars-cov-2-data/sars-cov-2-data-main/CSV/Toronto/Reporter.csv,s41597-024-03414-w,reporterID | contactName | contactEmail | contactPhone | contactPhoneExt | notes,,ambiguous,lf_008,Reporter,0.95,exact_basename,6.0,1.0,True,github_github.com__OntarioWastewaterSurveillanceConsortium_sars-cov-2-data/sars-cov-2-data-main/CSV/Toronto/Reporter.csv,.csv,tabular_preview_success
/mydata/doc2validate/gold_benchmarks/scidata_selected_50_v1/s41597-024-03414-w/artifact/github/github_github.com__OntarioWastewaterSurveillanceConsortium_sars-cov-2-data/sars-cov-2-data-main/CSV/Ottawa/Reporter.csv,s41597-024-03414-w,reporterID | contactName | contactEmail | contactPhone | contactPhoneExt | notes,,ambiguous,lf_008,Reporter,0.95,exact_basename,6.0,5.0,True,github_github.com__OntarioWastewaterSurveillanceConsortium_sars-cov-2-data/sars-cov-2-data-main/CSV/Ottawa/Reporter.csv,.csv,tabular_preview_success
/mydata/doc2validate/gold_benchmarks/scidata_selected_50_v1/s41597-024-04232-w/artifact/github/github_github.com__j-adamczyk_ApisTox_dataset/ApisTox_dataset-master/outputs/dataset_final.csv,s41597-024-04232-w,name | CID | CAS | SMILES | source | year | toxicity_type | herbicide | fungicide | insecticide | other_agrochemical | label | ppdb_level,,resolved,lf_001,final_dataset,0.95,exact_basename,13.0,10.0,True,github_github.com__j-adamczyk_ApisTox_dataset/ApisTox_dataset-master/outputs/dataset_final.csv,.csv,tabular_preview_success
/mydata/doc2validate/gold_benchmarks/scidata_selected_50_v1/s41597-024-04232-w/artifact/github/github_github.com__j-adamczyk_ApisTox_dataset/ApisTox_dataset-master/raw_data/ecotox.csv,s41597-024-04232-w,,"Error tokenizing data. C error: Expected 4 fields in line 4, saw 7
",resolved,lf_002,ecotox_raw,0.95,exact_basename,,,False,github_github.com__j-adamczyk_ApisTox_dataset/ApisTox_dataset-master/raw_data/ecotox.csv,.csv,unsupported_format
/mydata/doc2validate/gold_benchmarks/scidata_selected_50_v1/s41597-024-04232-w/artifact/github/github_github.com__j-adamczyk_ApisTox_dataset/ApisTox_dataset-master/raw_data/ppdb.csv,s41597-024-04232-w,name | CID | CAS | SMILES | source | toxicity_type | herbicide | fungicide | insecticide | other_agrochemical | label | ppdb_level,,resolved,lf_003,ppdb_raw,0.95,exact_basename,12.0,10.0,True,github_github.com__j-adamczyk_ApisTox_dataset/ApisTox_dataset-master/raw_data/ppdb.csv,.csv,tabular_preview_success
/mydata/doc2validate/gold_benchmarks/scidata_selected_50_v1/s41597-024-04232-w/artifact/github/github_github.com__j-adamczyk_ApisTox_dataset/ApisTox_dataset-master/raw_data/bpdb.csv,s41597-024-04232-w,name | CID | CAS | SMILES | source | toxicity_type | herbicide | fungicide | insecticide | other_agrochemical | label | ppdb_level,,resolved,lf_004,bpdb_raw,0.95,exact_basename,12.0,10.0,True,github_github.com__j-adamczyk_ApisTox_dataset/ApisTox_dataset-master/raw_data/bpdb.csv,.csv,tabular_preview_success
/mydata/doc2validate/gold_benchmarks/scidata_selected_50_v1/s41597-024-04232-w/artifact/github/github_github.com__j-adamczyk_ApisTox_dataset/ApisTox_dataset-master/outputs/ecotox_cleaned_data.csv,s41597-024-04232-w,CAS | toxicity_type | label | ppdb_level | SMILES | CID | herbicide | fungicide | insecticide | other_agrochemical | name | source,,resolved,lf_005,ecotox_cleaned,0.95,exact_basename,12.0,10.0,True,github_github.com__j-adamczyk_ApisTox_dataset/ApisTox_dataset-master/outputs/ecotox_cleaned_data.csv,.csv,tabular_preview_success
/mydata/doc2validate/gold_benchmarks/scidata_selected_50_v1/s41597-024-04232-w/artifact/github/github_github.com__j-adamczyk_ApisTox_dataset/ApisTox_dataset-master/outputs/excluded_data.csv,s41597-024-04232-w,CAS | name | exposure_type | observed_response_mean | observed_response_unit | Exclusion reason,,resolved,lf_006,excluded_data,0.95,exact_basename,6.0,10.0,True,github_github.com__j-adamczyk_ApisTox_dataset/ApisTox_dataset-master/outputs/excluded_data.csv,.csv,tabular_preview_success
/mydata/doc2validate/gold_benchmarks/scidata_selected_50_v1/s41597-024-04232-w/artifact/github/github_github.com__j-adamczyk_ApisTox_dataset/ApisTox_dataset-master/outputs/splits/maxmin_train.csv,s41597-024-04232-w,name | CID | CAS | SMILES | source | year | toxicity_type | herbicide | fungicide | insecticide | other_agrochemical | label | ppdb_level,,ambiguous,lf_007,train_test_splits,0.65,stem_contains,13.0,10.0,True,github_github.com__j-adamczyk_ApisTox_dataset/ApisTox_dataset-master/outputs/splits/maxmin_train.csv,.csv,tabular_preview_success
/mydata/doc2validate/gold_benchmarks/scidata_selected_50_v1/s41597-024-04232-w/artifact/github/github_github.com__j-adamczyk_ApisTox_dataset/ApisTox_dataset-master/outputs/splits/random_train.csv,s41597-024-04232-w,name | CID | CAS | SMILES | source | year | toxicity_type | herbicide | fungicide | insecticide | other_agrochemical | label | ppdb_level,,ambiguous,lf_007,train_test_splits,0.65,stem_contains,13.0,10.0,True,github_github.com__j-adamczyk_ApisTox_dataset/ApisTox_dataset-master/outputs/splits/random_train.csv,.csv,tabular_preview_success
/mydata/doc2validate/gold_benchmarks/scidata_selected_50_v1/s41597-024-04232-w/artifact/github/github_github.com__j-adamczyk_ApisTox_dataset/ApisTox_dataset-master/outputs/splits/maxmin_test.csv,s41597-024-04232-w,name | CID | CAS | SMILES | source | year | toxicity_type | herbicide | fungicide | insecticide | other_agrochemical | label | ppdb_level,,ambiguous,lf_007,train_test_splits,0.65,stem_contains,13.0,10.0,True,github_github.com__j-adamczyk_ApisTox_dataset/ApisTox_dataset-master/outputs/splits/maxmin_test.csv,.csv,tabular_preview_success
/mydata/doc2validate/gold_benchmarks/scidata_selected_50_v1/s41597-024-04232-w/artifact/github/github_github.com__j-adamczyk_ApisTox_dataset/ApisTox_dataset-master/outputs/dataset_final.csv,s41597-024-04232-w,name | CID | CAS | SMILES | source | year | toxicity_type | herbicide | fungicide | insecticide | other_agrochemical | label | ppdb_level,,resolved,lf_008,molecular_properties,0.95,exact_basename,13.0,10.0,True,github_github.com__j-adamczyk_ApisTox_dataset/ApisTox_dataset-master/outputs/dataset_final.csv,.csv,tabular_preview_success
/mydata/doc2validate/gold_benchmarks/scidata_selected_50_v1/s41597-025-05156-9/artifact/github/github_github.com__LLMWorldOfWords_LWOW/LWOW-main/readme_images/LWOW Logo.jpg,s41597-025-05156-9,,Unsupported preview suffix: .jpg,weak_match,lf_001,LLM Free Association Responses,0.65,stem_contains,,,False,github_github.com__LLMWorldOfWords_LWOW/LWOW-main/readme_images/LWOW Logo.jpg,.jpg,image_artifact_not_tabular
/mydata/doc2validate/gold_benchmarks/scidata_selected_50_v1/s41597-025-05156-9/artifact/github/github_github.com__LLMWorldOfWords_LWOW/LWOW-main/reproducibility/FA_build_Networks.py,s41597-025-05156-9,,Unsupported preview suffix: .py,resolved,lf_006,Network Construction Scripts,0.95,exact_basename,,,False,github_github.com__LLMWorldOfWords_LWOW/LWOW-main/reproducibility/FA_build_Networks.py,.py,code_or_notebook_artifact_not_tabular
/mydata/doc2validate/gold_benchmarks/scidata_selected_50_v1/s41597-025-05156-9/artifact/github/github_github.com__LLMWorldOfWords_LWOW/LWOW-main/reproducibility/FA_data_Cleaning.py,s41597-025-05156-9,,Unsupported preview suffix: .py,resolved,lf_007,Data Cleaning Scripts,0.95,exact_basename,,,False,github_github.com__LLMWorldOfWords_LWOW/LWOW-main/reproducibility/FA_data_Cleaning.py,.py,code_or_notebook_artifact_not_tabular
/mydata/doc2validate/gold_benchmarks/scidata_selected_50_v1/s41597-025-05156-9/artifact/github/github_github.com__LLMWorldOfWords_LWOW/LWOW-main/reproducibility/FA_spreadr.r,s41597-025-05156-9,,Unsupported preview suffix: .r,resolved,lf_008,Spreading Activation Analysis,0.95,exact_basename,,,False,github_github.com__LLMWorldOfWords_LWOW/LWOW-main/reproducibility/FA_spreadr.r,.r,code_or_notebook_artifact_not_tabular
/mydata/doc2validate/gold_benchmarks/scidata_selected_50_v1/s41597-020-00702-z/artifact/github/github_github.com__idiv-biodiversity_lcvplants/lcvplants-master/docs/reference/LCVP.html,s41597-020-00702-z,,Unsupported preview suffix: .html,ambiguous,lf_001,LCVP plant names dataset,0.65,stem_contains,,,False,github_github.com__idiv-biodiversity_lcvplants/lcvplants-master/docs/reference/LCVP.html,.html,document_or_text_artifact_not_tabular
/mydata/doc2validate/gold_benchmarks/scidata_selected_50_v1/s41597-020-00702-z/artifact/github/github_github.com__idiv-biodiversity_LCVP/LCVP-master/LCVP.Rproj,s41597-020-00702-z,,Unsupported preview suffix: .rproj,ambiguous,lf_001,LCVP plant names dataset,0.65,stem_contains,,,False,github_github.com__idiv-biodiversity_LCVP/LCVP-master/LCVP.Rproj,.rproj,unsupported_format
/mydata/doc2validate/gold_benchmarks/scidata_selected_50_v1/s41597-020-00702-z/artifact/github/github_github.com__idiv-biodiversity_LCVP/LCVP-master/R/update_LCVP_data.R,s41597-020-00702-z,,Unsupported preview suffix: .r,ambiguous,lf_001,LCVP plant names dataset,0.65,stem_contains,,,False,github_github.com__idiv-biodiversity_LCVP/LCVP-master/R/update_LCVP_data.R,.r,code_or_notebook_artifact_not_tabular
/mydata/doc2validate/gold_benchmarks/scidata_selected_50_v1/s41597-020-00702-z/artifact/github/github_github.com__idiv-biodiversity_lcvplants/lcvplants-master/.github/workflows/r.yml,s41597-020-00702-z,,Unsupported preview suffix: .yml,weak_match,lf_002,Literature bibliography,0.65,stem_contains,,,False,github_github.com__idiv-biodiversity_lcvplants/lcvplants-master/.github/workflows/r.yml,.yml,structured_metadata_not_tabular
/mydata/doc2validate/gold_benchmarks/scidata_selected_50_v1/s41597-020-00702-z/artifact/github/github_github.com__idiv-biodiversity_lcvplants/lcvplants-master/.github/workflows/r.yml,s41597-020-00702-z,,Unsupported preview suffix: .yml,weak_match,lf_003,Taxa-literature linkage table,0.65,stem_contains,,,False,github_github.com__idiv-biodiversity_lcvplants/lcvplants-master/.github/workflows/r.yml,.yml,structured_metadata_not_tabular
/mydata/doc2validate/gold_benchmarks/scidata_selected_50_v1/s41597-020-00702-z/artifact/github/github_github.com__idiv-biodiversity_lcvplants/lcvplants-master/docs/reference/LCVP.html,s41597-020-00702-z,,Unsupported preview suffix: .html,ambiguous,lf_004,R package - LCVP data,0.65,stem_contains,,,False,github_github.com__idiv-biodiversity_lcvplants/lcvplants-master/docs/reference/LCVP.html,.html,document_or_text_artifact_not_tabular
/mydata/doc2validate/gold_benchmarks/scidata_selected_50_v1/s41597-020-00702-z/artifact/github/github_github.com__idiv-biodiversity_lcvplants/lcvplants-master/.github/workflows/r.yml,s41597-020-00702-z,,Unsupported preview suffix: .yml,ambiguous,lf_004,R package - LCVP data,0.65,stem_contains,,,False,github_github.com__idiv-biodiversity_lcvplants/lcvplants-master/.github/workflows/r.yml,.yml,structured_metadata_not_tabular
/mydata/doc2validate/gold_benchmarks/scidata_selected_50_v1/s41597-020-00702-z/artifact/github/github_github.com__idiv-biodiversity_LCVP/LCVP-master/LCVP.Rproj,s41597-020-00702-z,,Unsupported preview suffix: .rproj,ambiguous,lf_004,R package - LCVP data,0.65,stem_contains,,,False,github_github.com__idiv-biodiversity_LCVP/LCVP-master/LCVP.Rproj,.rproj,unsupported_format
/mydata/doc2validate/gold_benchmarks/scidata_selected_50_v1/s41597-020-00702-z/artifact/github/github_github.com__idiv-biodiversity_lcvplants/lcvplants-master/lcvplants.Rproj,s41597-020-00702-z,,Unsupported preview suffix: .rproj,ambiguous,lf_005,R package - lcvplants tool,0.65,stem_contains,,,False,github_github.com__idiv-biodiversity_lcvplants/lcvplants-master/lcvplants.Rproj,.rproj,unsupported_format
/mydata/doc2validate/gold_benchmarks/scidata_selected_50_v1/s41597-020-00702-z/artifact/github/github_github.com__idiv-biodiversity_lcvplants/lcvplants-master/docs/reference/LCVP.html,s41597-020-00702-z,,Unsupported preview suffix: .html,ambiguous,lf_005,R package - lcvplants tool,0.65,stem_contains,,,False,github_github.com__idiv-biodiversity_lcvplants/lcvplants-master/docs/reference/LCVP.html,.html,document_or_text_artifact_not_tabular
/mydata/doc2validate/gold_benchmarks/scidata_selected_50_v1/s41597-020-00702-z/artifact/github/github_github.com__idiv-biodiversity_lcvplants/lcvplants-master/.github/workflows/r.yml,s41597-020-00702-z,,Unsupported preview suffix: .yml,ambiguous,lf_005,R package - lcvplants tool,0.65,stem_contains,,,False,github_github.com__idiv-biodiversity_lcvplants/lcvplants-master/.github/workflows/r.yml,.yml,structured_metadata_not_tabular
/mydata/doc2validate/gold_benchmarks/scidata_selected_50_v1/s41597-020-00702-z/artifact/github/github_github.com__idiv-biodiversity_lcvplants/lcvplants-master/DESCRIPTION,s41597-020-00702-z,,Unsupported preview suffix: ,ambiguous,lf_006,Metadata description file,0.45,token_overlap_low,,,False,github_github.com__idiv-biodiversity_lcvplants/lcvplants-master/DESCRIPTION,,unsupported_format
/mydata/doc2validate/gold_benchmarks/scidata_selected_50_v1/s41597-020-00702-z/artifact/github/github_github.com__idiv-biodiversity_LCVP/LCVP-master/DESCRIPTION,s41597-020-00702-z,,Unsupported preview suffix: ,ambiguous,lf_006,Metadata description file,0.45,token_overlap_low,,,False,github_github.com__idiv-biodiversity_LCVP/LCVP-master/DESCRIPTION,,unsupported_format
/mydata/doc2validate/gold_benchmarks/scidata_selected_50_v1/s41597-021-00929-4/artifact/github/github_github.com__lisavirginia_clinical-abbreviations/clinical-abbreviations-master/code/Step4_RemoveRedundancy/bert/train.py,s41597-021-00929-4,,Unsupported preview suffix: .py,weak_match,lf_005,Training Data for Cross-Mapping,0.65,stem_contains,,,False,github_github.com__lisavirginia_clinical-abbreviations/clinical-abbreviations-master/code/Step4_RemoveRedundancy/bert/train.py,.py,code_or_notebook_artifact_not_tabular
/mydata/doc2validate/gold_benchmarks/scidata_selected_50_v1/s41597-021-00929-4/artifact/github/github_github.com__lisavirginia_clinical-abbreviations/clinical-abbreviations-master/README.md,s41597-021-00929-4,,Unsupported preview suffix: .md,ambiguous,lf_007,Data Dictionary,0.65,stem_contains,,,False,github_github.com__lisavirginia_clinical-abbreviations/clinical-abbreviations-master/README.md,.md,document_or_text_artifact_not_tabular
/mydata/doc2validate/gold_benchmarks/scidata_selected_50_v1/s41597-021-00929-4/artifact/github/github_github.com__lisavirginia_clinical-abbreviations/clinical-abbreviations-master/sources/README.md,s41597-021-00929-4,,Unsupported preview suffix: .md,ambiguous,lf_007,Data Dictionary,0.65,stem_contains,,,False,github_github.com__lisavirginia_clinical-abbreviations/clinical-abbreviations-master/sources/README.md,.md,document_or_text_artifact_not_tabular
/mydata/doc2validate/gold_benchmarks/scidata_selected_50_v1/s41597-021-00929-4/artifact/github/github_github.com__lisavirginia_clinical-abbreviations/clinical-abbreviations-master/metainventory/README.md,s41597-021-00929-4,,Unsupported preview suffix: .md,ambiguous,lf_007,Data Dictionary,0.65,stem_contains,,,False,github_github.com__lisavirginia_clinical-abbreviations/clinical-abbreviations-master/metainventory/README.md,.md,document_or_text_artifact_not_tabular
/mydata/doc2validate/gold_benchmarks/scidata_selected_50_v1/s41597-022-01543-8/artifact/github/github_github.com__amel-github_sars-ani/sars-ani-main/sars_ani_data.csv,s41597-022-01543-8,ID | primary_source | archive_event_number | link_web | secondary_source | secondary_source_ID | secondary_source_web | host_com_orig  | host_sci_orig | host_com_res | host_sci_res | host_colloq | host_sci_spec_res | family | epidemiological_unit | number_cases | number_susceptible | number_tested | number_deaths | age | sex | country_iso3 | country_name | subnational_administration | city | location_detail | date_confirmed | date_reported | date_published | related_to_other_entries | related_ID | test | sampling_type | test_2 | sampling_type_2 | test_3 | sampling_type_3 | negative_test | negative_sampling_type | negative_test_2 | negative_sampling_type_2 | reason_for_testing | symptoms | outcome | living_conditions | source_of_infection | variant | control_measures | original_source | link_original_source,,resolved,lf_001,primary_data,0.95,exact_basename,50.0,10.0,True,github_github.com__amel-github_sars-ani/sars-ani-main/sars_ani_data.csv,.csv,tabular_preview_success
/mydata/doc2validate/gold_benchmarks/scidata_selected_50_v1/s41597-022-01543-8/artifact/github/github_github.com__amel-github_sars-ani/sars-ani-main/sars_ani_validation.R,s41597-022-01543-8,,Unsupported preview suffix: .r,resolved,lf_003,data_validation_script,0.95,exact_basename,,,False,github_github.com__amel-github_sars-ani/sars-ani-main/sars_ani_validation.R,.r,code_or_notebook_artifact_not_tabular
/mydata/doc2validate/gold_benchmarks/scidata_selected_50_v1/s41597-022-01543-8/artifact/github/github_github.com__amel-github_sars-ani/sars-ani-main/sars_ani_visualization.Rmd,s41597-022-01543-8,,Unsupported preview suffix: .rmd,resolved,lf_004,data_visualization_script,0.95,exact_basename,,,False,github_github.com__amel-github_sars-ani/sars-ani-main/sars_ani_visualization.Rmd,.rmd,code_or_notebook_artifact_not_tabular
/mydata/doc2validate/gold_benchmarks/scidata_selected_50_v1/s41597-022-01543-8/artifact/github/github_github.com__amel-github_sars-ani/sars-ani-main/sars_ani_excluded_rep.xlsx,s41597-022-01543-8,archive_event_number | links | source | date_published | reason_for_exclusion | main topic of the report,,resolved,lf_005,excluded_reports_log,0.95,exact_basename,6.0,10.0,True,github_github.com__amel-github_sars-ani/sars-ani-main/sars_ani_excluded_rep.xlsx,.xlsx,tabular_preview_success
/mydata/doc2validate/gold_benchmarks/scidata_selected_50_v1/s41597-022-01543-8/artifact/github/github_github.com__amel-github_sars-ani/sars-ani-main/sars_ani_examples.pdf,s41597-022-01543-8,,Unsupported preview suffix: .pdf,resolved,lf_006,data_examples_document,0.95,exact_basename,,,False,github_github.com__amel-github_sars-ani/sars-ani-main/sars_ani_examples.pdf,.pdf,document_or_text_artifact_not_tabular
/mydata/doc2validate/gold_benchmarks/scidata_selected_50_v1/s41597-022-01543-8/artifact/github/github_github.com__amel-github_sars-ani/sars-ani-main/README.md,s41597-022-01543-8,,Unsupported preview suffix: .md,resolved,lf_007,project_readme,0.95,exact_basename,,,False,github_github.com__amel-github_sars-ani/sars-ani-main/README.md,.md,document_or_text_artifact_not_tabular
/mydata/doc2validate/gold_benchmarks/scidata_selected_50_v1/s41597-022-01543-8/artifact/github/github_github.com__amel-github_sars-ani/sars-ani-main/Contributing.md,s41597-022-01543-8,,Unsupported preview suffix: .md,resolved,lf_008,contribution_guidelines,0.95,exact_basename,,,False,github_github.com__amel-github_sars-ani/sars-ani-main/Contributing.md,.md,document_or_text_artifact_not_tabular
/mydata/doc2validate/gold_benchmarks/scidata_selected_50_v1/s41597-023-01938-1/artifact/github/github_github.com__EmoryPcvdLab_EagleVAC/EagleVAC-main/EAGLE449/atlas_b4_hypothalamus.nii.gz,s41597-023-01938-1,,Unsupported preview suffix: .gz,ambiguous,lf_001,volumetric_atlas_nifti_files,0.45,token_overlap_low,,,False,github_github.com__EmoryPcvdLab_EagleVAC/EagleVAC-main/EAGLE449/atlas_b4_hypothalamus.nii.gz,.gz,archive_artifact_requires_unpacking
/mydata/doc2validate/gold_benchmarks/scidata_selected_50_v1/s41597-023-01938-1/artifact/github/github_github.com__EmoryPcvdLab_EagleVAC/EagleVAC-main/EAGLE449/atlas_b1_thalamus.nii.gz,s41597-023-01938-1,,Unsupported preview suffix: .gz,ambiguous,lf_001,volumetric_atlas_nifti_files,0.45,token_overlap_low,,,False,github_github.com__EmoryPcvdLab_EagleVAC/EagleVAC-main/EAGLE449/atlas_b1_thalamus.nii.gz,.gz,archive_artifact_requires_unpacking
/mydata/doc2validate/gold_benchmarks/scidata_selected_50_v1/s41597-023-01938-1/artifact/github/github_github.com__EmoryPcvdLab_EagleVAC/EagleVAC-main/EAGLE449/atlas_a1_eickhoff-indovina.nii.gz,s41597-023-01938-1,,Unsupported preview suffix: .gz,ambiguous,lf_001,volumetric_atlas_nifti_files,0.45,token_overlap_low,,,False,github_github.com__EmoryPcvdLab_EagleVAC/EagleVAC-main/EAGLE449/atlas_a1_eickhoff-indovina.nii.gz,.gz,archive_artifact_requires_unpacking
/mydata/doc2validate/gold_benchmarks/scidata_selected_50_v1/s41597-023-01938-1/artifact/github/github_github.com__EmoryPcvdLab_EagleVAC/EagleVAC-main/EAGLE449/atlas_b3_diencephalon.txt,s41597-023-01938-1,,Unsupported preview suffix: .txt,ambiguous,lf_002,lookup_tables_luts,0.9,glob_pattern,,,False,github_github.com__EmoryPcvdLab_EagleVAC/EagleVAC-main/EAGLE449/atlas_b3_diencephalon.txt,.txt,document_or_text_artifact_not_tabular
/mydata/doc2validate/gold_benchmarks/scidata_selected_50_v1/s41597-023-01938-1/artifact/github/github_github.com__EmoryPcvdLab_EagleVAC/EagleVAC-main/EAGLE449/atlas_a3_cerebellum-suit.txt,s41597-023-01938-1,,Unsupported preview suffix: .txt,ambiguous,lf_002,lookup_tables_luts,0.9,glob_pattern,,,False,github_github.com__EmoryPcvdLab_EagleVAC/EagleVAC-main/EAGLE449/atlas_a3_cerebellum-suit.txt,.txt,document_or_text_artifact_not_tabular
/mydata/doc2validate/gold_benchmarks/scidata_selected_50_v1/s41597-023-01938-1/artifact/github/github_github.com__EmoryPcvdLab_EagleVAC/EagleVAC-main/EAGLE449/atlas_b2_brainstem.txt,s41597-023-01938-1,,Unsupported preview suffix: .txt,ambiguous,lf_002,lookup_tables_luts,0.9,glob_pattern,,,False,github_github.com__EmoryPcvdLab_EagleVAC/EagleVAC-main/EAGLE449/atlas_b2_brainstem.txt,.txt,document_or_text_artifact_not_tabular
/mydata/doc2validate/gold_benchmarks/scidata_selected_50_v1/s41597-023-01938-1/artifact/github/github_github.com__EmoryPcvdLab_EagleVAC/EagleVAC-main/EAGLE449/CONN suggested ROI order.txt,s41597-023-01938-1,,Unsupported preview suffix: .txt,resolved,lf_004,conn_suggested_roi_order,0.85,stem_match,,,False,github_github.com__EmoryPcvdLab_EagleVAC/EagleVAC-main/EAGLE449/CONN suggested ROI order.txt,.txt,document_or_text_artifact_not_tabular
/mydata/doc2validate/gold_benchmarks/scidata_selected_50_v1/s41597-023-01938-1/artifact/github/github_github.com__EmoryPcvdLab_EagleVAC/EagleVAC-main/EAGLE449/CONN suggested labels.txt,s41597-023-01938-1,,Unsupported preview suffix: .txt,resolved,lf_005,conn_suggested_labels,0.85,stem_match,,,False,github_github.com__EmoryPcvdLab_EagleVAC/EagleVAC-main/EAGLE449/CONN suggested labels.txt,.txt,document_or_text_artifact_not_tabular
/mydata/doc2validate/gold_benchmarks/scidata_selected_50_v1/s41597-023-01938-1/artifact/github/github_github.com__EmoryPcvdLab_EagleVAC/EagleVAC-main/EAGLE449/merge_code.bash,s41597-023-01938-1,,Unsupported preview suffix: .bash,resolved,lf_007,preprocessing_code,0.95,exact_basename,,,False,github_github.com__EmoryPcvdLab_EagleVAC/EagleVAC-main/EAGLE449/merge_code.bash,.bash,code_or_notebook_artifact_not_tabular
/mydata/doc2validate/gold_benchmarks/scidata_selected_50_v1/s41597-023-02160-9/artifact/github/github_github.com__jerabaul29_data_release_sea_ice_drift_waves_in_ice_marginal_ice_zone_2022/data_release_sea_ice_drift_waves_in_ice_marginal_ice_zone_2022-master/Data/2021_February_Barents/Instruments_V_2018/generate_figures/all_trajectories_AeN2021_instrumentsv2018.pdf,s41597-023-02160-9,,Unsupported preview suffix: .pdf,ambiguous,lf_004,instrument_v2018_data,0.65,stem_contains,,,False,github_github.com__jerabaul29_data_release_sea_ice_drift_waves_in_ice_marginal_ice_zone_2022/data_release_sea_ice_drift_waves_in_ice_marginal_ice_zone_2022-master/Data/2021_February_Barents/Instruments_V_2018/generate_figures/all_trajectories_AeN2021_instrumentsv2018.pdf,.pdf,document_or_text_artifact_not_tabular
/mydata/doc2validate/gold_benchmarks/scidata_selected_50_v1/s41597-023-02160-9/artifact/github/github_github.com__jerabaul29_data_release_sea_ice_drift_waves_in_ice_marginal_ice_zone_2022/data_release_sea_ice_drift_waves_in_ice_marginal_ice_zone_2022-master/Data/2021_February_Barents/Instruments_V_2018/generate_figures/all_trajectories_AeN2021_instrumentsv2018.png,s41597-023-02160-9,,Unsupported preview suffix: .png,ambiguous,lf_004,instrument_v2018_data,0.65,stem_contains,,,False,github_github.com__jerabaul29_data_release_sea_ice_drift_waves_in_ice_marginal_ice_zone_2022/data_release_sea_ice_drift_waves_in_ice_marginal_ice_zone_2022-master/Data/2021_February_Barents/Instruments_V_2018/generate_figures/all_trajectories_AeN2021_instrumentsv2018.png,.png,image_artifact_not_tabular
/mydata/doc2validate/gold_benchmarks/scidata_selected_50_v1/s41597-023-02160-9/artifact/github/github_github.com__jerabaul29_data_release_sea_ice_drift_waves_in_ice_marginal_ice_zone_2022/data_release_sea_ice_drift_waves_in_ice_marginal_ice_zone_2022-master/Data/2021_February_Barents/Instruments_V_2018/generate_figures/all_trajectories_AeN2021_instrumentsv2018_tight.png,s41597-023-02160-9,,Unsupported preview suffix: .png,ambiguous,lf_004,instrument_v2018_data,0.65,stem_contains,,,False,github_github.com__jerabaul29_data_release_sea_ice_drift_waves_in_ice_marginal_ice_zone_2022/data_release_sea_ice_drift_waves_in_ice_marginal_ice_zone_2022-master/Data/2021_February_Barents/Instruments_V_2018/generate_figures/all_trajectories_AeN2021_instrumentsv2018_tight.png,.png,image_artifact_not_tabular
/mydata/doc2validate/gold_benchmarks/scidata_selected_50_v1/s41597-023-02160-9/artifact/github/github_github.com__jerabaul29_data_release_sea_ice_drift_waves_in_ice_marginal_ice_zone_2022/data_release_sea_ice_drift_waves_in_ice_marginal_ice_zone_2022-master/Data/2022_March_East_Greenland/Instruments_V_2021a/generate_dict_data/all_trajectories_sealcruise_instrumentsv2021.png,s41597-023-02160-9,,Unsupported preview suffix: .png,ambiguous,lf_005,instrument_v2021_data,0.65,stem_contains,,,False,github_github.com__jerabaul29_data_release_sea_ice_drift_waves_in_ice_marginal_ice_zone_2022/data_release_sea_ice_drift_waves_in_ice_marginal_ice_zone_2022-master/Data/2022_March_East_Greenland/Instruments_V_2021a/generate_dict_data/all_trajectories_sealcruise_instrumentsv2021.png,.png,image_artifact_not_tabular
/mydata/doc2validate/gold_benchmarks/scidata_selected_50_v1/s41597-023-02160-9/artifact/github/github_github.com__jerabaul29_data_release_sea_ice_drift_waves_in_ice_marginal_ice_zone_2022/data_release_sea_ice_drift_waves_in_ice_marginal_ice_zone_2022-master/Data/2022_March_East_Greenland/Instruments_V_2021a/generate_dict_data/all_trajectories_sealcruise_instrumentsv2021.pdf,s41597-023-02160-9,,Unsupported preview suffix: .pdf,ambiguous,lf_005,instrument_v2021_data,0.65,stem_contains,,,False,github_github.com__jerabaul29_data_release_sea_ice_drift_waves_in_ice_marginal_ice_zone_2022/data_release_sea_ice_drift_waves_in_ice_marginal_ice_zone_2022-master/Data/2022_March_East_Greenland/Instruments_V_2021a/generate_dict_data/all_trajectories_sealcruise_instrumentsv2021.pdf,.pdf,document_or_text_artifact_not_tabular
/mydata/doc2validate/gold_benchmarks/scidata_selected_50_v1/s41597-023-02160-9/artifact/github/github_github.com__jerabaul29_data_release_sea_ice_drift_waves_in_ice_marginal_ice_zone_2022/data_release_sea_ice_drift_waves_in_ice_marginal_ice_zone_2022-master/Data/2021_February_Barents/Instruments_V_2021a/generate_dict_data/cropped_all_trajectories_AeN2021_instrumentsv2021_Norway.png,s41597-023-02160-9,,Unsupported preview suffix: .png,ambiguous,lf_005,instrument_v2021_data,0.65,stem_contains,,,False,github_github.com__jerabaul29_data_release_sea_ice_drift_waves_in_ice_marginal_ice_zone_2022/data_release_sea_ice_drift_waves_in_ice_marginal_ice_zone_2022-master/Data/2021_February_Barents/Instruments_V_2021a/generate_dict_data/cropped_all_trajectories_AeN2021_instrumentsv2021_Norway.png,.png,image_artifact_not_tabular
/mydata/doc2validate/gold_benchmarks/scidata_selected_50_v1/s41597-023-02160-9/artifact/github/github_github.com__jerabaul29_data_release_sea_ice_drift_waves_in_ice_marginal_ice_zone_2022/data_release_sea_ice_drift_waves_in_ice_marginal_ice_zone_2022-master/Data/2020_January_Antarctic_Davis/Spotter/generate_nc_dataset/data_Spotter_Antarctic_Davis_2020_01.nc,s41597-023-02160-9,,Unsupported preview suffix: .nc,ambiguous,lf_006,Sofar_Spotter_data,0.45,token_overlap_low,,,False,github_github.com__jerabaul29_data_release_sea_ice_drift_waves_in_ice_marginal_ice_zone_2022/data_release_sea_ice_drift_waves_in_ice_marginal_ice_zone_2022-master/Data/2020_January_Antarctic_Davis/Spotter/generate_nc_dataset/data_Spotter_Antarctic_Davis_2020_01.nc,.nc,specialized_data_format_requires_loader
/mydata/doc2validate/gold_benchmarks/scidata_selected_50_v1/s41597-023-02160-9/artifact/github/github_github.com__jerabaul29_data_release_sea_ice_drift_waves_in_ice_marginal_ice_zone_2022/data_release_sea_ice_drift_waves_in_ice_marginal_ice_zone_2022-master/Data/2021_September_Laptev_sea/Spotter/generate_nc_dataset/data_Spotter_Laptev_2021.nc,s41597-023-02160-9,,Unsupported preview suffix: .nc,ambiguous,lf_006,Sofar_Spotter_data,0.45,token_overlap_low,,,False,github_github.com__jerabaul29_data_release_sea_ice_drift_waves_in_ice_marginal_ice_zone_2022/data_release_sea_ice_drift_waves_in_ice_marginal_ice_zone_2022-master/Data/2021_September_Laptev_sea/Spotter/generate_nc_dataset/data_Spotter_Laptev_2021.nc,.nc,specialized_data_format_requires_loader
/mydata/doc2validate/gold_benchmarks/scidata_selected_50_v1/s41597-023-02160-9/artifact/github/github_github.com__jerabaul29_data_release_sea_ice_drift_waves_in_ice_marginal_ice_zone_2022/data_release_sea_ice_drift_waves_in_ice_marginal_ice_zone_2022-master/Data/2020_January_Antarctic_Davis/Spotter/generate_dict_data/generate_dict_data.py,s41597-023-02160-9,,Unsupported preview suffix: .py,ambiguous,lf_007,IWR_data,0.45,token_overlap_low,,,False,github_github.com__jerabaul29_data_release_sea_ice_drift_waves_in_ice_marginal_ice_zone_2022/data_release_sea_ice_drift_waves_in_ice_marginal_ice_zone_2022-master/Data/2020_January_Antarctic_Davis/Spotter/generate_dict_data/generate_dict_data.py,.py,code_or_notebook_artifact_not_tabular
/mydata/doc2validate/gold_benchmarks/scidata_selected_50_v1/s41597-023-02160-9/artifact/github/github_github.com__jerabaul29_data_release_sea_ice_drift_waves_in_ice_marginal_ice_zone_2022/data_release_sea_ice_drift_waves_in_ice_marginal_ice_zone_2022-master/Data/2020_January_Antarctic_Davis/Spotter/generate_dict_data/dict_all_data.pkl,s41597-023-02160-9,,Unsupported preview suffix: .pkl,ambiguous,lf_007,IWR_data,0.45,token_overlap_low,,,False,github_github.com__jerabaul29_data_release_sea_ice_drift_waves_in_ice_marginal_ice_zone_2022/data_release_sea_ice_drift_waves_in_ice_marginal_ice_zone_2022-master/Data/2020_January_Antarctic_Davis/Spotter/generate_dict_data/dict_all_data.pkl,.pkl,specialized_data_format_requires_loader
/mydata/doc2validate/gold_benchmarks/scidata_selected_50_v1/s41597-023-02160-9/artifact/github/github_github.com__jerabaul29_data_release_sea_ice_drift_waves_in_ice_marginal_ice_zone_2022/data_release_sea_ice_drift_waves_in_ice_marginal_ice_zone_2022-master/Data/2022_March_East_Greenland/commercial_trackers/generate_nc_dataset/data_drift_2022.nc,s41597-023-02160-9,,Unsupported preview suffix: .nc,ambiguous,lf_007,IWR_data,0.45,token_overlap_low,,,False,github_github.com__jerabaul29_data_release_sea_ice_drift_waves_in_ice_marginal_ice_zone_2022/data_release_sea_ice_drift_waves_in_ice_marginal_ice_zone_2022-master/Data/2022_March_East_Greenland/commercial_trackers/generate_nc_dataset/data_drift_2022.nc,.nc,specialized_data_format_requires_loader
/mydata/doc2validate/gold_benchmarks/scidata_selected_50_v1/s41597-023-02160-9/artifact/github/github_github.com__jerabaul29_data_release_sea_ice_drift_waves_in_ice_marginal_ice_zone_2022/data_release_sea_ice_drift_waves_in_ice_marginal_ice_zone_2022-master/Data/2017_April_Spitsbergen_Bank/generate_dict_data/data_from_drifter_Ian.pkl,s41597-023-02160-9,,Unsupported preview suffix: .pkl,ambiguous,lf_008,commercial_drifter_data,0.45,token_overlap_low,,,False,github_github.com__jerabaul29_data_release_sea_ice_drift_waves_in_ice_marginal_ice_zone_2022/data_release_sea_ice_drift_waves_in_ice_marginal_ice_zone_2022-master/Data/2017_April_Spitsbergen_Bank/generate_dict_data/data_from_drifter_Ian.pkl,.pkl,specialized_data_format_requires_loader
/mydata/doc2validate/gold_benchmarks/scidata_selected_50_v1/s41597-023-02160-9/artifact/github/github_github.com__jerabaul29_data_release_sea_ice_drift_waves_in_ice_marginal_ice_zone_2022/data_release_sea_ice_drift_waves_in_ice_marginal_ice_zone_2022-master/Data/2018_Spitsbergen_Bank/generate_dict_data/data_from_drifter_Aleksey.pkl,s41597-023-02160-9,,Unsupported preview suffix: .pkl,ambiguous,lf_008,commercial_drifter_data,0.45,token_overlap_low,,,False,github_github.com__jerabaul29_data_release_sea_ice_drift_waves_in_ice_marginal_ice_zone_2022/data_release_sea_ice_drift_waves_in_ice_marginal_ice_zone_2022-master/Data/2018_Spitsbergen_Bank/generate_dict_data/data_from_drifter_Aleksey.pkl,.pkl,specialized_data_format_requires_loader
/mydata/doc2validate/gold_benchmarks/scidata_selected_50_v1/s41597-023-02517-0/artifact/github/github_github.com__maja601_EuroCrops/EuroCrops-main/csvs/country_mappings/de.csv,s41597-023-02517-0,original_code | original_name | translated_name | HCAT3_name | HCAT3_code,,weak_match,lf_001,country_shapefile,0.65,stem_contains,5.0,10.0,True,github_github.com__maja601_EuroCrops/EuroCrops-main/csvs/country_mappings/de.csv,.csv,tabular_preview_success
/mydata/doc2validate/gold_benchmarks/scidata_selected_50_v1/s41597-023-02517-0/artifact/github/github_github.com__maja601_EuroCrops/EuroCrops-main/csvs/country_mappings/de.csv,s41597-023-02517-0,original_code | original_name | translated_name | HCAT3_name | HCAT3_code,,weak_match,lf_002,country_mapping_csv,0.65,stem_contains,5.0,10.0,True,github_github.com__maja601_EuroCrops/EuroCrops-main/csvs/country_mappings/de.csv,.csv,tabular_preview_success
/mydata/doc2validate/gold_benchmarks/scidata_selected_50_v1/s41597-023-02517-0/artifact/github/github_github.com__maja601_EuroCrops/EuroCrops-main/hcat_core/HCAT2.csv,s41597-023-02517-0,HCAT2_name | HCAT2_code,,ambiguous,lf_003,hcat_taxonomy,0.65,stem_contains,2.0,10.0,True,github_github.com__maja601_EuroCrops/EuroCrops-main/hcat_core/HCAT2.csv,.csv,tabular_preview_success
/mydata/doc2validate/gold_benchmarks/scidata_selected_50_v1/s41597-023-02517-0/artifact/github/github_github.com__maja601_EuroCrops/EuroCrops-main/hcat_core/HCAT3.csv,s41597-023-02517-0,HCAT3_name | HCAT3_code,,ambiguous,lf_003,hcat_taxonomy,0.65,stem_contains,2.0,10.0,True,github_github.com__maja601_EuroCrops/EuroCrops-main/hcat_core/HCAT3.csv,.csv,tabular_preview_success
/mydata/doc2validate/gold_benchmarks/scidata_selected_50_v1/s41597-023-02517-0/artifact/github/github_github.com__maja601_EuroCrops/EuroCrops-main/hcat_core/HCAT2_HCAT_mapping.csv,s41597-023-02517-0,HCAT2_name | HCAT2_code | HCAT_name | HCAT_code,,ambiguous,lf_003,hcat_taxonomy,0.65,stem_contains,4.0,10.0,True,github_github.com__maja601_EuroCrops/EuroCrops-main/hcat_core/HCAT2_HCAT_mapping.csv,.csv,tabular_preview_success
/mydata/doc2validate/gold_benchmarks/scidata_selected_50_v1/s41597-023-02517-0/artifact/github/github_github.com__maja601_EuroCrops/EuroCrops-main/csvs/country_mappings/de.csv,s41597-023-02517-0,original_code | original_name | translated_name | HCAT3_name | HCAT3_code,,weak_match,lf_004,enriched_shapefile_attributes,0.65,stem_contains,5.0,10.0,True,github_github.com__maja601_EuroCrops/EuroCrops-main/csvs/country_mappings/de.csv,.csv,tabular_preview_success
/mydata/doc2validate/gold_benchmarks/scidata_selected_50_v1/s41597-023-02724-9/artifact/github/github_github.com__balsedie_trilomorph/trilomorph-main/analyze_data.md,s41597-023-02724-9,,Unsupported preview suffix: .md,weak_match,lf_001,main_metadata_table,0.65,stem_contains,,,False,github_github.com__balsedie_trilomorph/trilomorph-main/analyze_data.md,.md,document_or_text_artifact_not_tabular
/mydata/doc2validate/gold_benchmarks/scidata_selected_50_v1/s41597-023-02724-9/artifact/github/github_github.com__balsedie_trilomorph/trilomorph-main/References_main_table.csv,s41597-023-02724-9,Reference in main table |  Full citation |  doi / url,,weak_match,lf_002,bibliographic_references,0.65,stem_contains,3.0,10.0,True,github_github.com__balsedie_trilomorph/trilomorph-main/References_main_table.csv,.csv,tabular_preview_success
/mydata/doc2validate/gold_benchmarks/scidata_selected_50_v1/s41597-023-02724-9/artifact/github/github_github.com__balsedie_trilomorph/trilomorph-main/contributors.csv,s41597-023-02724-9,Full name | enterer ID | ORCID | Institution | email | github username,,resolved,lf_003,contributors_list,0.95,exact_basename,6.0,10.0,True,github_github.com__balsedie_trilomorph/trilomorph-main/contributors.csv,.csv,tabular_preview_success
/mydata/doc2validate/gold_benchmarks/scidata_selected_50_v1/s41597-023-02724-9/artifact/github/github_github.com__balsedie_trilomorph/trilomorph-main/Pygidia/landmarks/USNM_208989C_P.txt,s41597-023-02724-9,,Unsupported preview suffix: .txt,ambiguous,lf_004,specimen_images,0.65,stem_contains,,,False,github_github.com__balsedie_trilomorph/trilomorph-main/Pygidia/landmarks/USNM_208989C_P.txt,.txt,document_or_text_artifact_not_tabular
/mydata/doc2validate/gold_benchmarks/scidata_selected_50_v1/s41597-023-02724-9/artifact/github/github_github.com__balsedie_trilomorph/trilomorph-main/Pygidia/images/USNM_208989C_P.png,s41597-023-02724-9,,Unsupported preview suffix: .png,ambiguous,lf_004,specimen_images,0.65,stem_contains,,,False,github_github.com__balsedie_trilomorph/trilomorph-main/Pygidia/images/USNM_208989C_P.png,.png,image_artifact_not_tabular
/mydata/doc2validate/gold_benchmarks/scidata_selected_50_v1/s41597-023-02724-9/artifact/github/github_github.com__balsedie_trilomorph/trilomorph-main/TriloMorph-workflow.R,s41597-023-02724-9,,Unsupported preview suffix: .r,ambiguous,lf_008,analysis_functions,0.65,stem_contains,,,False,github_github.com__balsedie_trilomorph/trilomorph-main/TriloMorph-workflow.R,.r,code_or_notebook_artifact_not_tabular
/mydata/doc2validate/gold_benchmarks/scidata_selected_50_v1/s41597-023-02724-9/artifact/github/github_github.com__balsedie_trilomorph/trilomorph-main/trilomorph.yaml,s41597-023-02724-9,,Unsupported preview suffix: .yaml,ambiguous,lf_008,analysis_functions,0.65,stem_contains,,,False,github_github.com__balsedie_trilomorph/trilomorph-main/trilomorph.yaml,.yaml,structured_metadata_not_tabular
/mydata/doc2validate/gold_benchmarks/scidata_selected_50_v1/s41597-023-02724-9/artifact/github/github_github.com__balsedie_trilomorph/trilomorph-main/TriloMorph-funs.R,s41597-023-02724-9,,Unsupported preview suffix: .r,ambiguous,lf_008,analysis_functions,0.65,stem_contains,,,False,github_github.com__balsedie_trilomorph/trilomorph-main/TriloMorph-funs.R,.r,code_or_notebook_artifact_not_tabular
/mydata/doc2validate/gold_benchmarks/scidata_selected_50_v1/s41597-024-03190-7/artifact/github/github_github.com__TomerFishman_MaterialIntensityEstimator/MaterialIntensityEstimator-main/MI_results/MI_ranges_20230905.xlsx,s41597-024-03190-7,Unnamed: 0 | function | structure | R5_32 | R5 | raw_HF_db_count | increment_iterations | incremented_count | p_0 | p_5 | p_25 | p_50 | p_75 | p_95 | p_100,,weak_match,lf_001,MI_ranges,0.6,token_overlap_high,15.0,10.0,True,github_github.com__TomerFishman_MaterialIntensityEstimator/MaterialIntensityEstimator-main/MI_results/MI_ranges_20230905.xlsx,.xlsx,tabular_preview_success
/mydata/doc2validate/gold_benchmarks/scidata_selected_50_v1/s41597-024-03190-7/artifact/github/github_github.com__TomerFishman_MaterialIntensityEstimator/MaterialIntensityEstimator-main/MI_results/MI_data_20230905.xlsx,s41597-024-03190-7,Unnamed: 0 | Unnamed: 1 | Unnamed: 2 | Unnamed: 3 | function | structure | R5_32 | id | concrete | increment_iterations,,weak_match,lf_002,MI_data,0.6,token_overlap_high,10.0,10.0,True,github_github.com__TomerFishman_MaterialIntensityEstimator/MaterialIntensityEstimator-main/MI_results/MI_data_20230905.xlsx,.xlsx,tabular_preview_success
/mydata/doc2validate/gold_benchmarks/scidata_selected_50_v1/s41597-024-03190-7/artifact/github/github_github.com__TomerFishman_MaterialIntensityEstimator/MaterialIntensityEstimator-main/data_input_and_ml_processing/buildings_v2-structure_type_ML.xlsx,s41597-024-03190-7,id | concrete | steel | brick | wood | glass | copper | aluminum | plastics | PVC | polystyrene | R5_32 | region | function_type | function | structure_type_subtype | structure | Neural Network | Logistic Regression | kNN | Random Forest | Naive Bayes,,resolved,lf_003,structure_type_classification_output,0.95,exact_basename,22.0,10.0,True,github_github.com__TomerFishman_MaterialIntensityEstimator/MaterialIntensityEstimator-main/data_input_and_ml_processing/buildings_v2-structure_type_ML.xlsx,.xlsx,tabular_preview_success
/mydata/doc2validate/gold_benchmarks/scidata_selected_50_v1/s41597-024-03190-7/artifact/github/github_github.com__TomerFishman_MaterialIntensityEstimator/MaterialIntensityEstimator-main/data_input_and_ml_processing/buildings_v2-structure_type_ML.ows,s41597-024-03190-7,,Unsupported preview suffix: .ows,resolved,lf_004,orange_classification_workflow,0.95,exact_basename,,,False,github_github.com__TomerFishman_MaterialIntensityEstimator/MaterialIntensityEstimator-main/data_input_and_ml_processing/buildings_v2-structure_type_ML.ows,.ows,unsupported_format
/mydata/doc2validate/gold_benchmarks/scidata_selected_50_v1/s41597-024-03190-7/artifact/github/github_github.com__TomerFishman_MaterialIntensityEstimator/MaterialIntensityEstimator-main/tests/cross_validation/cross_validation_test MIs_percent_in_range_20230906.xlsx,s41597-024-03190-7,Unnamed: 0 | 19 | 18 | 17 | 16 | 15 | 14 | 13 | 12 | 11 | 10 | 9 | 8 | 7 | 6 | 5 | 4 | 3 | 2 | 1 | 0 | average,,weak_match,lf_006,validation_test_results,0.65,stem_contains,22.0,2.0,True,github_github.com__TomerFishman_MaterialIntensityEstimator/MaterialIntensityEstimator-main/tests/cross_validation/cross_validation_test MIs_percent_in_range_20230906.xlsx,.xlsx,tabular_preview_success
/mydata/doc2validate/gold_benchmarks/scidata_selected_50_v1/s41597-025-04681-x/artifact/github/github_github.com__ichalkiad_datadescriptor_uselections2020/datadescriptor_uselections2020-main/us2020data/data/cspan/KamalaHarris/drop_speech_id.tsv,s41597-025-04681-x,Unnamed: 0 | SpeechIDdrop,,ambiguous,lf_004,dropped_speech_ids,0.95,exact_basename,2.0,4.0,True,github_github.com__ichalkiad_datadescriptor_uselections2020/datadescriptor_uselections2020-main/us2020data/data/cspan/KamalaHarris/drop_speech_id.tsv,.tsv,tabular_preview_success
/mydata/doc2validate/gold_benchmarks/scidata_selected_50_v1/s41597-025-04681-x/artifact/github/github_github.com__ichalkiad_datadescriptor_uselections2020/datadescriptor_uselections2020-main/us2020data/data/cspan/JoeBiden/drop_speech_id.tsv,s41597-025-04681-x,Unnamed: 0 | SpeechIDdrop,,ambiguous,lf_004,dropped_speech_ids,0.95,exact_basename,2.0,10.0,True,github_github.com__ichalkiad_datadescriptor_uselections2020/datadescriptor_uselections2020-main/us2020data/data/cspan/JoeBiden/drop_speech_id.tsv,.tsv,tabular_preview_success
/mydata/doc2validate/gold_benchmarks/scidata_selected_50_v1/s41597-025-04681-x/artifact/github/github_github.com__ichalkiad_datadescriptor_uselections2020/datadescriptor_uselections2020-main/us2020data/data/cspan/DonaldTrump/drop_speech_id.tsv,s41597-025-04681-x,Unnamed: 0 | SpeechIDdrop,,ambiguous,lf_004,dropped_speech_ids,0.95,exact_basename,2.0,10.0,True,github_github.com__ichalkiad_datadescriptor_uselections2020/datadescriptor_uselections2020-main/us2020data/data/cspan/DonaldTrump/drop_speech_id.tsv,.tsv,tabular_preview_success
/mydata/doc2validate/gold_benchmarks/scidata_selected_50_v1/s41597-025-04681-x/artifact/github/github_github.com__ichalkiad_datadescriptor_uselections2020/datadescriptor_uselections2020-main/us2020data/data/cspan/KamalaHarris/rawtext_droptitles_KamalaHarris_edit1.tsv,s41597-025-04681-x,SpeechID | POTUS | Date | SpeechTitle | RawText | SpeechURL | Summary | Source | Type,,ambiguous,lf_005,intermediate_curation_files,0.45,token_overlap_low,9.0,10.0,True,github_github.com__ichalkiad_datadescriptor_uselections2020/datadescriptor_uselections2020-main/us2020data/data/cspan/KamalaHarris/rawtext_droptitles_KamalaHarris_edit1.tsv,.tsv,tabular_preview_success
/mydata/doc2validate/gold_benchmarks/scidata_selected_50_v1/s41597-025-04681-x/artifact/github/github_github.com__ichalkiad_datadescriptor_uselections2020/datadescriptor_uselections2020-main/us2020data/data/cspan/KamalaHarris/rawtext_droptitles_KamalaHarris_edit2.tsv,s41597-025-04681-x,SpeechID | POTUS | Date | SpeechTitle | Type | RawText | CleanText | SpeechURL | Summary | Source | Original Source | Location,,ambiguous,lf_005,intermediate_curation_files,0.45,token_overlap_low,12.0,10.0,True,github_github.com__ichalkiad_datadescriptor_uselections2020/datadescriptor_uselections2020-main/us2020data/data/cspan/KamalaHarris/rawtext_droptitles_KamalaHarris_edit2.tsv,.tsv,tabular_preview_success
/mydata/doc2validate/gold_benchmarks/scidata_selected_50_v1/s41597-025-04681-x/artifact/github/github_github.com__ichalkiad_datadescriptor_uselections2020/datadescriptor_uselections2020-main/us2020data/data/cspan/JoeBiden/rawtext_droptitles_JoeBiden_edit2.tsv,s41597-025-04681-x,SpeechID | POTUS | Date | SpeechTitle | Type | RawText | CleanText | SpeechURL | Summary | Source | Original Source | Location,,ambiguous,lf_005,intermediate_curation_files,0.45,token_overlap_low,12.0,10.0,True,github_github.com__ichalkiad_datadescriptor_uselections2020/datadescriptor_uselections2020-main/us2020data/data/cspan/JoeBiden/rawtext_droptitles_JoeBiden_edit2.tsv,.tsv,tabular_preview_success
/mydata/doc2validate/gold_benchmarks/scidata_selected_50_v1/s41597-025-04681-x/artifact/github/github_github.com__ichalkiad_datadescriptor_uselections2020/datadescriptor_uselections2020-main/us2020data/stm/lexica/tstats_target_8.pkl,s41597-025-04681-x,,Unsupported preview suffix: .pkl,resolved,lf_008,topic_model_validation_file,0.95,exact_basename,,,False,github_github.com__ichalkiad_datadescriptor_uselections2020/datadescriptor_uselections2020-main/us2020data/stm/lexica/tstats_target_8.pkl,.pkl,specialized_data_format_requires_loader
/mydata/doc2validate/gold_benchmarks/scidata_selected_50_v1/s41597-025-04696-4/artifact/github/github_github.com__kalab-oto_zoraptera-occurrence-dataset/zoraptera-occurrence-dataset-main/zoraptera_occs.csv,s41597-025-04696-4,zodID | order | family | subfamily | genus | specificEpithet | scientificName | taxonRank | scientificNameAuthorship | identificationQualifier | originalNameUsage | nomenclaturalStatus | country | locality | verbatimElevation | verbatimLatitude | verbatimLongitude | osmID | decimalLatitude | decimalLongitude | coordinateUncertaintyInMeters | habitat | eventDate | day | month | year | organismRemarks | typeStatus | recordedBy | identifiedBy | associatedReferences | taxonRemarks | gbifID | inatID | license | georeferenceRemarks | georeferenceSources | georeferencedBy | georeferencedDate | polygon_fid | footprintWKT,,resolved,lf_001,primary_occurrence_data,0.95,exact_basename,41.0,10.0,True,github_github.com__kalab-oto_zoraptera-occurrence-dataset/zoraptera-occurrence-dataset-main/zoraptera_occs.csv,.csv,tabular_preview_success
/mydata/doc2validate/gold_benchmarks/scidata_selected_50_v1/s41597-025-04696-4/artifact/github/github_github.com__kalab-oto_zoraptera-occurrence-dataset/zoraptera-occurrence-dataset-main/geom/geom.gpkg,s41597-025-04696-4,,Unsupported preview suffix: .gpkg,resolved,lf_002,geospatial_polygons,0.95,exact_basename,,,False,github_github.com__kalab-oto_zoraptera-occurrence-dataset/zoraptera-occurrence-dataset-main/geom/geom.gpkg,.gpkg,specialized_data_format_requires_loader
/mydata/doc2validate/gold_benchmarks/scidata_selected_50_v1/s41597-025-04696-4/artifact/github/github_github.com__kalab-oto_zoraptera-occurrence-dataset/zoraptera-occurrence-dataset-main/taxon_ranks.csv,s41597-025-04696-4,order | family | subfamily | genus | specificEpithet | scientificName | taxonRank | scientificNameAuthorship | identificationQualifier | originalNameUsage,,weak_match,lf_003,taxonomic_reference,0.65,stem_contains,10.0,10.0,True,github_github.com__kalab-oto_zoraptera-occurrence-dataset/zoraptera-occurrence-dataset-main/taxon_ranks.csv,.csv,tabular_preview_success
/mydata/doc2validate/gold_benchmarks/scidata_selected_50_v1/s41597-025-04696-4/artifact/github/github_github.com__kalab-oto_zoraptera-occurrence-dataset/zoraptera-occurrence-dataset-main/scripts/geom_calc.r,s41597-025-04696-4,,Unsupported preview suffix: .r,resolved,lf_004,georeferencing_script,0.95,exact_basename,,,False,github_github.com__kalab-oto_zoraptera-occurrence-dataset/zoraptera-occurrence-dataset-main/scripts/geom_calc.r,.r,code_or_notebook_artifact_not_tabular
/mydata/doc2validate/gold_benchmarks/scidata_selected_50_v1/s41597-025-04696-4/artifact/github/github_github.com__kalab-oto_zoraptera-occurrence-dataset/zoraptera-occurrence-dataset-main/scripts/gbif.r,s41597-025-04696-4,,Unsupported preview suffix: .r,resolved,lf_005,gbif_update_script,0.95,exact_basename,,,False,github_github.com__kalab-oto_zoraptera-occurrence-dataset/zoraptera-occurrence-dataset-main/scripts/gbif.r,.r,code_or_notebook_artifact_not_tabular
/mydata/doc2validate/gold_benchmarks/scidata_selected_50_v1/s41597-025-04696-4/artifact/github/github_github.com__kalab-oto_zoraptera-occurrence-dataset/zoraptera-occurrence-dataset-main/scripts/inat.r,s41597-025-04696-4,,Unsupported preview suffix: .r,resolved,lf_006,inat_update_script,0.95,exact_basename,,,False,github_github.com__kalab-oto_zoraptera-occurrence-dataset/zoraptera-occurrence-dataset-main/scripts/inat.r,.r,code_or_notebook_artifact_not_tabular
/mydata/doc2validate/gold_benchmarks/scidata_selected_50_v1/s41597-025-04696-4/artifact/github/github_github.com__kalab-oto_zoraptera-occurrence-dataset/zoraptera-occurrence-dataset-main/data_update/update.log,s41597-025-04696-4,,Unsupported preview suffix: .log,resolved,lf_007,update_log,0.95,exact_basename,,,False,github_github.com__kalab-oto_zoraptera-occurrence-dataset/zoraptera-occurrence-dataset-main/data_update/update.log,.log,unsupported_format
/mydata/doc2validate/gold_benchmarks/scidata_selected_50_v1/s41597-025-04696-4/artifact/github/github_github.com__kalab-oto_zoraptera-occurrence-dataset/zoraptera-occurrence-dataset-main/QGIS/zoraptera.qgz,s41597-025-04696-4,,Unsupported preview suffix: .qgz,resolved,lf_008,qgis_project,0.95,exact_basename,,,False,github_github.com__kalab-oto_zoraptera-occurrence-dataset/zoraptera-occurrence-dataset-main/QGIS/zoraptera.qgz,.qgz,unsupported_format
/mydata/doc2validate/gold_benchmarks/scidata_selected_50_v1/s41597-021-00878-y/artifact/github/github_github.com__IBM_wntrac/wntrac-master/data/ibm-wntrac-2021-10-05.zip,s41597-021-00878-y,,Unsupported preview suffix: .zip,ambiguous,lf_001,NPI Events,0.45,token_overlap_low,,,False,github_github.com__IBM_wntrac/wntrac-master/data/ibm-wntrac-2021-10-05.zip,.zip,archive_artifact_requires_unpacking
/mydata/doc2validate/gold_benchmarks/scidata_selected_50_v1/s41597-021-00878-y/artifact/github/github_github.com__IBM_wntrac/wntrac-master/data/ibm-wntrac-2021-08-04.zip,s41597-021-00878-y,,Unsupported preview suffix: .zip,ambiguous,lf_001,NPI Events,0.45,token_overlap_low,,,False,github_github.com__IBM_wntrac/wntrac-master/data/ibm-wntrac-2021-08-04.zip,.zip,archive_artifact_requires_unpacking
/mydata/doc2validate/gold_benchmarks/scidata_selected_50_v1/s41597-021-00878-y/artifact/github/github_github.com__IBM_wntrac/wntrac-master/data/ibm-wntrac-2021-01-07.zip,s41597-021-00878-y,,Unsupported preview suffix: .zip,ambiguous,lf_001,NPI Events,0.45,token_overlap_low,,,False,github_github.com__IBM_wntrac/wntrac-master/data/ibm-wntrac-2021-01-07.zip,.zip,archive_artifact_requires_unpacking
/mydata/doc2validate/gold_benchmarks/scidata_selected_50_v1/s41597-021-00878-y/artifact/github/github_github.com__IBM_wntrac/wntrac-master/data/ibm-wntrac-2021-10-05.zip,s41597-021-00878-y,,Unsupported preview suffix: .zip,ambiguous,lf_002,NPI Evidences,0.45,token_overlap_low,,,False,github_github.com__IBM_wntrac/wntrac-master/data/ibm-wntrac-2021-10-05.zip,.zip,archive_artifact_requires_unpacking
/mydata/doc2validate/gold_benchmarks/scidata_selected_50_v1/s41597-021-00878-y/artifact/github/github_github.com__IBM_wntrac/wntrac-master/data/ibm-wntrac-2021-08-04.zip,s41597-021-00878-y,,Unsupported preview suffix: .zip,ambiguous,lf_002,NPI Evidences,0.45,token_overlap_low,,,False,github_github.com__IBM_wntrac/wntrac-master/data/ibm-wntrac-2021-08-04.zip,.zip,archive_artifact_requires_unpacking
/mydata/doc2validate/gold_benchmarks/scidata_selected_50_v1/s41597-021-00878-y/artifact/github/github_github.com__IBM_wntrac/wntrac-master/data/ibm-wntrac-2021-01-07.zip,s41597-021-00878-y,,Unsupported preview suffix: .zip,ambiguous,lf_002,NPI Evidences,0.45,token_overlap_low,,,False,github_github.com__IBM_wntrac/wntrac-master/data/ibm-wntrac-2021-01-07.zip,.zip,archive_artifact_requires_unpacking
/mydata/doc2validate/gold_benchmarks/scidata_selected_50_v1/s41597-024-04051-z/artifact/github/github_github.com__pyrfume_pyrfume-data/pyrfume-data-main/wakayama_2019/stimuli.csv,s41597-024-04051-z,Stimulus | CAS | Original Name | CID,,ambiguous,lf_001,stimuli,0.95,exact_basename,4.0,10.0,True,github_github.com__pyrfume_pyrfume-data/pyrfume-data-main/wakayama_2019/stimuli.csv,.csv,tabular_preview_success
/mydata/doc2validate/gold_benchmarks/scidata_selected_50_v1/s41597-024-04051-z/artifact/github/github_github.com__pyrfume_pyrfume-data/pyrfume-data-main/scott_2014/stimuli.csv,s41597-024-04051-z,Stimulus | CID,,ambiguous,lf_001,stimuli,0.95,exact_basename,2.0,10.0,True,github_github.com__pyrfume_pyrfume-data/pyrfume-data-main/scott_2014/stimuli.csv,.csv,tabular_preview_success
/mydata/doc2validate/gold_benchmarks/scidata_selected_50_v1/s41597-024-04051-z/artifact/github/github_github.com__pyrfume_pyrfume-data/pyrfume-data-main/ma_2012/stimuli.csv,s41597-024-04051-z,Stimulus | CID | In-lab Abbreviation,,ambiguous,lf_001,stimuli,0.95,exact_basename,3.0,10.0,True,github_github.com__pyrfume_pyrfume-data/pyrfume-data-main/ma_2012/stimuli.csv,.csv,tabular_preview_success
/mydata/doc2validate/gold_benchmarks/scidata_selected_50_v1/s41597-024-04051-z/artifact/github/github_github.com__pyrfume_pyrfume-data/pyrfume-data-main/wakayama_2019/molecules.csv,s41597-024-04051-z,CID | MolecularWeight | IsomericSMILES | IUPACName | name,,ambiguous,lf_002,molecules,0.95,exact_basename,5.0,10.0,True,github_github.com__pyrfume_pyrfume-data/pyrfume-data-main/wakayama_2019/molecules.csv,.csv,tabular_preview_success
/mydata/doc2validate/gold_benchmarks/scidata_selected_50_v1/s41597-024-04051-z/artifact/github/github_github.com__pyrfume_pyrfume-data/pyrfume-data-main/foodcomex/molecules.csv,s41597-024-04051-z,CID | MolecularWeight | IsomericSMILES | IUPACName | name,,ambiguous,lf_002,molecules,0.95,exact_basename,5.0,10.0,True,github_github.com__pyrfume_pyrfume-data/pyrfume-data-main/foodcomex/molecules.csv,.csv,tabular_preview_success
/mydata/doc2validate/gold_benchmarks/scidata_selected_50_v1/s41597-024-04051-z/artifact/github/github_github.com__pyrfume_pyrfume-data/pyrfume-data-main/scott_2014/molecules.csv,s41597-024-04051-z,CID | MolecularWeight | IsomericSMILES | IUPACName | name,,ambiguous,lf_002,molecules,0.95,exact_basename,5.0,10.0,True,github_github.com__pyrfume_pyrfume-data/pyrfume-data-main/scott_2014/molecules.csv,.csv,tabular_preview_success
/mydata/doc2validate/gold_benchmarks/scidata_selected_50_v1/s41597-024-04051-z/artifact/github/github_github.com__pyrfume_pyrfume-data/pyrfume-data-main/wakayama_2019/behavior.csv,s41597-024-04051-z,Stimulus | I_max | C | D,,ambiguous,lf_003,behavior,0.95,exact_basename,4.0,10.0,True,github_github.com__pyrfume_pyrfume-data/pyrfume-data-main/wakayama_2019/behavior.csv,.csv,tabular_preview_success
/mydata/doc2validate/gold_benchmarks/scidata_selected_50_v1/s41597-024-04051-z/artifact/github/github_github.com__pyrfume_pyrfume-data/pyrfume-data-main/scott_2014/behavior.csv,s41597-024-04051-z,Stimulus | Log(air/mucus partition coefficient),,ambiguous,lf_003,behavior,0.95,exact_basename,2.0,10.0,True,github_github.com__pyrfume_pyrfume-data/pyrfume-data-main/scott_2014/behavior.csv,.csv,tabular_preview_success
/mydata/doc2validate/gold_benchmarks/scidata_selected_50_v1/s41597-024-04051-z/artifact/github/github_github.com__pyrfume_pyrfume-data/pyrfume-data-main/bushdid_2014/behavior.csv,s41597-024-04051-z,Stimulus | Subject | Correct,,ambiguous,lf_003,behavior,0.95,exact_basename,3.0,10.0,True,github_github.com__pyrfume_pyrfume-data/pyrfume-data-main/bushdid_2014/behavior.csv,.csv,tabular_preview_success
/mydata/doc2validate/gold_benchmarks/scidata_selected_50_v1/s41597-024-04051-z/artifact/github/github_github.com__pyrfume_pyrfume-data/pyrfume-data-main/burton_2022/subjects.csv,s41597-024-04051-z,Subject | Experiment | Mouse ID | Hemisphere | ROI# | Xpos | Ypos,,ambiguous,lf_004,subjects,0.95,exact_basename,7.0,10.0,True,github_github.com__pyrfume_pyrfume-data/pyrfume-data-main/burton_2022/subjects.csv,.csv,tabular_preview_success
/mydata/doc2validate/gold_benchmarks/scidata_selected_50_v1/s41597-024-04051-z/artifact/github/github_github.com__pyrfume_pyrfume-data/pyrfume-data-main/yu_2015/subjects.csv,s41597-024-04051-z,Subject | Domain | MOR256-3 ORs (WT or mutant),,ambiguous,lf_004,subjects,0.95,exact_basename,3.0,10.0,True,github_github.com__pyrfume_pyrfume-data/pyrfume-data-main/yu_2015/subjects.csv,.csv,tabular_preview_success
/mydata/doc2validate/gold_benchmarks/scidata_selected_50_v1/s41597-024-04051-z/artifact/github/github_github.com__pyrfume_pyrfume-data/pyrfume-data-main/ahmed_2018/subjects.csv,s41597-024-04051-z,Subject | OR,,ambiguous,lf_004,subjects,0.95,exact_basename,2.0,2.0,True,github_github.com__pyrfume_pyrfume-data/pyrfume-data-main/ahmed_2018/subjects.csv,.csv,tabular_preview_success
/mydata/doc2validate/gold_benchmarks/scidata_selected_50_v1/s41597-024-04051-z/artifact/github/github_github.com__pyrfume_pyrfume-data/pyrfume-data-main/foodb/physics.csv,s41597-024-04051-z,CID | Water Solubility | logP | logS | pKa (Strongest Acidic) | pKa (Strongest Basic) | Physiological Charge | Hydrogen Acceptor Count | Hydrogen Donor Count | Polar Surface Area | Rotatable Bond Count | Refractivity | Polarizability | Number of Rings | Bioavailability | Rule of Five | Ghose Filter | Veber's Rule | MDDR-like Rule,,ambiguous,lf_005,physics,0.95,exact_basename,19.0,10.0,True,github_github.com__pyrfume_pyrfume-data/pyrfume-data-main/foodb/physics.csv,.csv,tabular_preview_success
/mydata/doc2validate/gold_benchmarks/scidata_selected_50_v1/s41597-024-04051-z/artifact/github/github_github.com__pyrfume_pyrfume-data/pyrfume-data-main/freesolve/physics.csv,s41597-024-04051-z,CID | experimental value (kcal/mol) | experimental uncertainty (kcal/mol) | Mobley group calculated value (GAFF) (kcal/mol) | calculated uncertainty (kcal/mol),,ambiguous,lf_005,physics,0.95,exact_basename,5.0,10.0,True,github_github.com__pyrfume_pyrfume-data/pyrfume-data-main/freesolve/physics.csv,.csv,tabular_preview_success
/mydata/doc2validate/gold_benchmarks/scidata_selected_50_v1/s41597-024-04051-z/artifact/github/github_github.com__pyrfume_pyrfume-data/pyrfume-data-main/mayhew_2022/physics.csv,s41597-024-04051-z,Stimulus | transport.ML.odor.probability | boiling.point.estimate.Banks | MLOGP,,ambiguous,lf_005,physics,0.95,exact_basename,4.0,10.0,True,github_github.com__pyrfume_pyrfume-data/pyrfume-data-main/mayhew_2022/physics.csv,.csv,tabular_preview_success
/mydata/doc2validate/gold_benchmarks/scidata_selected_50_v1/s41597-024-04051-z/artifact/github/github_github.com__pyrfume_pyrfume-data/pyrfume-data-main/wakayama_2019/manifest.toml,s41597-024-04051-z,,Unsupported preview suffix: .toml,ambiguous,lf_006,manifest,0.95,exact_basename,,,False,github_github.com__pyrfume_pyrfume-data/pyrfume-data-main/wakayama_2019/manifest.toml,.toml,structured_metadata_not_tabular
/mydata/doc2validate/gold_benchmarks/scidata_selected_50_v1/s41597-024-04051-z/artifact/github/github_github.com__pyrfume_pyrfume-data/pyrfume-data-main/foodcomex/manifest.toml,s41597-024-04051-z,,Unsupported preview suffix: .toml,ambiguous,lf_006,manifest,0.95,exact_basename,,,False,github_github.com__pyrfume_pyrfume-data/pyrfume-data-main/foodcomex/manifest.toml,.toml,structured_metadata_not_tabular
/mydata/doc2validate/gold_benchmarks/scidata_selected_50_v1/s41597-024-04051-z/artifact/github/github_github.com__pyrfume_pyrfume-data/pyrfume-data-main/scott_2014/manifest.toml,s41597-024-04051-z,,Unsupported preview suffix: .toml,ambiguous,lf_006,manifest,0.95,exact_basename,,,False,github_github.com__pyrfume_pyrfume-data/pyrfume-data-main/scott_2014/manifest.toml,.toml,structured_metadata_not_tabular
/mydata/doc2validate/gold_benchmarks/scidata_selected_50_v1/s41597-024-04051-z/artifact/github/github_github.com__pyrfume_pyrfume-data/pyrfume-data-main/wakayama_2019/main.py,s41597-024-04051-z,,Unsupported preview suffix: .py,ambiguous,lf_007,processing_script,0.95,exact_basename,,,False,github_github.com__pyrfume_pyrfume-data/pyrfume-data-main/wakayama_2019/main.py,.py,code_or_notebook_artifact_not_tabular
/mydata/doc2validate/gold_benchmarks/scidata_selected_50_v1/s41597-024-04051-z/artifact/github/github_github.com__pyrfume_pyrfume-data/pyrfume-data-main/foodcomex/main.py,s41597-024-04051-z,,Unsupported preview suffix: .py,ambiguous,lf_007,processing_script,0.95,exact_basename,,,False,github_github.com__pyrfume_pyrfume-data/pyrfume-data-main/foodcomex/main.py,.py,code_or_notebook_artifact_not_tabular
/mydata/doc2validate/gold_benchmarks/scidata_selected_50_v1/s41597-024-04051-z/artifact/github/github_github.com__pyrfume_pyrfume-data/pyrfume-data-main/scott_2014/main.py,s41597-024-04051-z,,Unsupported preview suffix: .py,ambiguous,lf_007,processing_script,0.95,exact_basename,,,False,github_github.com__pyrfume_pyrfume-data/pyrfume-data-main/scott_2014/main.py,.py,code_or_notebook_artifact_not_tabular
/mydata/doc2validate/gold_benchmarks/scidata_selected_50_v1/s41597-024-04051-z/artifact/github/github_github.com__pyrfume_pyrfume-data/pyrfume-data-main/optical_rotation/raw_data.csv,s41597-024-04051-z,CID | Property1 | Property2 | Property3 | Property4 | Property5,,ambiguous,lf_008,raw_data,0.6,token_overlap_high,6.0,10.0,True,github_github.com__pyrfume_pyrfume-data/pyrfume-data-main/optical_rotation/raw_data.csv,.csv,tabular_preview_success
/mydata/doc2validate/gold_benchmarks/scidata_selected_50_v1/s41597-024-04051-z/artifact/github/github_github.com__pyrfume_pyrfume-data/pyrfume-data-main/qian_2022/sfig3/qed/data.csv,s41597-024-04051-z,smiles | regression_QED,,ambiguous,lf_008,raw_data,0.6,token_overlap_high,2.0,10.0,True,github_github.com__pyrfume_pyrfume-data/pyrfume-data-main/qian_2022/sfig3/qed/data.csv,.csv,tabular_preview_success
/mydata/doc2validate/gold_benchmarks/scidata_selected_50_v1/s41597-024-04051-z/artifact/github/github_github.com__pyrfume_pyrfume-data/pyrfume-data-main/qian_2022/sfig3/logp/data.csv,s41597-024-04051-z,smiles | regression_logP,,ambiguous,lf_008,raw_data,0.6,token_overlap_high,2.0,10.0,True,github_github.com__pyrfume_pyrfume-data/pyrfume-data-main/qian_2022/sfig3/logp/data.csv,.csv,tabular_preview_success
