annotation_id,annotation_scope,annotation_type,article_id,candidate_physical_files,comment,curator_confidence,default_action,human_decision,human_final_decision,logical_name,selected_physical_file,system_grounding_score,system_matched_physical_files,system_recommendation,system_status,target_id,target_type,timestamp
ann_lf_001_grounding,grounding,,s41597-019-0035-4,T2w_curated.csv | T1w.csv | T1w_curated.csv | rating.csv | T2w.csv | bold.csv | bold_curated.csv,,,needs_second_review,,,anatomical_iqms,,,,,missing,lf_001,logical_file,2026-06-16T15:55:27.339104
ann_lf_002_grounding,grounding,,s41597-019-0035-4,T2w_curated.csv | T1w.csv | T1w_curated.csv | rating.csv | T2w.csv | bold.csv | bold_curated.csv,,,needs_second_review,,,functional_iqms,,,,,missing,lf_002,logical_file,2026-06-16T15:55:27.342949
ann_lf_003_grounding,grounding,,s41597-019-0035-4,rating.csv | T2w_curated.csv | T1w.csv | T1w_curated.csv | T2w.csv | bold.csv | bold_curated.csv,,,needs_second_review,,,expert_ratings,,,rating.csv,,weak_match,lf_003,logical_file,2026-06-16T15:55:27.346613
ann_lf_004_grounding,grounding,,s41597-019-0035-4,,,,needs_second_review,,,iqm_metadata,,,,,missing,lf_004,logical_file,2026-06-16T15:55:27.350263
ann_lf_005_grounding,grounding,,s41597-019-0035-4,T2w_curated.csv | T1w_curated.csv | bold_curated.csv | T1w.csv | rating.csv | T2w.csv | bold.csv,,,modify_code,,,curated_anatomical_iqms,,,T2w_curated.csv | T1w_curated.csv | bold_curated.csv,,ambiguous,lf_005,logical_file,2026-06-16T15:55:27.353941
ann_lf_006_grounding,grounding,,s41597-019-0035-4,,,,needs_second_review,,,api_data_stream,,,,,unsupported_non_file_claim,lf_006,logical_file,2026-06-16T15:55:27.357469
ann_final_decision,final_decision,,s41597-019-0035-4,,,,,,,,,0.15,,,,article,dataset,2026-06-16T15:55:27.360835
ann_lf_006_grounding,grounding,,s41597-020-00688-8,covid-testing-source-details.csv | covid-testing-all-observations.csv | raw-collected-data.csv | un-2020-population.csv,,,needs_second_review,,,latest_source_details,,,covid-testing-source-details.csv,,weak_match,lf_006,logical_file,2026-06-16T15:55:28.482579
ann_final_decision,final_decision,,s41597-020-00688-8,,,,,,,,,0.875,,,,article,dataset,2026-06-16T15:55:28.486269
ann_lf_001_grounding,grounding,,s41597-020-00788-5,github_github.com__MegaPast2Future_HerbiTraits/HerbiTraits-master/Data/Version_1/HerbiTraits_V1/HerbiTraits_v1.xlsx | github_github.com__MegaPast2Future_HerbiTraits/HerbiTraits-master/Data/Version_1/HerbiTraits_V1/HerbiTraits_Data_v1.csv | github_github.com__MegaPast2Future_HerbiTraits/HerbiTraits-master/Data/Version_1/HerbiTraits_V1/HerbiTraits_Metadata_v1.csv | github_github.com__MegaPast2Future_HerbiTraits/HerbiTraits-master/Data/Version_1/HerbiTraits_V1/HerbiTraits_References_v1.csv | github_github.com__MegaPast2Future_HerbiTraits/HerbiTraits-master/Data/Version_1/Incomplete_Traits_V1/Incomplete_Traits_Data_V1.csv | github_github.com__MegaPast2Future_HerbiTraits/HerbiTraits-master/Data/HerbiTraits_1.2/HerbiTraits_1.2/HerbiTraits_1.2.csv | github_github.com__MegaPast2Future_HerbiTraits/HerbiTraits-master/Data/HerbiTraits_1.2/HerbiTraits_1.2/HerbiTraits_1.2.xlsx | github_github.com__MegaPast2Future_HerbiTraits/HerbiTraits-master/Data/Version_1.1/HerbiTraits_1.1/HerbiTraits_1.1.csv | github_github.com__MegaPast2Future_HerbiTraits/HerbiTraits-master/Data/Version_1/Incomplete_Traits_V1/Incomplete_Traits_References_V1.csv | github_github.com__MegaPast2Future_HerbiTraits/HerbiTraits-master/Data/Version_1/Incomplete_Traits_V1/Incomplete_Traits_Metadata_V1.csv,,,modify_code,,,HerbiTraits Trait Data,,,github_github.com__MegaPast2Future_HerbiTraits/HerbiTraits-master/Data/Version_1/HerbiTraits_V1/HerbiTraits_v1.xlsx | github_github.com__MegaPast2Future_HerbiTraits/HerbiTraits-master/Data/Version_1/HerbiTraits_V1/HerbiTraits_Data_v1.csv,,ambiguous,lf_001,logical_file,2026-06-16T15:55:29.912584
ann_lf_002_grounding,grounding,,s41597-020-00788-5,github_github.com__MegaPast2Future_HerbiTraits/HerbiTraits-master/Data/Version_1/HerbiTraits_V1/HerbiTraits_Metadata_v1.csv | github_github.com__MegaPast2Future_HerbiTraits/HerbiTraits-master/Data/Version_1/HerbiTraits_V1/HerbiTraits_v1.xlsx | github_github.com__MegaPast2Future_HerbiTraits/HerbiTraits-master/Data/Version_1/HerbiTraits_V1/HerbiTraits_References_v1.csv | github_github.com__MegaPast2Future_HerbiTraits/HerbiTraits-master/Data/Version_1/HerbiTraits_V1/HerbiTraits_Data_v1.csv | github_github.com__MegaPast2Future_HerbiTraits/HerbiTraits-master/Data/HerbiTraits_1.2/HerbiTraits_1.2/HerbiTraits_Metadata_1.2.csv | github_github.com__MegaPast2Future_HerbiTraits/HerbiTraits-master/Data/Version_1.1/HerbiTraits_1.1/HerbiTraits_Metadata_1.1.csv | github_github.com__MegaPast2Future_HerbiTraits/HerbiTraits-master/HerbiTraits_Logo.png | github_github.com__MegaPast2Future_HerbiTraits/HerbiTraits-master/Data/Version_1/Incomplete_Traits_V1/Incomplete_Traits_Metadata_V1.csv | github_github.com__MegaPast2Future_HerbiTraits/HerbiTraits-master/Data/HerbiTraits_1.2/HerbiTraits_1.2/HerbiTraits_1.2.csv | github_github.com__MegaPast2Future_HerbiTraits/HerbiTraits-master/Data/HerbiTraits_1.2/HerbiTraits_1.2/HerbiTraits_References_1.2.csv,,,modify_code,,,HerbiTraits Metadata,,,github_github.com__MegaPast2Future_HerbiTraits/HerbiTraits-master/Data/Version_1/HerbiTraits_V1/HerbiTraits_Metadata_v1.csv | github_github.com__MegaPast2Future_HerbiTraits/HerbiTraits-master/Data/Version_1/HerbiTraits_V1/HerbiTraits_v1.xlsx | github_github.com__MegaPast2Future_HerbiTraits/HerbiTraits-master/Data/Version_1/HerbiTraits_V1/HerbiTraits_References_v1.csv | github_github.com__MegaPast2Future_HerbiTraits/HerbiTraits-master/Data/Version_1/HerbiTraits_V1/HerbiTraits_Data_v1.csv | github_github.com__MegaPast2Future_HerbiTraits/HerbiTraits-master/Data/HerbiTraits_1.2/HerbiTraits_1.2/HerbiTraits_Metadata_1.2.csv | github_github.com__MegaPast2Future_HerbiTraits/HerbiTraits-master/Data/Version_1.1/HerbiTraits_1.1/HerbiTraits_Metadata_1.1.csv,,ambiguous,lf_002,logical_file,2026-06-16T15:55:29.917079
ann_lf_003_grounding,grounding,,s41597-020-00788-5,github_github.com__MegaPast2Future_HerbiTraits/HerbiTraits-master/Data/Version_1/HerbiTraits_V1/HerbiTraits_References_v1.csv | github_github.com__MegaPast2Future_HerbiTraits/HerbiTraits-master/Data/Version_1/HerbiTraits_V1/HerbiTraits_Metadata_v1.csv | github_github.com__MegaPast2Future_HerbiTraits/HerbiTraits-master/Data/Version_1/HerbiTraits_V1/HerbiTraits_v1.xlsx | github_github.com__MegaPast2Future_HerbiTraits/HerbiTraits-master/Data/Version_1/HerbiTraits_V1/HerbiTraits_Data_v1.csv | github_github.com__MegaPast2Future_HerbiTraits/HerbiTraits-master/Data/HerbiTraits_1.2/HerbiTraits_1.2/HerbiTraits_References_1.2.csv | github_github.com__MegaPast2Future_HerbiTraits/HerbiTraits-master/Data/Version_1.1/HerbiTraits_1.1/HerbiTraits_References_1.1.csv | github_github.com__MegaPast2Future_HerbiTraits/HerbiTraits-master/HerbiTraits_Logo.png | github_github.com__MegaPast2Future_HerbiTraits/HerbiTraits-master/Data/Version_1/Incomplete_Traits_V1/Incomplete_Traits_References_V1.csv | github_github.com__MegaPast2Future_HerbiTraits/HerbiTraits-master/Data/HerbiTraits_1.2/HerbiTraits_1.2/HerbiTraits_1.2.csv | github_github.com__MegaPast2Future_HerbiTraits/HerbiTraits-master/Data/HerbiTraits_1.2/HerbiTraits_1.2/HerbiTraits_1.2.xlsx,,,modify_code,,,HerbiTraits References,,,github_github.com__MegaPast2Future_HerbiTraits/HerbiTraits-master/Data/Version_1/HerbiTraits_V1/HerbiTraits_References_v1.csv | github_github.com__MegaPast2Future_HerbiTraits/HerbiTraits-master/Data/Version_1/HerbiTraits_V1/HerbiTraits_Metadata_v1.csv | github_github.com__MegaPast2Future_HerbiTraits/HerbiTraits-master/Data/Version_1/HerbiTraits_V1/HerbiTraits_v1.xlsx | github_github.com__MegaPast2Future_HerbiTraits/HerbiTraits-master/Data/Version_1/HerbiTraits_V1/HerbiTraits_Data_v1.csv | github_github.com__MegaPast2Future_HerbiTraits/HerbiTraits-master/Data/HerbiTraits_1.2/HerbiTraits_1.2/HerbiTraits_References_1.2.csv | github_github.com__MegaPast2Future_HerbiTraits/HerbiTraits-master/Data/Version_1.1/HerbiTraits_1.1/HerbiTraits_References_1.1.csv,,ambiguous,lf_003,logical_file,2026-06-16T15:55:29.921317
ann_lf_004_grounding,grounding,,s41597-020-00788-5,github_github.com__MegaPast2Future_HerbiTraits/HerbiTraits-master/Data/Version_1/HerbiTraits_V1/HerbiTraits_v1.xlsx | github_github.com__MegaPast2Future_HerbiTraits/HerbiTraits-master/Data/Version_1/HerbiTraits_V1/HerbiTraits_Metadata_v1.csv | github_github.com__MegaPast2Future_HerbiTraits/HerbiTraits-master/Data/Version_1/HerbiTraits_V1/HerbiTraits_References_v1.csv | github_github.com__MegaPast2Future_HerbiTraits/HerbiTraits-master/Data/Version_1/HerbiTraits_V1/HerbiTraits_Data_v1.csv | github_github.com__MegaPast2Future_HerbiTraits/HerbiTraits-master/Data/HerbiTraits_1.2/HerbiTraits_1.2/HerbiTraits_1.2.csv | github_github.com__MegaPast2Future_HerbiTraits/HerbiTraits-master/Data/HerbiTraits_1.2/HerbiTraits_1.2/HerbiTraits_1.2.xlsx | github_github.com__MegaPast2Future_HerbiTraits/HerbiTraits-master/Data/Version_1.1/HerbiTraits_1.1/HerbiTraits_1.1.csv | github_github.com__MegaPast2Future_HerbiTraits/HerbiTraits-master/Data/Version_1/Incomplete_Traits_V1/Incomplete_Traits_V1.xlsx,,,needs_second_review,,,HerbiTraits Excel Workbook,,,github_github.com__MegaPast2Future_HerbiTraits/HerbiTraits-master/Data/Version_1/HerbiTraits_V1/HerbiTraits_v1.xlsx,,weak_match,lf_004,logical_file,2026-06-16T15:55:29.925534
ann_lf_005_grounding,grounding,,s41597-020-00788-5,github_github.com__MegaPast2Future_HerbiTraits/HerbiTraits-master/Data/Version_1/Incomplete_Traits_V1/Incomplete_Traits_V1.xlsx | github_github.com__MegaPast2Future_HerbiTraits/HerbiTraits-master/Data/Version_1/Incomplete_Traits_V1/Incomplete_Traits_Data_V1.csv | github_github.com__MegaPast2Future_HerbiTraits/HerbiTraits-master/Data/Version_1/Incomplete_Traits_V1/Incomplete_Traits_References_V1.csv | github_github.com__MegaPast2Future_HerbiTraits/HerbiTraits-master/Data/Version_1/Incomplete_Traits_V1/Incomplete_Traits_Metadata_V1.csv | github_github.com__MegaPast2Future_HerbiTraits/HerbiTraits-master/Data/Version_1/HerbiTraits_V1/HerbiTraits_Metadata_v1.csv | github_github.com__MegaPast2Future_HerbiTraits/HerbiTraits-master/Data/Version_1/HerbiTraits_V1/HerbiTraits_References_v1.csv | github_github.com__MegaPast2Future_HerbiTraits/HerbiTraits-master/Data/Version_1/HerbiTraits_V1/HerbiTraits_Data_v1.csv | github_github.com__MegaPast2Future_HerbiTraits/HerbiTraits-master/Data/HerbiTraits_1.2/HerbiTraits_1.2/HerbiTraits_1.2.csv | github_github.com__MegaPast2Future_HerbiTraits/HerbiTraits-master/Data/HerbiTraits_1.2/HerbiTraits_1.2/HerbiTraits_References_1.2.csv | github_github.com__MegaPast2Future_HerbiTraits/HerbiTraits-master/Data/HerbiTraits_1.2/HerbiTraits_1.2/HerbiTraits_Metadata_1.2.csv,,,modify_code,,,Incomplete Traits Data,,,github_github.com__MegaPast2Future_HerbiTraits/HerbiTraits-master/Data/Version_1/Incomplete_Traits_V1/Incomplete_Traits_V1.xlsx | github_github.com__MegaPast2Future_HerbiTraits/HerbiTraits-master/Data/Version_1/Incomplete_Traits_V1/Incomplete_Traits_Data_V1.csv,,ambiguous,lf_005,logical_file,2026-06-16T15:55:29.929512
ann_lf_006_grounding,grounding,,s41597-020-00788-5,github_github.com__MegaPast2Future_HerbiTraits/HerbiTraits-master/Data/Version_1/Incomplete_Traits_V1/Incomplete_Traits_Metadata_V1.csv | github_github.com__MegaPast2Future_HerbiTraits/HerbiTraits-master/Data/Version_1/Incomplete_Traits_V1/Incomplete_Traits_V1.xlsx | github_github.com__MegaPast2Future_HerbiTraits/HerbiTraits-master/Data/Version_1/Incomplete_Traits_V1/Incomplete_Traits_References_V1.csv | github_github.com__MegaPast2Future_HerbiTraits/HerbiTraits-master/Data/Version_1/Incomplete_Traits_V1/Incomplete_Traits_Data_V1.csv | github_github.com__MegaPast2Future_HerbiTraits/HerbiTraits-master/Data/HerbiTraits_1.2/HerbiTraits_1.2/HerbiTraits_Metadata_1.2.csv | github_github.com__MegaPast2Future_HerbiTraits/HerbiTraits-master/Data/Version_1.1/HerbiTraits_1.1/HerbiTraits_Metadata_1.1.csv | github_github.com__MegaPast2Future_HerbiTraits/HerbiTraits-master/Data/Version_1/HerbiTraits_V1/HerbiTraits_Metadata_v1.csv | github_github.com__MegaPast2Future_HerbiTraits/HerbiTraits-master/Data/Version_1/HerbiTraits_V1/HerbiTraits_References_v1.csv | github_github.com__MegaPast2Future_HerbiTraits/HerbiTraits-master/Data/Version_1/HerbiTraits_V1/HerbiTraits_Data_v1.csv | github_github.com__MegaPast2Future_HerbiTraits/HerbiTraits-master/Data/HerbiTraits_1.2/HerbiTraits_1.2/HerbiTraits_1.2.csv,,,modify_code,,,Incomplete Traits Metadata,,,github_github.com__MegaPast2Future_HerbiTraits/HerbiTraits-master/Data/Version_1/Incomplete_Traits_V1/Incomplete_Traits_Metadata_V1.csv | github_github.com__MegaPast2Future_HerbiTraits/HerbiTraits-master/Data/Version_1/Incomplete_Traits_V1/Incomplete_Traits_V1.xlsx,,ambiguous,lf_006,logical_file,2026-06-16T15:55:29.933573
ann_lf_007_grounding,grounding,,s41597-020-00788-5,github_github.com__MegaPast2Future_HerbiTraits/HerbiTraits-master/Data/Version_1/Incomplete_Traits_V1/Incomplete_Traits_References_V1.csv | github_github.com__MegaPast2Future_HerbiTraits/HerbiTraits-master/Data/Version_1/Incomplete_Traits_V1/Incomplete_Traits_V1.xlsx | github_github.com__MegaPast2Future_HerbiTraits/HerbiTraits-master/Data/Version_1/Incomplete_Traits_V1/Incomplete_Traits_Metadata_V1.csv | github_github.com__MegaPast2Future_HerbiTraits/HerbiTraits-master/Data/Version_1/Incomplete_Traits_V1/Incomplete_Traits_Data_V1.csv | github_github.com__MegaPast2Future_HerbiTraits/HerbiTraits-master/Data/HerbiTraits_1.2/HerbiTraits_1.2/HerbiTraits_References_1.2.csv | github_github.com__MegaPast2Future_HerbiTraits/HerbiTraits-master/Data/Version_1.1/HerbiTraits_1.1/HerbiTraits_References_1.1.csv | github_github.com__MegaPast2Future_HerbiTraits/HerbiTraits-master/Data/Version_1/HerbiTraits_V1/HerbiTraits_Metadata_v1.csv | github_github.com__MegaPast2Future_HerbiTraits/HerbiTraits-master/Data/Version_1/HerbiTraits_V1/HerbiTraits_References_v1.csv | github_github.com__MegaPast2Future_HerbiTraits/HerbiTraits-master/Data/Version_1/HerbiTraits_V1/HerbiTraits_Data_v1.csv | github_github.com__MegaPast2Future_HerbiTraits/HerbiTraits-master/Data/HerbiTraits_1.2/HerbiTraits_1.2/HerbiTraits_1.2.csv,,,modify_code,,,Incomplete Traits References,,,github_github.com__MegaPast2Future_HerbiTraits/HerbiTraits-master/Data/Version_1/Incomplete_Traits_V1/Incomplete_Traits_References_V1.csv | github_github.com__MegaPast2Future_HerbiTraits/HerbiTraits-master/Data/Version_1/Incomplete_Traits_V1/Incomplete_Traits_V1.xlsx,,ambiguous,lf_007,logical_file,2026-06-16T15:55:29.937805
ann_final_decision,final_decision,,s41597-020-00788-5,,,,,,,,,0.4643,,,,article,dataset,2026-06-16T15:55:29.941431
ann_lf_001_grounding,grounding,,s41597-021-01069-5,github_github.com__theochem_B3DB/B3DB-main/notebooks/numerical_data_analysis.ipynb,,,needs_second_review,,,numerical_bbb_data,,,github_github.com__theochem_B3DB/B3DB-main/notebooks/numerical_data_analysis.ipynb,,weak_match,lf_001,logical_file,2026-06-16T15:55:31.195199
ann_lf_002_grounding,grounding,,s41597-021-01069-5,,,,needs_second_review,,,categorical_bbb_data,,,,,missing,lf_002,logical_file,2026-06-16T15:55:31.200203
ann_lf_003_grounding,grounding,,s41597-021-01069-5,github_github.com__theochem_B3DB/B3DB-main/notebooks/numerical_data_analysis.ipynb,,,needs_second_review,,,extended_numerical_data,,,github_github.com__theochem_B3DB/B3DB-main/notebooks/numerical_data_analysis.ipynb,,weak_match,lf_003,logical_file,2026-06-16T15:55:31.204633
ann_lf_004_grounding,grounding,,s41597-021-01069-5,,,,needs_second_review,,,extended_categorical_data,,,,,missing,lf_004,logical_file,2026-06-16T15:55:31.208610
ann_final_decision,final_decision,,s41597-021-01069-5,,,,,,,,,0.3,,,,article,dataset,2026-06-16T15:55:31.212563
ann_lf_007_grounding,grounding,,s41597-022-01146-3,github_github.com__open-AIMS_tropical_ucrit_data/tropical_ucrit_data-main/clean_data/site_dat.csv | github_github.com__open-AIMS_tropical_ucrit_data/tropical_ucrit_data-main/clean_data/species_dat.csv | github_github.com__open-AIMS_tropical_ucrit_data/tropical_ucrit_data-main/source_data/species.csv | github_github.com__open-AIMS_tropical_ucrit_data/tropical_ucrit_data-main/dev_dat_morph.csv | github_github.com__open-AIMS_tropical_ucrit_data/tropical_ucrit_data-main/sett_dat.csv | github_github.com__open-AIMS_tropical_ucrit_data/tropical_ucrit_data-main/dev_dat_ucrit.csv | github_github.com__open-AIMS_tropical_ucrit_data/tropical_ucrit_data-main/clean_data/ucrit_dev_dat.csv | github_github.com__open-AIMS_tropical_ucrit_data/tropical_ucrit_data-main/clean_data/morph_dev_dat.csv | github_github.com__open-AIMS_tropical_ucrit_data/tropical_ucrit_data-main/clean_data/image_data.csv | github_github.com__open-AIMS_tropical_ucrit_data/tropical_ucrit_data-main/clean_data/morph_sett_dat.csv,,,modify_code,,,site_and_species_metadata,,,github_github.com__open-AIMS_tropical_ucrit_data/tropical_ucrit_data-main/clean_data/site_dat.csv | github_github.com__open-AIMS_tropical_ucrit_data/tropical_ucrit_data-main/clean_data/species_dat.csv | github_github.com__open-AIMS_tropical_ucrit_data/tropical_ucrit_data-main/source_data/species.csv,,ambiguous,lf_007,logical_file,2026-06-16T15:55:32.396674
ann_final_decision,final_decision,,s41597-022-01146-3,,,,,,,,,0.9375,,,,article,dataset,2026-06-16T15:55:32.406078
ann_final_decision,final_decision,,s41597-022-01473-5,,,,,,,,,1.0,,,,article,dataset,2026-06-16T15:55:33.512429
ann_lf_001_grounding,grounding,,s41597-022-01696-6,Wind farm site 1 (Nominal capacity-99MW).xlsx | Solar station site 1 (Nominal capacity-50MW).xlsx,,,needs_second_review,,,wind_farm_raw_data,,,Wind farm site 1 (Nominal capacity-99MW).xlsx,,weak_match,lf_001,logical_file,2026-06-16T15:55:36.999633
ann_lf_002_grounding,grounding,,s41597-022-01696-6,Solar station site 1 (Nominal capacity-50MW).xlsx | Wind farm site 1 (Nominal capacity-99MW).xlsx,,,needs_second_review,,,solar_station_raw_data,,,Solar station site 1 (Nominal capacity-50MW).xlsx,,weak_match,lf_002,logical_file,2026-06-16T15:55:37.003534
ann_lf_003_grounding,grounding,,s41597-022-01696-6,Wind farm site 1 (Nominal capacity-99MW).xlsx | data_processed.rar | Solar station site 1 (Nominal capacity-50MW).xlsx,,,modify_code,,,wind_farm_processed_data,,,Wind farm site 1 (Nominal capacity-99MW).xlsx | data_processed.rar,,ambiguous,lf_003,logical_file,2026-06-16T15:55:37.007539
ann_lf_004_grounding,grounding,,s41597-022-01696-6,Solar station site 1 (Nominal capacity-50MW).xlsx | data_processed.rar | Wind farm site 1 (Nominal capacity-99MW).xlsx,,,modify_code,,,solar_station_processed_data,,,Solar station site 1 (Nominal capacity-50MW).xlsx | data_processed.rar,,ambiguous,lf_004,logical_file,2026-06-16T15:55:37.012051
ann_lf_005_grounding,grounding,,s41597-022-01696-6,Wind farm site 1 (Nominal capacity-99MW).xlsx | Solar station site 1 (Nominal capacity-50MW).xlsx,,,needs_second_review,,,wind_farm_metadata,,,Wind farm site 1 (Nominal capacity-99MW).xlsx,,weak_match,lf_005,logical_file,2026-06-16T15:55:37.016462
ann_lf_006_grounding,grounding,,s41597-022-01696-6,Solar station site 1 (Nominal capacity-50MW).xlsx | Wind farm site 1 (Nominal capacity-99MW).xlsx,,,needs_second_review,,,solar_station_metadata,,,Solar station site 1 (Nominal capacity-50MW).xlsx,,weak_match,lf_006,logical_file,2026-06-16T15:55:37.020197
ann_final_decision,final_decision,,s41597-022-01696-6,,,,,,,,,0.3333,,,,article,dataset,2026-06-16T15:55:37.023820
ann_lf_002_grounding,grounding,,s41597-023-02060-y,github_github.com__0oshowero0_HealthyCitiesDataset/HealthyCitiesDataset-main/health_outcome/life_expectancy/life_expectancy_msoa.csv | github_github.com__0oshowero0_HealthyCitiesDataset/HealthyCitiesDataset-main/health_outcome/life_expectancy/healthy_life_expectancy_msoa.csv | github_github.com__0oshowero0_HealthyCitiesDataset/HealthyCitiesDataset-main/msoa_look_up_table.csv | github_github.com__0oshowero0_HealthyCitiesDataset/HealthyCitiesDataset-main/city_look_up_table.csv | github_github.com__0oshowero0_HealthyCitiesDataset/HealthyCitiesDataset-main/health_outcome/mental_health/mental_prescribing_msoa.csv | github_github.com__0oshowero0_HealthyCitiesDataset/HealthyCitiesDataset-main/health_outcome/mental_health/mental_prescribing_city.csv | github_github.com__0oshowero0_HealthyCitiesDataset/HealthyCitiesDataset-main/health_outcome/physical_health/cancer/cancer_prescribing_msoa.csv | github_github.com__0oshowero0_HealthyCitiesDataset/HealthyCitiesDataset-main/health_outcome/physical_health/cancer/cancer_prescribing_city.csv | github_github.com__0oshowero0_HealthyCitiesDataset/HealthyCitiesDataset-main/health_outcome/physical_health/hypertension/hypertension_prescribing_city.csv | github_github.com__0oshowero0_HealthyCitiesDataset/HealthyCitiesDataset-main/health_outcome/physical_health/hypertension/hypertension_prescribing_msoa.csv,,,modify_code,,,life_expectancy_data,,,github_github.com__0oshowero0_HealthyCitiesDataset/HealthyCitiesDataset-main/health_outcome/life_expectancy/life_expectancy_msoa.csv | github_github.com__0oshowero0_HealthyCitiesDataset/HealthyCitiesDataset-main/health_outcome/life_expectancy/healthy_life_expectancy_msoa.csv,,ambiguous,lf_002,logical_file,2026-06-16T15:55:38.103188
ann_lf_003_grounding,grounding,,s41597-023-02060-y,github_github.com__0oshowero0_HealthyCitiesDataset/HealthyCitiesDataset-main/health_outcome/mental_health/metadata_mental_health_prescribing.xlsx | github_github.com__0oshowero0_HealthyCitiesDataset/HealthyCitiesDataset-main/msoa_look_up_table.csv | github_github.com__0oshowero0_HealthyCitiesDataset/HealthyCitiesDataset-main/city_look_up_table.csv | github_github.com__0oshowero0_HealthyCitiesDataset/HealthyCitiesDataset-main/health_outcome/mental_health/mental_prescribing_msoa.csv | github_github.com__0oshowero0_HealthyCitiesDataset/HealthyCitiesDataset-main/health_outcome/mental_health/mental_prescribing_city.csv | github_github.com__0oshowero0_HealthyCitiesDataset/HealthyCitiesDataset-main/health_outcome/life_expectancy/life_expectancy_msoa.csv | github_github.com__0oshowero0_HealthyCitiesDataset/HealthyCitiesDataset-main/health_outcome/life_expectancy/healthy_life_expectancy_msoa.csv | github_github.com__0oshowero0_HealthyCitiesDataset/HealthyCitiesDataset-main/health_outcome/physical_health/cancer/cancer_prescribing_msoa.csv | github_github.com__0oshowero0_HealthyCitiesDataset/HealthyCitiesDataset-main/health_outcome/physical_health/cancer/cancer_prescribing_city.csv | github_github.com__0oshowero0_HealthyCitiesDataset/HealthyCitiesDataset-main/health_outcome/physical_health/hypertension/hypertension_prescribing_city.csv,,,needs_second_review,,,health_expenditures_data,,,github_github.com__0oshowero0_HealthyCitiesDataset/HealthyCitiesDataset-main/health_outcome/mental_health/metadata_mental_health_prescribing.xlsx,,weak_match,lf_003,logical_file,2026-06-16T15:55:38.107830
ann_lf_004_grounding,grounding,,s41597-023-02060-y,github_github.com__0oshowero0_HealthyCitiesDataset/HealthyCitiesDataset-main/msoa_look_up_table.csv | github_github.com__0oshowero0_HealthyCitiesDataset/HealthyCitiesDataset-main/city_look_up_table.csv | github_github.com__0oshowero0_HealthyCitiesDataset/HealthyCitiesDataset-main/health_outcome/mental_health/mental_prescribing_msoa.csv | github_github.com__0oshowero0_HealthyCitiesDataset/HealthyCitiesDataset-main/health_outcome/mental_health/mental_prescribing_city.csv | github_github.com__0oshowero0_HealthyCitiesDataset/HealthyCitiesDataset-main/health_outcome/life_expectancy/life_expectancy_msoa.csv | github_github.com__0oshowero0_HealthyCitiesDataset/HealthyCitiesDataset-main/health_outcome/life_expectancy/healthy_life_expectancy_msoa.csv | github_github.com__0oshowero0_HealthyCitiesDataset/HealthyCitiesDataset-main/health_outcome/physical_health/cancer/cancer_prescribing_msoa.csv | github_github.com__0oshowero0_HealthyCitiesDataset/HealthyCitiesDataset-main/health_outcome/physical_health/cancer/cancer_prescribing_city.csv | github_github.com__0oshowero0_HealthyCitiesDataset/HealthyCitiesDataset-main/health_outcome/physical_health/hypertension/hypertension_prescribing_city.csv | github_github.com__0oshowero0_HealthyCitiesDataset/HealthyCitiesDataset-main/health_outcome/physical_health/hypertension/hypertension_prescribing_msoa.csv,,,needs_second_review,,,covid19_cases_data,,,,,missing,lf_004,logical_file,2026-06-16T15:55:38.112143
ann_lf_005_grounding,grounding,,s41597-023-02060-y,github_github.com__0oshowero0_HealthyCitiesDataset/HealthyCitiesDataset-main/msoa_look_up_table.csv | github_github.com__0oshowero0_HealthyCitiesDataset/HealthyCitiesDataset-main/city_look_up_table.csv | github_github.com__0oshowero0_HealthyCitiesDataset/HealthyCitiesDataset-main/health_outcome/mental_health/mental_prescribing_msoa.csv | github_github.com__0oshowero0_HealthyCitiesDataset/HealthyCitiesDataset-main/health_outcome/mental_health/mental_prescribing_city.csv | github_github.com__0oshowero0_HealthyCitiesDataset/HealthyCitiesDataset-main/health_outcome/life_expectancy/life_expectancy_msoa.csv | github_github.com__0oshowero0_HealthyCitiesDataset/HealthyCitiesDataset-main/health_outcome/life_expectancy/healthy_life_expectancy_msoa.csv | github_github.com__0oshowero0_HealthyCitiesDataset/HealthyCitiesDataset-main/health_outcome/physical_health/cancer/cancer_prescribing_msoa.csv | github_github.com__0oshowero0_HealthyCitiesDataset/HealthyCitiesDataset-main/health_outcome/physical_health/cancer/cancer_prescribing_city.csv | github_github.com__0oshowero0_HealthyCitiesDataset/HealthyCitiesDataset-main/health_outcome/physical_health/hypertension/hypertension_prescribing_city.csv | github_github.com__0oshowero0_HealthyCitiesDataset/HealthyCitiesDataset-main/health_outcome/physical_health/hypertension/hypertension_prescribing_msoa.csv,,,needs_second_review,,,basic_statistics_data,,,,,missing,lf_005,logical_file,2026-06-16T15:55:38.116626
ann_lf_006_grounding,grounding,,s41597-023-02060-y,github_github.com__0oshowero0_HealthyCitiesDataset/HealthyCitiesDataset-main/msoa_look_up_table.csv | github_github.com__0oshowero0_HealthyCitiesDataset/HealthyCitiesDataset-main/city_look_up_table.csv | github_github.com__0oshowero0_HealthyCitiesDataset/HealthyCitiesDataset-main/health_outcome/mental_health/mental_prescribing_msoa.csv | github_github.com__0oshowero0_HealthyCitiesDataset/HealthyCitiesDataset-main/health_outcome/mental_health/mental_prescribing_city.csv | github_github.com__0oshowero0_HealthyCitiesDataset/HealthyCitiesDataset-main/health_outcome/life_expectancy/life_expectancy_msoa.csv | github_github.com__0oshowero0_HealthyCitiesDataset/HealthyCitiesDataset-main/health_outcome/life_expectancy/healthy_life_expectancy_msoa.csv | github_github.com__0oshowero0_HealthyCitiesDataset/HealthyCitiesDataset-main/health_outcome/physical_health/cancer/cancer_prescribing_msoa.csv | github_github.com__0oshowero0_HealthyCitiesDataset/HealthyCitiesDataset-main/health_outcome/physical_health/cancer/cancer_prescribing_city.csv | github_github.com__0oshowero0_HealthyCitiesDataset/HealthyCitiesDataset-main/health_outcome/physical_health/hypertension/hypertension_prescribing_city.csv | github_github.com__0oshowero0_HealthyCitiesDataset/HealthyCitiesDataset-main/health_outcome/physical_health/hypertension/hypertension_prescribing_msoa.csv,,,needs_second_review,,,behaviour_environment_data,,,,,missing,lf_006,logical_file,2026-06-16T15:55:38.122723
ann_lf_007_grounding,grounding,,s41597-023-02060-y,github_github.com__0oshowero0_HealthyCitiesDataset/HealthyCitiesDataset-main/msoa_look_up_table.csv | github_github.com__0oshowero0_HealthyCitiesDataset/HealthyCitiesDataset-main/city_look_up_table.csv | github_github.com__0oshowero0_HealthyCitiesDataset/HealthyCitiesDataset-main/health_outcome/mental_health/mental_prescribing_msoa.csv | github_github.com__0oshowero0_HealthyCitiesDataset/HealthyCitiesDataset-main/health_outcome/mental_health/mental_prescribing_city.csv | github_github.com__0oshowero0_HealthyCitiesDataset/HealthyCitiesDataset-main/health_outcome/life_expectancy/life_expectancy_msoa.csv | github_github.com__0oshowero0_HealthyCitiesDataset/HealthyCitiesDataset-main/health_outcome/life_expectancy/healthy_life_expectancy_msoa.csv | github_github.com__0oshowero0_HealthyCitiesDataset/HealthyCitiesDataset-main/health_outcome/physical_health/cancer/cancer_prescribing_msoa.csv | github_github.com__0oshowero0_HealthyCitiesDataset/HealthyCitiesDataset-main/health_outcome/physical_health/cancer/cancer_prescribing_city.csv | github_github.com__0oshowero0_HealthyCitiesDataset/HealthyCitiesDataset-main/health_outcome/physical_health/hypertension/hypertension_prescribing_city.csv | github_github.com__0oshowero0_HealthyCitiesDataset/HealthyCitiesDataset-main/health_outcome/physical_health/hypertension/hypertension_prescribing_msoa.csv,,,needs_second_review,,,built_environment_data,,,,,missing,lf_007,logical_file,2026-06-16T15:55:38.128777
ann_lf_008_grounding,grounding,,s41597-023-02060-y,github_github.com__0oshowero0_HealthyCitiesDataset/HealthyCitiesDataset-main/msoa_look_up_table.csv | github_github.com__0oshowero0_HealthyCitiesDataset/HealthyCitiesDataset-main/city_look_up_table.csv | github_github.com__0oshowero0_HealthyCitiesDataset/HealthyCitiesDataset-main/health_outcome/mental_health/mental_prescribing_msoa.csv | github_github.com__0oshowero0_HealthyCitiesDataset/HealthyCitiesDataset-main/health_outcome/mental_health/mental_prescribing_city.csv | github_github.com__0oshowero0_HealthyCitiesDataset/HealthyCitiesDataset-main/health_outcome/life_expectancy/life_expectancy_msoa.csv | github_github.com__0oshowero0_HealthyCitiesDataset/HealthyCitiesDataset-main/health_outcome/life_expectancy/healthy_life_expectancy_msoa.csv | github_github.com__0oshowero0_HealthyCitiesDataset/HealthyCitiesDataset-main/health_outcome/physical_health/cancer/cancer_prescribing_msoa.csv | github_github.com__0oshowero0_HealthyCitiesDataset/HealthyCitiesDataset-main/health_outcome/physical_health/cancer/cancer_prescribing_city.csv | github_github.com__0oshowero0_HealthyCitiesDataset/HealthyCitiesDataset-main/health_outcome/physical_health/hypertension/hypertension_prescribing_city.csv | github_github.com__0oshowero0_HealthyCitiesDataset/HealthyCitiesDataset-main/health_outcome/physical_health/hypertension/hypertension_prescribing_msoa.csv,,,needs_second_review,,,natural_environment_data,,,,,missing,lf_008,logical_file,2026-06-16T15:55:38.133770
ann_final_decision,final_decision,,s41597-023-02060-y,,,,,,,,,0.2188,,,,article,dataset,2026-06-16T15:55:38.137725
ann_lf_001_grounding,grounding,,s41597-023-02070-w,mosaic_climate.csv | mosaic_main_traits.csv,,,needs_second_review,,,Primary Trait Data,,,,,missing,lf_001,logical_file,2026-06-16T15:55:39.346618
ann_lf_002_grounding,grounding,,s41597-023-02070-w,mosaic_climate.csv | mosaic_main_traits.csv,,,needs_second_review,,,Climate Data,,,mosaic_climate.csv,,weak_match,lf_002,logical_file,2026-06-16T15:55:39.350346
ann_lf_003_grounding,grounding,,s41597-023-02070-w,,,,needs_second_review,,,Phylogenetic Tree,,,,,missing,lf_003,logical_file,2026-06-16T15:55:39.354255
ann_lf_004_grounding,grounding,,s41597-023-02070-w,mosaic_climate.csv | mosaic_main_traits.csv,,,needs_second_review,,,metaMOSAIC,,,,,missing,lf_004,logical_file,2026-06-16T15:55:39.358378
ann_lf_005_grounding,grounding,,s41597-023-02070-w,,,,needs_second_review,,,User Guide,,,,,missing,lf_005,logical_file,2026-06-16T15:55:39.364060
ann_final_decision,final_decision,,s41597-023-02070-w,,,,,,,,,0.05,,,,article,dataset,2026-06-16T15:55:39.369189
ann_lf_001_grounding,grounding,,s41597-023-02094-2,CarbonMonitor_Power_Data_hourly.csv | CarbonMonitor_Power_Data_daily.csv | CarbonMonitor_Power_Data.csv,,,needs_second_review,,,hourly_power_generation,,,CarbonMonitor_Power_Data_hourly.csv,,weak_match,lf_001,logical_file,2026-06-16T15:55:40.390867
ann_lf_002_grounding,grounding,,s41597-023-02094-2,CarbonMonitor_Power_Data_daily.csv | CarbonMonitor_Power_Data_hourly.csv | CarbonMonitor_Power_Data.csv,,,needs_second_review,,,daily_power_generation,,,CarbonMonitor_Power_Data_daily.csv,,weak_match,lf_002,logical_file,2026-06-16T15:55:40.395998
ann_lf_003_grounding,grounding,,s41597-023-02094-2,CarbonMonitor_Power_Data_daily.csv | CarbonMonitor_Power_Data_hourly.csv | CarbonMonitor_Power_Data.csv,,,needs_second_review,,,metadata_country_sources,,,,,missing,lf_003,logical_file,2026-06-16T15:55:40.400787
ann_lf_004_grounding,grounding,,s41597-023-02094-2,,,,needs_second_review,,,code_processing_scripts,,,,,missing,lf_004,logical_file,2026-06-16T15:55:40.405015
ann_lf_005_grounding,grounding,,s41597-023-02094-2,,,,needs_second_review,,,readme_documentation,,,,,missing,lf_005,logical_file,2026-06-16T15:55:40.408722
ann_final_decision,final_decision,,s41597-023-02094-2,,,,,,,,,0.1,,,,article,dataset,2026-06-16T15:55:40.412248
ann_lf_001_grounding,grounding,,s41597-023-02576-3,github_github.com__axin1301_Satellite-imagery-dataset/Satellite-imagery-dataset-main/Satellite_Imagery_and_Visual_Attributes/object_detection/t.py | github_github.com__axin1301_Satellite-imagery-dataset/Satellite-imagery-dataset-main/Satellite_Imagery_and_Visual_Attributes/satellite_imagery_collection/tilefile_scd/Detroit city.csv | github_github.com__axin1301_Satellite-imagery-dataset/Satellite-imagery-dataset-main/Satellite_Imagery_and_Visual_Attributes/satellite_imagery_collection/tilefile_scd/Denver city.csv | github_github.com__axin1301_Satellite-imagery-dataset/Satellite-imagery-dataset-main/Satellite_Imagery_and_Visual_Attributes/satellite_imagery_collection/tilefile_scd/Dallas city.csv | github_github.com__axin1301_Satellite-imagery-dataset/Satellite-imagery-dataset-main/Satellite_Imagery_and_Visual_Attributes/satellite_imagery_collection/tilefile_scd/Columbus city.csv | github_github.com__axin1301_Satellite-imagery-dataset/Satellite-imagery-dataset-main/Satellite_Imagery_and_Visual_Attributes/satellite_imagery_collection/tilefile_scd/Corpus Christi city.csv | github_github.com__axin1301_Satellite-imagery-dataset/Satellite-imagery-dataset-main/Satellite_Imagery_and_Visual_Attributes/Counting_final_visual_attributes/imgs_within_cbg_2020/imgs_within_cbgs_Boise City city.csv | github_github.com__axin1301_Satellite-imagery-dataset/Satellite-imagery-dataset-main/Satellite_Imagery_and_Visual_Attributes/Counting_final_visual_attributes/imgs_within_cbg_2020/imgs_within_cbgs_Austin city.csv | github_github.com__axin1301_Satellite-imagery-dataset/Satellite-imagery-dataset-main/Satellite_Imagery_and_Visual_Attributes/Counting_final_visual_attributes/imgs_within_cbg_2020/imgs_within_cbgs_Anaheim city.csv | github_github.com__axin1301_Satellite-imagery-dataset/Satellite-imagery-dataset-main/Satellite_Imagery_and_Visual_Attributes/Counting_final_visual_attributes/imgs_within_cbg_2020/imgs_within_cbgs_Bakersfield city.csv,,,needs_second_review,,,Basic Geographic Statistics,,,github_github.com__axin1301_Satellite-imagery-dataset/Satellite-imagery-dataset-main/Satellite_Imagery_and_Visual_Attributes/object_detection/t.py,,weak_match,lf_001,logical_file,2026-06-16T15:55:41.670128
ann_lf_002_grounding,grounding,,s41597-023-02576-3,github_github.com__axin1301_Satellite-imagery-dataset/Satellite-imagery-dataset-main/Satellite_Imagery_and_Visual_Attributes/object_detection/t.py | github_github.com__axin1301_Satellite-imagery-dataset/Satellite-imagery-dataset-main/Satellite_Imagery_and_Visual_Attributes/satellite_imagery_collection/tilefile_scd/Detroit city.csv | github_github.com__axin1301_Satellite-imagery-dataset/Satellite-imagery-dataset-main/Satellite_Imagery_and_Visual_Attributes/satellite_imagery_collection/tilefile_scd/Denver city.csv | github_github.com__axin1301_Satellite-imagery-dataset/Satellite-imagery-dataset-main/Satellite_Imagery_and_Visual_Attributes/satellite_imagery_collection/tilefile_scd/Dallas city.csv | github_github.com__axin1301_Satellite-imagery-dataset/Satellite-imagery-dataset-main/Satellite_Imagery_and_Visual_Attributes/satellite_imagery_collection/tilefile_scd/Columbus city.csv | github_github.com__axin1301_Satellite-imagery-dataset/Satellite-imagery-dataset-main/Satellite_Imagery_and_Visual_Attributes/satellite_imagery_collection/tilefile_scd/Corpus Christi city.csv | github_github.com__axin1301_Satellite-imagery-dataset/Satellite-imagery-dataset-main/Satellite_Imagery_and_Visual_Attributes/Counting_final_visual_attributes/imgs_within_cbg_2020/imgs_within_cbgs_Boise City city.csv | github_github.com__axin1301_Satellite-imagery-dataset/Satellite-imagery-dataset-main/Satellite_Imagery_and_Visual_Attributes/Counting_final_visual_attributes/imgs_within_cbg_2020/imgs_within_cbgs_Austin city.csv | github_github.com__axin1301_Satellite-imagery-dataset/Satellite-imagery-dataset-main/Satellite_Imagery_and_Visual_Attributes/Counting_final_visual_attributes/imgs_within_cbg_2020/imgs_within_cbgs_Anaheim city.csv | github_github.com__axin1301_Satellite-imagery-dataset/Satellite-imagery-dataset-main/Satellite_Imagery_and_Visual_Attributes/Counting_final_visual_attributes/imgs_within_cbg_2020/imgs_within_cbgs_Bakersfield city.csv,,,needs_second_review,,,Satellite Imagery Visual Attributes - Object Counts,,,github_github.com__axin1301_Satellite-imagery-dataset/Satellite-imagery-dataset-main/Satellite_Imagery_and_Visual_Attributes/object_detection/t.py,,weak_match,lf_002,logical_file,2026-06-16T15:55:41.674086
ann_lf_003_grounding,grounding,,s41597-023-02576-3,github_github.com__axin1301_Satellite-imagery-dataset/Satellite-imagery-dataset-main/Satellite_Imagery_and_Visual_Attributes/object_detection/t.py | github_github.com__axin1301_Satellite-imagery-dataset/Satellite-imagery-dataset-main/Satellite_Imagery_and_Visual_Attributes/satellite_imagery_collection/tilefile_scd/Detroit city.csv | github_github.com__axin1301_Satellite-imagery-dataset/Satellite-imagery-dataset-main/Satellite_Imagery_and_Visual_Attributes/satellite_imagery_collection/tilefile_scd/Denver city.csv | github_github.com__axin1301_Satellite-imagery-dataset/Satellite-imagery-dataset-main/Satellite_Imagery_and_Visual_Attributes/satellite_imagery_collection/tilefile_scd/Dallas city.csv | github_github.com__axin1301_Satellite-imagery-dataset/Satellite-imagery-dataset-main/Satellite_Imagery_and_Visual_Attributes/satellite_imagery_collection/tilefile_scd/Columbus city.csv | github_github.com__axin1301_Satellite-imagery-dataset/Satellite-imagery-dataset-main/Satellite_Imagery_and_Visual_Attributes/satellite_imagery_collection/tilefile_scd/Corpus Christi city.csv | github_github.com__axin1301_Satellite-imagery-dataset/Satellite-imagery-dataset-main/Satellite_Imagery_and_Visual_Attributes/Counting_final_visual_attributes/imgs_within_cbg_2020/imgs_within_cbgs_Boise City city.csv | github_github.com__axin1301_Satellite-imagery-dataset/Satellite-imagery-dataset-main/Satellite_Imagery_and_Visual_Attributes/Counting_final_visual_attributes/imgs_within_cbg_2020/imgs_within_cbgs_Austin city.csv | github_github.com__axin1301_Satellite-imagery-dataset/Satellite-imagery-dataset-main/Satellite_Imagery_and_Visual_Attributes/Counting_final_visual_attributes/imgs_within_cbg_2020/imgs_within_cbgs_Anaheim city.csv | github_github.com__axin1301_Satellite-imagery-dataset/Satellite-imagery-dataset-main/Satellite_Imagery_and_Visual_Attributes/Counting_final_visual_attributes/imgs_within_cbg_2020/imgs_within_cbgs_Bakersfield city.csv,,,needs_second_review,,,Satellite Imagery Visual Attributes - Land Cover Semantics,,,github_github.com__axin1301_Satellite-imagery-dataset/Satellite-imagery-dataset-main/Satellite_Imagery_and_Visual_Attributes/object_detection/t.py,,weak_match,lf_003,logical_file,2026-06-16T15:55:41.677945
ann_lf_004_grounding,grounding,,s41597-023-02576-3,github_github.com__axin1301_Satellite-imagery-dataset/Satellite-imagery-dataset-main/Satellite_Imagery_and_Visual_Attributes/object_detection/t.py | github_github.com__axin1301_Satellite-imagery-dataset/Satellite-imagery-dataset-main/output/Indicators_for_SDG_3_City_level.csv | github_github.com__axin1301_Satellite-imagery-dataset/Satellite-imagery-dataset-main/output/Indicators_for_SDG_4_City_level.csv | github_github.com__axin1301_Satellite-imagery-dataset/Satellite-imagery-dataset-main/output/Indicators_for_SDG_1_City_level.csv | github_github.com__axin1301_Satellite-imagery-dataset/Satellite-imagery-dataset-main/Satellite_Imagery_and_Visual_Attributes/satellite_imagery_collection/tilefile_scd/Detroit city.csv | github_github.com__axin1301_Satellite-imagery-dataset/Satellite-imagery-dataset-main/Satellite_Imagery_and_Visual_Attributes/satellite_imagery_collection/tilefile_scd/Denver city.csv | github_github.com__axin1301_Satellite-imagery-dataset/Satellite-imagery-dataset-main/Satellite_Imagery_and_Visual_Attributes/satellite_imagery_collection/tilefile_scd/Dallas city.csv | github_github.com__axin1301_Satellite-imagery-dataset/Satellite-imagery-dataset-main/Satellite_Imagery_and_Visual_Attributes/satellite_imagery_collection/tilefile_scd/Columbus city.csv | github_github.com__axin1301_Satellite-imagery-dataset/Satellite-imagery-dataset-main/Satellite_Imagery_and_Visual_Attributes/satellite_imagery_collection/tilefile_scd/Corpus Christi city.csv | github_github.com__axin1301_Satellite-imagery-dataset/Satellite-imagery-dataset-main/Satellite_Imagery_and_Visual_Attributes/Counting_final_visual_attributes/imgs_within_cbg_2020/imgs_within_cbgs_Boise City city.csv,,,needs_second_review,,,SDG 1 - No Poverty Indicators,,,github_github.com__axin1301_Satellite-imagery-dataset/Satellite-imagery-dataset-main/Satellite_Imagery_and_Visual_Attributes/object_detection/t.py,,weak_match,lf_004,logical_file,2026-06-16T15:55:41.682342
ann_lf_005_grounding,grounding,,s41597-023-02576-3,github_github.com__axin1301_Satellite-imagery-dataset/Satellite-imagery-dataset-main/Satellite_Imagery_and_Visual_Attributes/object_detection/t.py | github_github.com__axin1301_Satellite-imagery-dataset/Satellite-imagery-dataset-main/Satellite_Imagery_and_Visual_Attributes/satellite_imagery_collection/tilefile_scd/Detroit city.csv | github_github.com__axin1301_Satellite-imagery-dataset/Satellite-imagery-dataset-main/Satellite_Imagery_and_Visual_Attributes/satellite_imagery_collection/tilefile_scd/Denver city.csv | github_github.com__axin1301_Satellite-imagery-dataset/Satellite-imagery-dataset-main/Satellite_Imagery_and_Visual_Attributes/satellite_imagery_collection/tilefile_scd/Dallas city.csv | github_github.com__axin1301_Satellite-imagery-dataset/Satellite-imagery-dataset-main/Satellite_Imagery_and_Visual_Attributes/satellite_imagery_collection/tilefile_scd/Columbus city.csv | github_github.com__axin1301_Satellite-imagery-dataset/Satellite-imagery-dataset-main/Satellite_Imagery_and_Visual_Attributes/satellite_imagery_collection/tilefile_scd/Corpus Christi city.csv | github_github.com__axin1301_Satellite-imagery-dataset/Satellite-imagery-dataset-main/Satellite_Imagery_and_Visual_Attributes/Counting_final_visual_attributes/imgs_within_cbg_2020/imgs_within_cbgs_Boise City city.csv | github_github.com__axin1301_Satellite-imagery-dataset/Satellite-imagery-dataset-main/Satellite_Imagery_and_Visual_Attributes/Counting_final_visual_attributes/imgs_within_cbg_2020/imgs_within_cbgs_Austin city.csv | github_github.com__axin1301_Satellite-imagery-dataset/Satellite-imagery-dataset-main/Satellite_Imagery_and_Visual_Attributes/Counting_final_visual_attributes/imgs_within_cbg_2020/imgs_within_cbgs_Anaheim city.csv | github_github.com__axin1301_Satellite-imagery-dataset/Satellite-imagery-dataset-main/Satellite_Imagery_and_Visual_Attributes/Counting_final_visual_attributes/imgs_within_cbg_2020/imgs_within_cbgs_Bakersfield city.csv,,,needs_second_review,,,SDG 3 - Good Health and Well-being Indicators,,,github_github.com__axin1301_Satellite-imagery-dataset/Satellite-imagery-dataset-main/Satellite_Imagery_and_Visual_Attributes/object_detection/t.py,,weak_match,lf_005,logical_file,2026-06-16T15:55:41.686384
ann_lf_006_grounding,grounding,,s41597-023-02576-3,github_github.com__axin1301_Satellite-imagery-dataset/Satellite-imagery-dataset-main/Satellite_Imagery_and_Visual_Attributes/object_detection/t.py | github_github.com__axin1301_Satellite-imagery-dataset/Satellite-imagery-dataset-main/output/Indicators_for_SDG_3_City_level.csv | github_github.com__axin1301_Satellite-imagery-dataset/Satellite-imagery-dataset-main/output/Indicators_for_SDG_4_City_level.csv | github_github.com__axin1301_Satellite-imagery-dataset/Satellite-imagery-dataset-main/output/Indicators_for_SDG_1_City_level.csv | github_github.com__axin1301_Satellite-imagery-dataset/Satellite-imagery-dataset-main/Satellite_Imagery_and_Visual_Attributes/satellite_imagery_collection/tilefile_scd/Detroit city.csv | github_github.com__axin1301_Satellite-imagery-dataset/Satellite-imagery-dataset-main/Satellite_Imagery_and_Visual_Attributes/satellite_imagery_collection/tilefile_scd/Denver city.csv | github_github.com__axin1301_Satellite-imagery-dataset/Satellite-imagery-dataset-main/Satellite_Imagery_and_Visual_Attributes/satellite_imagery_collection/tilefile_scd/Dallas city.csv | github_github.com__axin1301_Satellite-imagery-dataset/Satellite-imagery-dataset-main/Satellite_Imagery_and_Visual_Attributes/satellite_imagery_collection/tilefile_scd/Columbus city.csv | github_github.com__axin1301_Satellite-imagery-dataset/Satellite-imagery-dataset-main/Satellite_Imagery_and_Visual_Attributes/satellite_imagery_collection/tilefile_scd/Corpus Christi city.csv | github_github.com__axin1301_Satellite-imagery-dataset/Satellite-imagery-dataset-main/Satellite_Imagery_and_Visual_Attributes/Counting_final_visual_attributes/imgs_within_cbg_2020/imgs_within_cbgs_Boise City city.csv,,,needs_second_review,,,SDG 4 - Quality Education Indicators,,,github_github.com__axin1301_Satellite-imagery-dataset/Satellite-imagery-dataset-main/Satellite_Imagery_and_Visual_Attributes/object_detection/t.py,,weak_match,lf_006,logical_file,2026-06-16T15:55:41.690448
ann_lf_007_grounding,grounding,,s41597-023-02576-3,github_github.com__axin1301_Satellite-imagery-dataset/Satellite-imagery-dataset-main/Satellite_Imagery_and_Visual_Attributes/object_detection/t.py | github_github.com__axin1301_Satellite-imagery-dataset/Satellite-imagery-dataset-main/output/Indicators_for_SDG_10_City_level.csv | github_github.com__axin1301_Satellite-imagery-dataset/Satellite-imagery-dataset-main/Satellite_Imagery_and_Visual_Attributes/satellite_imagery_collection/tilefile_scd/Detroit city.csv | github_github.com__axin1301_Satellite-imagery-dataset/Satellite-imagery-dataset-main/Satellite_Imagery_and_Visual_Attributes/satellite_imagery_collection/tilefile_scd/Denver city.csv | github_github.com__axin1301_Satellite-imagery-dataset/Satellite-imagery-dataset-main/Satellite_Imagery_and_Visual_Attributes/satellite_imagery_collection/tilefile_scd/Dallas city.csv | github_github.com__axin1301_Satellite-imagery-dataset/Satellite-imagery-dataset-main/Satellite_Imagery_and_Visual_Attributes/satellite_imagery_collection/tilefile_scd/Columbus city.csv | github_github.com__axin1301_Satellite-imagery-dataset/Satellite-imagery-dataset-main/Satellite_Imagery_and_Visual_Attributes/satellite_imagery_collection/tilefile_scd/Corpus Christi city.csv | github_github.com__axin1301_Satellite-imagery-dataset/Satellite-imagery-dataset-main/Satellite_Imagery_and_Visual_Attributes/Counting_final_visual_attributes/imgs_within_cbg_2020/imgs_within_cbgs_Boise City city.csv | github_github.com__axin1301_Satellite-imagery-dataset/Satellite-imagery-dataset-main/Satellite_Imagery_and_Visual_Attributes/Counting_final_visual_attributes/imgs_within_cbg_2020/imgs_within_cbgs_Austin city.csv | github_github.com__axin1301_Satellite-imagery-dataset/Satellite-imagery-dataset-main/Satellite_Imagery_and_Visual_Attributes/Counting_final_visual_attributes/imgs_within_cbg_2020/imgs_within_cbgs_Anaheim city.csv,,,needs_second_review,,,SDG 10 - Reduced Inequalities Indicators,,,github_github.com__axin1301_Satellite-imagery-dataset/Satellite-imagery-dataset-main/Satellite_Imagery_and_Visual_Attributes/object_detection/t.py,,weak_match,lf_007,logical_file,2026-06-16T15:55:41.694513
ann_lf_008_grounding,grounding,,s41597-023-02576-3,github_github.com__axin1301_Satellite-imagery-dataset/Satellite-imagery-dataset-main/Satellite_Imagery_and_Visual_Attributes/object_detection/t.py | github_github.com__axin1301_Satellite-imagery-dataset/Satellite-imagery-dataset-main/output/Indicators_for_SDG_11_City_level.csv | github_github.com__axin1301_Satellite-imagery-dataset/Satellite-imagery-dataset-main/Satellite_Imagery_and_Visual_Attributes/satellite_imagery_collection/tilefile_scd/Detroit city.csv | github_github.com__axin1301_Satellite-imagery-dataset/Satellite-imagery-dataset-main/Satellite_Imagery_and_Visual_Attributes/satellite_imagery_collection/tilefile_scd/Denver city.csv | github_github.com__axin1301_Satellite-imagery-dataset/Satellite-imagery-dataset-main/Satellite_Imagery_and_Visual_Attributes/satellite_imagery_collection/tilefile_scd/Dallas city.csv | github_github.com__axin1301_Satellite-imagery-dataset/Satellite-imagery-dataset-main/Satellite_Imagery_and_Visual_Attributes/satellite_imagery_collection/tilefile_scd/Columbus city.csv | github_github.com__axin1301_Satellite-imagery-dataset/Satellite-imagery-dataset-main/Satellite_Imagery_and_Visual_Attributes/satellite_imagery_collection/tilefile_scd/Corpus Christi city.csv | github_github.com__axin1301_Satellite-imagery-dataset/Satellite-imagery-dataset-main/Satellite_Imagery_and_Visual_Attributes/Counting_final_visual_attributes/imgs_within_cbg_2020/imgs_within_cbgs_Boise City city.csv | github_github.com__axin1301_Satellite-imagery-dataset/Satellite-imagery-dataset-main/Satellite_Imagery_and_Visual_Attributes/Counting_final_visual_attributes/imgs_within_cbg_2020/imgs_within_cbgs_Austin city.csv | github_github.com__axin1301_Satellite-imagery-dataset/Satellite-imagery-dataset-main/Satellite_Imagery_and_Visual_Attributes/Counting_final_visual_attributes/imgs_within_cbg_2020/imgs_within_cbgs_Anaheim city.csv,,,needs_second_review,,,SDG 11 - Sustainable Cities Indicators,,,github_github.com__axin1301_Satellite-imagery-dataset/Satellite-imagery-dataset-main/Satellite_Imagery_and_Visual_Attributes/object_detection/t.py,,weak_match,lf_008,logical_file,2026-06-16T15:55:41.698594
ann_final_decision,final_decision,,s41597-023-02576-3,,,,,,,,,0.25,,,,article,dataset,2026-06-16T15:55:41.702197
ann_lf_002_grounding,grounding,,s41597-023-02717-8,Avian Clock Gene Dataset.xlsx,,,needs_second_review,,,Species Allele Data Sheet,,,,,missing,lf_002,logical_file,2026-06-16T15:55:42.895952
ann_lf_003_grounding,grounding,,s41597-023-02717-8,American Redstart.csv | Blackpoll Warbler.csv | Common Nightingale.csv | Great Shearwater.csv | Common Yellowthroat.csv | Yellow-Legged Gull.csv | Barn Swallow.csv | Garden Warbler.csv | 0. Index.csv | Tree Pipit.csv,,,modify_code,,,Individual Species CSV Files,,,American Redstart.csv | Blackpoll Warbler.csv | Common Nightingale.csv | Great Shearwater.csv | Common Yellowthroat.csv | Yellow-Legged Gull.csv | Barn Swallow.csv | Garden Warbler.csv | 0. Index.csv | Tree Pipit.csv | Collared Flycatcher.csv | Spotted Flycatcher.csv | Common Chiffchaff.csv | Bar-Tailed Godwit.csv | Hermit Thrush.csv | Eurasian Wryneck.csv | Magnolia Warbler.csv | Common Whitethroat.csv | Wood Warbler.csv | Eurasian Hoopoe.csv | Willow Warbler.csv | Spotted Sandpiper.csv | Great Reed Warbler.csv | Woodchat Shrike.csv | Blue Tit.csv | Common Buzzard.csv | Eurasian Reed Warbler.csv | Sedge Warbler.csv | Whinchat.csv | Barolo Shearwater.csv | European Pied Flycatcher.csv | Northern Wheatear.csv | Eastern SubAlpine Warbler.csv | Tree Swallows.csv | Semipalmated Sandpiper.csv | Eurasian Golden Oriole.csv | Boyds Shearwater.csv | Wilsons Warbler.csv | Manx Shearwater.csv | Painted Bunting.csv | Eurasian Blackcap.csv | European Bee-Eater.csv | Dark-Eyed Junco.csv | Yelkouan Shearwater.csv | European Turtle Dove.csv | Collared Plover.csv | Eurasian Blackbird.csv | White-Throated Sparrow.csv | Semipalmated Plover.csv | European Nightjar.csv | True Redstarts.csv | Swainsons Thrush.csv | Icternine Warbler.csv,,ambiguous,lf_003,logical_file,2026-06-16T15:55:42.900621
ann_lf_004_grounding,grounding,,s41597-023-02717-8,0. Index.csv | Avian Clock Gene Dataset.xlsx,,,needs_second_review,,,Index Sheet,,,0. Index.csv,,weak_match,lf_004,logical_file,2026-06-16T15:55:42.904821
ann_lf_005_grounding,grounding,,s41597-023-02717-8,,,,needs_second_review,,,README,,,,,missing,lf_005,logical_file,2026-06-16T15:55:42.908689
ann_final_decision,final_decision,,s41597-023-02717-8,,,,,,,,,0.35,,,,article,dataset,2026-06-16T15:55:42.912407
ann_lf_001_grounding,grounding,,s41597-024-03120-7,github_github.com__OpenDengue_master-repo/master-repo-main/scripts/Checking_OpenDengue_V1.3_release_KJ.R | github_github.com__OpenDengue_master-repo/master-repo-main/docs/data.qmd | github_github.com__OpenDengue_master-repo/master-repo-main/docs/data.html | github_github.com__OpenDengue_master-repo/master-repo-main/docs/archived/data.Rmd | github_github.com__OpenDengue_master-repo/master-repo-main/assets/heatmap.csv | github_github.com__OpenDengue_master-repo/master-repo-main/data/releases/V1.0/Temporal_extract_V1_0.csv | github_github.com__OpenDengue_master-repo/master-repo-main/data/releases/V1.0/Spatial_extract_V1_0.csv | github_github.com__OpenDengue_master-repo/master-repo-main/data/releases/V1.0/National_extract_V1_0.csv | github_github.com__OpenDengue_master-repo/master-repo-main/data/releases/V1.1/Temporal_extract_V1_1.csv | github_github.com__OpenDengue_master-repo/master-repo-main/data/releases/V1.1/Spatial_extract_V1_1.csv,,,needs_second_review,,,main_case_data,,,github_github.com__OpenDengue_master-repo/master-repo-main/scripts/Checking_OpenDengue_V1.3_release_KJ.R,,weak_match,lf_001,logical_file,2026-06-16T15:55:43.924766
ann_lf_002_grounding,grounding,,s41597-024-03120-7,github_github.com__OpenDengue_master-repo/master-repo-main/data/raw_data/sourcedata_V1.2.csv | github_github.com__OpenDengue_master-repo/master-repo-main/data/raw_data/sourcedata_V1.3.csv | github_github.com__OpenDengue_master-repo/master-repo-main/docs/data.qmd | github_github.com__OpenDengue_master-repo/master-repo-main/docs/data.html | github_github.com__OpenDengue_master-repo/master-repo-main/docs/archived/data.Rmd | github_github.com__OpenDengue_master-repo/master-repo-main/data/metadata/metadata_source.json | github_github.com__OpenDengue_master-repo/master-repo-main/.github/ISSUE_TEMPLATE/data-contribution.md | github_github.com__OpenDengue_master-repo/master-repo-main/assets/heatmap.csv | github_github.com__OpenDengue_master-repo/master-repo-main/data/releases/V1.0/Temporal_extract_V1_0.csv | github_github.com__OpenDengue_master-repo/master-repo-main/data/releases/V1.0/Spatial_extract_V1_0.csv,,,modify_code,,,source_data,,,github_github.com__OpenDengue_master-repo/master-repo-main/data/raw_data/sourcedata_V1.2.csv | github_github.com__OpenDengue_master-repo/master-repo-main/data/raw_data/sourcedata_V1.3.csv,,ambiguous,lf_002,logical_file,2026-06-16T15:55:43.929705
ann_lf_003_grounding,grounding,,s41597-024-03120-7,github_github.com__OpenDengue_master-repo/master-repo-main/data/releases/V1.2.1/National_extract_V1_2_1.zip | github_github.com__OpenDengue_master-repo/master-repo-main/data/releases/V1.2.2/National_extract_V1_2_2.zip | github_github.com__OpenDengue_master-repo/master-repo-main/data/releases/V1.0/National_extract_V1_0.fst | github_github.com__OpenDengue_master-repo/master-repo-main/data/releases/V1.0/National_extract_V1_0.csv | github_github.com__OpenDengue_master-repo/master-repo-main/data/releases/V1.2/National_extract_V1_2.zip | github_github.com__OpenDengue_master-repo/master-repo-main/data/releases/V1.1/National_extract_V1_1.csv | github_github.com__OpenDengue_master-repo/master-repo-main/data/releases/V1.3/National_extract_V1_3.zip | github_github.com__OpenDengue_master-repo/master-repo-main/assets/National_extract_EMRO_V1_3.zip | github_github.com__OpenDengue_master-repo/master-repo-main/assets/National_extract_EURO_V1_3.zip | github_github.com__OpenDengue_master-repo/master-repo-main/assets/National_extract_PAHO_V1_3.zip,,,modify_code,,,national_extract,,,github_github.com__OpenDengue_master-repo/master-repo-main/data/releases/V1.2.1/National_extract_V1_2_1.zip | github_github.com__OpenDengue_master-repo/master-repo-main/data/releases/V1.2.2/National_extract_V1_2_2.zip | github_github.com__OpenDengue_master-repo/master-repo-main/data/releases/V1.0/National_extract_V1_0.fst | github_github.com__OpenDengue_master-repo/master-repo-main/data/releases/V1.0/National_extract_V1_0.csv | github_github.com__OpenDengue_master-repo/master-repo-main/data/releases/V1.2/National_extract_V1_2.zip | github_github.com__OpenDengue_master-repo/master-repo-main/data/releases/V1.1/National_extract_V1_1.csv | github_github.com__OpenDengue_master-repo/master-repo-main/data/releases/V1.3/National_extract_V1_3.zip,,ambiguous,lf_003,logical_file,2026-06-16T15:55:43.934974
ann_lf_004_grounding,grounding,,s41597-024-03120-7,github_github.com__OpenDengue_master-repo/master-repo-main/data/releases/V1.2.1/Temporal_extract_V1_2_1.zip | github_github.com__OpenDengue_master-repo/master-repo-main/data/releases/V1.2.2/Temporal_extract_V1_2_2.zip | github_github.com__OpenDengue_master-repo/master-repo-main/data/releases/V1.0/Temporal_extract_V1_0.csv | github_github.com__OpenDengue_master-repo/master-repo-main/data/releases/V1.0/Temporal_extract_V1_0.fst | github_github.com__OpenDengue_master-repo/master-repo-main/data/releases/V1.2/Temporal_extract_V1_2.zip | github_github.com__OpenDengue_master-repo/master-repo-main/data/releases/V1.1/Temporal_extract_V1_1.csv | github_github.com__OpenDengue_master-repo/master-repo-main/data/releases/V1.3/Temporal_extract_V1_3.zip | github_github.com__OpenDengue_master-repo/master-repo-main/assets/Temporal_extract_PAHO_V1_3.zip | github_github.com__OpenDengue_master-repo/master-repo-main/assets/Temporal_extract_EURO_V1_3.zip | github_github.com__OpenDengue_master-repo/master-repo-main/assets/Temporal_extract_SEARO_V1_3.zip,,,modify_code,,,temporal_extract,,,github_github.com__OpenDengue_master-repo/master-repo-main/data/releases/V1.2.1/Temporal_extract_V1_2_1.zip | github_github.com__OpenDengue_master-repo/master-repo-main/data/releases/V1.2.2/Temporal_extract_V1_2_2.zip | github_github.com__OpenDengue_master-repo/master-repo-main/data/releases/V1.0/Temporal_extract_V1_0.csv | github_github.com__OpenDengue_master-repo/master-repo-main/data/releases/V1.0/Temporal_extract_V1_0.fst | github_github.com__OpenDengue_master-repo/master-repo-main/data/releases/V1.2/Temporal_extract_V1_2.zip | github_github.com__OpenDengue_master-repo/master-repo-main/data/releases/V1.1/Temporal_extract_V1_1.csv | github_github.com__OpenDengue_master-repo/master-repo-main/data/releases/V1.3/Temporal_extract_V1_3.zip,,ambiguous,lf_004,logical_file,2026-06-16T15:55:43.940476
ann_lf_005_grounding,grounding,,s41597-024-03120-7,github_github.com__OpenDengue_master-repo/master-repo-main/data/releases/V1.2.1/Spatial_extract_V1_2_1.zip | github_github.com__OpenDengue_master-repo/master-repo-main/data/releases/V1.2.2/Spatial_extract_V1_2_2.zip | github_github.com__OpenDengue_master-repo/master-repo-main/data/releases/V1.0/Spatial_extract_V1_0.csv | github_github.com__OpenDengue_master-repo/master-repo-main/data/releases/V1.0/Spatial_extract_V1_0.fst | github_github.com__OpenDengue_master-repo/master-repo-main/data/releases/V1.2/Spatial_extract_V1_2.zip | github_github.com__OpenDengue_master-repo/master-repo-main/data/releases/V1.1/Spatial_extract_V1_1.csv | github_github.com__OpenDengue_master-repo/master-repo-main/data/releases/V1.3/Spatial_extract_V1_3.zip | github_github.com__OpenDengue_master-repo/master-repo-main/assets/Spatial_extract_EMRO_V1_3.zip | github_github.com__OpenDengue_master-repo/master-repo-main/assets/Spatial_extract_WPRO_V1_3.zip | github_github.com__OpenDengue_master-repo/master-repo-main/assets/Spatial_extract_PAHO_V1_3.zip,,,modify_code,,,spatial_extract,,,github_github.com__OpenDengue_master-repo/master-repo-main/data/releases/V1.2.1/Spatial_extract_V1_2_1.zip | github_github.com__OpenDengue_master-repo/master-repo-main/data/releases/V1.2.2/Spatial_extract_V1_2_2.zip | github_github.com__OpenDengue_master-repo/master-repo-main/data/releases/V1.0/Spatial_extract_V1_0.csv | github_github.com__OpenDengue_master-repo/master-repo-main/data/releases/V1.0/Spatial_extract_V1_0.fst | github_github.com__OpenDengue_master-repo/master-repo-main/data/releases/V1.2/Spatial_extract_V1_2.zip | github_github.com__OpenDengue_master-repo/master-repo-main/data/releases/V1.1/Spatial_extract_V1_1.csv | github_github.com__OpenDengue_master-repo/master-repo-main/data/releases/V1.3/Spatial_extract_V1_3.zip,,ambiguous,lf_005,logical_file,2026-06-16T15:55:43.947937
ann_lf_006_grounding,grounding,,s41597-024-03120-7,github_github.com__OpenDengue_master-repo/master-repo-main/assets/metadata.json | github_github.com__OpenDengue_master-repo/master-repo-main/docs/data.qmd | github_github.com__OpenDengue_master-repo/master-repo-main/docs/data.html | github_github.com__OpenDengue_master-repo/master-repo-main/docs/assets/metadata.json | github_github.com__OpenDengue_master-repo/master-repo-main/docs/archived/data.Rmd | github_github.com__OpenDengue_master-repo/master-repo-main/data/metadata/metadata_main.json,,,modify_code,,,metadata_main_dataset,,,github_github.com__OpenDengue_master-repo/master-repo-main/assets/metadata.json | github_github.com__OpenDengue_master-repo/master-repo-main/docs/data.qmd | github_github.com__OpenDengue_master-repo/master-repo-main/docs/data.html | github_github.com__OpenDengue_master-repo/master-repo-main/docs/assets/metadata.json | github_github.com__OpenDengue_master-repo/master-repo-main/docs/archived/data.Rmd | github_github.com__OpenDengue_master-repo/master-repo-main/data/metadata/metadata_main.json,,ambiguous,lf_006,logical_file,2026-06-16T15:55:43.956983
ann_lf_007_grounding,grounding,,s41597-024-03120-7,github_github.com__OpenDengue_master-repo/master-repo-main/assets/metadata.json | github_github.com__OpenDengue_master-repo/master-repo-main/data/metadata/metadata_source.json | github_github.com__OpenDengue_master-repo/master-repo-main/docs/data.qmd | github_github.com__OpenDengue_master-repo/master-repo-main/docs/data.html | github_github.com__OpenDengue_master-repo/master-repo-main/docs/assets/metadata.json | github_github.com__OpenDengue_master-repo/master-repo-main/docs/archived/data.Rmd,,,modify_code,,,metadata_source_data,,,github_github.com__OpenDengue_master-repo/master-repo-main/assets/metadata.json | github_github.com__OpenDengue_master-repo/master-repo-main/data/metadata/metadata_source.json | github_github.com__OpenDengue_master-repo/master-repo-main/docs/data.qmd | github_github.com__OpenDengue_master-repo/master-repo-main/docs/data.html | github_github.com__OpenDengue_master-repo/master-repo-main/docs/assets/metadata.json | github_github.com__OpenDengue_master-repo/master-repo-main/docs/archived/data.Rmd,,ambiguous,lf_007,logical_file,2026-06-16T15:55:43.964138
ann_lf_008_grounding,grounding,,s41597-024-03120-7,github_github.com__OpenDengue_master-repo/master-repo-main/docs/archived/contribute.Rmd | github_github.com__OpenDengue_master-repo/master-repo-main/docs/archived/data.Rmd | github_github.com__OpenDengue_master-repo/master-repo-main/docs/archived/index.Rmd | github_github.com__OpenDengue_master-repo/master-repo-main/docs/archived/overview.Rmd | github_github.com__OpenDengue_master-repo/master-repo-main/docs/archived/project.Rmd,,,modify_code,,,processing_code,,,github_github.com__OpenDengue_master-repo/master-repo-main/docs/archived/contribute.Rmd | github_github.com__OpenDengue_master-repo/master-repo-main/docs/archived/data.Rmd | github_github.com__OpenDengue_master-repo/master-repo-main/docs/archived/index.Rmd | github_github.com__OpenDengue_master-repo/master-repo-main/docs/archived/overview.Rmd | github_github.com__OpenDengue_master-repo/master-repo-main/docs/archived/project.Rmd,,ambiguous,lf_008,logical_file,2026-06-16T15:55:43.969652
ann_final_decision,final_decision,,s41597-024-03120-7,,,,,,,,,0.4688,,,,article,dataset,2026-06-16T15:55:43.974063
ann_lf_001_grounding,grounding,,sdata2018310,,,,needs_second_review,,,DB-format conformer files,,,,,missing,lf_001,logical_file,2026-06-16T15:55:44.975160
ann_lf_002_grounding,grounding,,sdata2018310,,,,needs_second_review,,,XYZ-format conformer files,,,,,missing,lf_002,logical_file,2026-06-16T15:55:44.979086
ann_lf_003_grounding,grounding,,sdata2018310,PEPCONF/Cyclic/Cyclic.csv | PEPCONF/Dipeptide/Dipeptide.csv | PEPCONF/Bioactive/Bioactive.csv | PEPCONF/Disulfide/Disulfide.csv,,,needs_second_review,,,CSV summary file per directory,,,,,missing,lf_003,logical_file,2026-06-16T15:55:44.982834
ann_final_decision,final_decision,,sdata2018310,,,,,,,,,0.0,,,,article,dataset,2026-06-16T15:55:44.986486
ann_lf_008_grounding,grounding,,s41597-020-00676-y,github_github.com__mcarolinegraham_North_Pacific_Marine_Salmon_Diet_Database/North_Pacific_Marine_Salmon_Diet_Database-master/npmsdd/npmsdd_mysql_database_dump.zip,,,needs_second_review,,,MySQL database dump,,,github_github.com__mcarolinegraham_North_Pacific_Marine_Salmon_Diet_Database/North_Pacific_Marine_Salmon_Diet_Database-master/npmsdd/npmsdd_mysql_database_dump.zip,,weak_match,lf_008,logical_file,2026-06-16T15:55:46.215793
ann_final_decision,final_decision,,s41597-020-00676-y,,,,,,,,,0.9062,,,,article,dataset,2026-06-16T15:55:46.219605
ann_lf_004_grounding,grounding,,s41597-020-00682-0,github_github.com__datadrivenenvirolab_ClimActor/ClimActor-master/R/data.R | github_github.com__datadrivenenvirolab_ClimActor/ClimActor-master/man/contextualize_data.Rd | github_github.com__datadrivenenvirolab_ClimActor/ClimActor-master/to_add_wiki_scrape.csv | github_github.com__datadrivenenvirolab_ClimActor/ClimActor-master/data-raw/key_dict_03March2024.csv | github_github.com__datadrivenenvirolab_ClimActor/ClimActor-master/data-raw/key_dict_6Feb2024.csv | github_github.com__datadrivenenvirolab_ClimActor/ClimActor-master/data-raw/key_dict_27Feb2024.csv | github_github.com__datadrivenenvirolab_ClimActor/ClimActor-master/data-raw/country_dict_Oct2023.csv | github_github.com__datadrivenenvirolab_ClimActor/ClimActor-master/data-raw/subnational_contextuals_database_Dec2022.csv | github_github.com__datadrivenenvirolab_ClimActor/ClimActor-master/data-raw/Archive/subnational_contextuals_database_Apr2021.csv | github_github.com__datadrivenenvirolab_ClimActor/ClimActor-master/data-raw/Archive/subnational_contextuals_database_May2021.csv,,,needs_second_review,,,participation_data,,,github_github.com__datadrivenenvirolab_ClimActor/ClimActor-master/R/data.R,,weak_match,lf_004,logical_file,2026-06-16T15:55:47.325081
ann_lf_005_grounding,grounding,,s41597-020-00682-0,github_github.com__datadrivenenvirolab_ClimActor/ClimActor-master/R/data.R | github_github.com__datadrivenenvirolab_ClimActor/ClimActor-master/man/contextualize_data.Rd | github_github.com__datadrivenenvirolab_ClimActor/ClimActor-master/to_add_wiki_scrape.csv | github_github.com__datadrivenenvirolab_ClimActor/ClimActor-master/data-raw/key_dict_03March2024.csv | github_github.com__datadrivenenvirolab_ClimActor/ClimActor-master/data-raw/key_dict_6Feb2024.csv | github_github.com__datadrivenenvirolab_ClimActor/ClimActor-master/data-raw/key_dict_27Feb2024.csv | github_github.com__datadrivenenvirolab_ClimActor/ClimActor-master/data-raw/country_dict_Oct2023.csv | github_github.com__datadrivenenvirolab_ClimActor/ClimActor-master/data-raw/subnational_contextuals_database_Dec2022.csv | github_github.com__datadrivenenvirolab_ClimActor/ClimActor-master/data-raw/Archive/subnational_contextuals_database_Apr2021.csv | github_github.com__datadrivenenvirolab_ClimActor/ClimActor-master/data-raw/Archive/subnational_contextuals_database_May2021.csv,,,needs_second_review,,,geolocation_data,,,github_github.com__datadrivenenvirolab_ClimActor/ClimActor-master/R/data.R,,weak_match,lf_005,logical_file,2026-06-16T15:55:47.328887
ann_lf_006_grounding,grounding,,s41597-020-00682-0,,,,needs_second_review,,,Rdata_objects,,,,,missing,lf_006,logical_file,2026-06-16T15:55:47.332722
ann_lf_007_grounding,grounding,,s41597-020-00682-0,github_github.com__datadrivenenvirolab_ClimActor/ClimActor-master/vignettes/climactor_vignette_v100.Rmd | github_github.com__datadrivenenvirolab_ClimActor/ClimActor-master/vignettes/r_package_workflow_v100.png,,,needs_second_review,,,vignette_workflow,,,github_github.com__datadrivenenvirolab_ClimActor/ClimActor-master/vignettes/climactor_vignette_v100.Rmd,,weak_match,lf_007,logical_file,2026-06-16T15:55:47.336449
ann_final_decision,final_decision,,s41597-020-00682-0,,,,,,,,,0.5357,,,,article,dataset,2026-06-16T15:55:47.339884
ann_lf_005_grounding,grounding,,s41597-021-00844-8,,,,needs_second_review,,,ai_model_artifact,,,,,missing,lf_005,logical_file,2026-06-16T15:55:48.309309
ann_lf_006_grounding,grounding,,s41597-021-00844-8,,,,needs_second_review,,,pretrained_language_model_dependency,,,,,missing,lf_006,logical_file,2026-06-16T15:55:48.313558
ann_lf_007_grounding,grounding,,s41597-021-00844-8,,,,needs_second_review,,,front_page_visual,,,,,missing,lf_007,logical_file,2026-06-16T15:55:48.317645
ann_final_decision,final_decision,,s41597-021-00844-8,,,,,,,,,0.5714,,,,article,dataset,2026-06-16T15:55:48.321682
ann_lf_002_grounding,grounding,,s41597-022-01850-0,github_github.com__sysuits_City-Scale-Holographic-Traffic-Flow-Data-based-on-Vehicular-Trajectory-Resampling/City-Scale-Holographic-Traffic-Flow-Data-based-on-Vehicular-Trajectory-Resampling-master/data/xc_net_with_len.csv | github_github.com__sysuits_City-Scale-Holographic-Traffic-Flow-Data-based-on-Vehicular-Trajectory-Resampling/City-Scale-Holographic-Traffic-Flow-Data-based-on-Vehicular-Trajectory-Resampling-master/data/trt_io_gd.csv | github_github.com__sysuits_City-Scale-Holographic-Traffic-Flow-Data-based-on-Vehicular-Trajectory-Resampling/City-Scale-Holographic-Traffic-Flow-Data-based-on-Vehicular-Trajectory-Resampling-master/data/m_count_p2.csv | github_github.com__sysuits_City-Scale-Holographic-Traffic-Flow-Data-based-on-Vehicular-Trajectory-Resampling/City-Scale-Holographic-Traffic-Flow-Data-based-on-Vehicular-Trajectory-Resampling-master/data/time_slot.csv | github_github.com__sysuits_City-Scale-Holographic-Traffic-Flow-Data-based-on-Vehicular-Trajectory-Resampling/City-Scale-Holographic-Traffic-Flow-Data-based-on-Vehicular-Trajectory-Resampling-master/data/m_count.csv | github_github.com__sysuits_City-Scale-Holographic-Traffic-Flow-Data-based-on-Vehicular-Trajectory-Resampling/City-Scale-Holographic-Traffic-Flow-Data-based-on-Vehicular-Trajectory-Resampling-master/data/sig.csv | github_github.com__sysuits_City-Scale-Holographic-Traffic-Flow-Data-based-on-Vehicular-Trajectory-Resampling/City-Scale-Holographic-Traffic-Flow-Data-based-on-Vehicular-Trajectory-Resampling-master/data/c_count_p2.csv | github_github.com__sysuits_City-Scale-Holographic-Traffic-Flow-Data-based-on-Vehicular-Trajectory-Resampling/City-Scale-Holographic-Traffic-Flow-Data-based-on-Vehicular-Trajectory-Resampling-master/data/fd_4651_4635_15min.csv | github_github.com__sysuits_City-Scale-Holographic-Traffic-Flow-Data-based-on-Vehicular-Trajectory-Resampling/City-Scale-Holographic-Traffic-Flow-Data-based-on-Vehicular-Trajectory-Resampling-master/data/lpr_data.csv,,,needs_second_review,,,Long-term resampled loop data,,,,,missing,lf_002,logical_file,2026-06-16T15:55:49.307148
ann_lf_003_grounding,grounding,,s41597-022-01850-0,github_github.com__sysuits_City-Scale-Holographic-Traffic-Flow-Data-based-on-Vehicular-Trajectory-Resampling/City-Scale-Holographic-Traffic-Flow-Data-based-on-Vehicular-Trajectory-Resampling-master/data/xc_net_with_len.csv | github_github.com__sysuits_City-Scale-Holographic-Traffic-Flow-Data-based-on-Vehicular-Trajectory-Resampling/City-Scale-Holographic-Traffic-Flow-Data-based-on-Vehicular-Trajectory-Resampling-master/data/trt_io_gd.csv | github_github.com__sysuits_City-Scale-Holographic-Traffic-Flow-Data-based-on-Vehicular-Trajectory-Resampling/City-Scale-Holographic-Traffic-Flow-Data-based-on-Vehicular-Trajectory-Resampling-master/data/m_count_p2.csv | github_github.com__sysuits_City-Scale-Holographic-Traffic-Flow-Data-based-on-Vehicular-Trajectory-Resampling/City-Scale-Holographic-Traffic-Flow-Data-based-on-Vehicular-Trajectory-Resampling-master/data/time_slot.csv | github_github.com__sysuits_City-Scale-Holographic-Traffic-Flow-Data-based-on-Vehicular-Trajectory-Resampling/City-Scale-Holographic-Traffic-Flow-Data-based-on-Vehicular-Trajectory-Resampling-master/data/m_count.csv | github_github.com__sysuits_City-Scale-Holographic-Traffic-Flow-Data-based-on-Vehicular-Trajectory-Resampling/City-Scale-Holographic-Traffic-Flow-Data-based-on-Vehicular-Trajectory-Resampling-master/data/sig.csv | github_github.com__sysuits_City-Scale-Holographic-Traffic-Flow-Data-based-on-Vehicular-Trajectory-Resampling/City-Scale-Holographic-Traffic-Flow-Data-based-on-Vehicular-Trajectory-Resampling-master/data/c_count_p2.csv | github_github.com__sysuits_City-Scale-Holographic-Traffic-Flow-Data-based-on-Vehicular-Trajectory-Resampling/City-Scale-Holographic-Traffic-Flow-Data-based-on-Vehicular-Trajectory-Resampling-master/data/fd_4651_4635_15min.csv | github_github.com__sysuits_City-Scale-Holographic-Traffic-Flow-Data-based-on-Vehicular-Trajectory-Resampling/City-Scale-Holographic-Traffic-Flow-Data-based-on-Vehicular-Trajectory-Resampling-master/data/lpr_data.csv,,,needs_second_review,,,Long-term resampled FCD,,,,,missing,lf_003,logical_file,2026-06-16T15:55:49.311490
ann_lf_004_grounding,grounding,,s41597-022-01850-0,github_github.com__sysuits_City-Scale-Holographic-Traffic-Flow-Data-based-on-Vehicular-Trajectory-Resampling/City-Scale-Holographic-Traffic-Flow-Data-based-on-Vehicular-Trajectory-Resampling-master/traj/network.py | github_github.com__sysuits_City-Scale-Holographic-Traffic-Flow-Data-based-on-Vehicular-Trajectory-Resampling/City-Scale-Holographic-Traffic-Flow-Data-based-on-Vehicular-Trajectory-Resampling-master/data/lpr_data.csv,,,needs_second_review,,,Road network data,,,github_github.com__sysuits_City-Scale-Holographic-Traffic-Flow-Data-based-on-Vehicular-Trajectory-Resampling/City-Scale-Holographic-Traffic-Flow-Data-based-on-Vehicular-Trajectory-Resampling-master/traj/network.py,,weak_match,lf_004,logical_file,2026-06-16T15:55:49.315254
ann_lf_005_grounding,grounding,,s41597-022-01850-0,,,,needs_second_review,,,Encrypted holographic trajectories,,,,,missing,lf_005,logical_file,2026-06-16T15:55:49.318919
ann_lf_006_grounding,grounding,,s41597-022-01850-0,,,,needs_second_review,,,Resampling software configuration,,,,,missing,lf_006,logical_file,2026-06-16T15:55:49.322436
ann_lf_007_grounding,grounding,,s41597-022-01850-0,github_github.com__sysuits_City-Scale-Holographic-Traffic-Flow-Data-based-on-Vehicular-Trajectory-Resampling/City-Scale-Holographic-Traffic-Flow-Data-based-on-Vehicular-Trajectory-Resampling-master/traj/network.py | github_github.com__sysuits_City-Scale-Holographic-Traffic-Flow-Data-based-on-Vehicular-Trajectory-Resampling/City-Scale-Holographic-Traffic-Flow-Data-based-on-Vehicular-Trajectory-Resampling-master/traj/trip_infer.py,,,modify_code,,,Reconstruction code,,,github_github.com__sysuits_City-Scale-Holographic-Traffic-Flow-Data-based-on-Vehicular-Trajectory-Resampling/City-Scale-Holographic-Traffic-Flow-Data-based-on-Vehicular-Trajectory-Resampling-master/traj/network.py | github_github.com__sysuits_City-Scale-Holographic-Traffic-Flow-Data-based-on-Vehicular-Trajectory-Resampling/City-Scale-Holographic-Traffic-Flow-Data-based-on-Vehicular-Trajectory-Resampling-master/traj/trip_infer.py,,ambiguous,lf_007,logical_file,2026-06-16T15:55:49.326030
ann_final_decision,final_decision,,s41597-022-01850-0,,,,,,,,,0.3438,,,,article,dataset,2026-06-16T15:55:49.329450
ann_lf_004_grounding,grounding,,s41597-020-00609-9,github_github.com__amel-github_covid19-interventionmeasures/covid19-interventionmeasures-master/COVID19_non-pharmaceutical-interventions_version2_utf8.csv | github_github.com__amel-github_covid19-interventionmeasures/covid19-interventionmeasures-master/Version1/COVID19_non-pharmaceutical-interventions.csv | github_github.com__amel-github_covid19-interventionmeasures/covid19-interventionmeasures-master/Version1/COVID19_non-pharmaceutical-interventions-semicolonsep.csv | github_github.com__amel-github_covid19-interventionmeasures/covid19-interventionmeasures-master/Master-List-with-Unique-LinkType-and-value.csv | github_github.com__amel-github_covid19-interventionmeasures/covid19-interventionmeasures-master/Master_list_CCCSL_v2_ordered.csv | github_github.com__amel-github_covid19-interventionmeasures/covid19-interventionmeasures-master/Version1/List_measures_by_category_all.csv | github_github.com__amel-github_covid19-interventionmeasures/covid19-interventionmeasures-master/Version1/List_measures_by_categoryL1-L2.csv | github_github.com__amel-github_covid19-interventionmeasures/covid19-interventionmeasures-master/Library_Of_Sources/CCCSL_Library_of_Sources.csv,,,modify_code,,,static_dataset_snapshot,,,github_github.com__amel-github_covid19-interventionmeasures/covid19-interventionmeasures-master/COVID19_non-pharmaceutical-interventions_version2_utf8.csv | github_github.com__amel-github_covid19-interventionmeasures/covid19-interventionmeasures-master/Version1/COVID19_non-pharmaceutical-interventions.csv,,ambiguous,lf_004,logical_file,2026-06-16T15:55:50.526972
ann_lf_005_grounding,grounding,,s41597-020-00609-9,github_github.com__amel-github_covid19-interventionmeasures/covid19-interventionmeasures-master/CCCSL_Glossary of codes.docx,,,needs_second_review,,,glossary_of_codes,,,github_github.com__amel-github_covid19-interventionmeasures/covid19-interventionmeasures-master/CCCSL_Glossary of codes.docx,,weak_match,lf_005,logical_file,2026-06-16T15:55:50.531775
ann_lf_006_grounding,grounding,,s41597-020-00609-9,github_github.com__amel-github_covid19-interventionmeasures/covid19-interventionmeasures-master/Description_changes_v2_20201216.pdf | github_github.com__amel-github_covid19-interventionmeasures/covid19-interventionmeasures-master/CCCSL_Glossary of codes.docx | github_github.com__amel-github_covid19-interventionmeasures/covid19-interventionmeasures-master/Master-List-with-Unique-LinkType-and-value.csv | github_github.com__amel-github_covid19-interventionmeasures/covid19-interventionmeasures-master/COVID19_non-pharmaceutical-interventions_version2_utf8.csv | github_github.com__amel-github_covid19-interventionmeasures/covid19-interventionmeasures-master/README.md | github_github.com__amel-github_covid19-interventionmeasures/covid19-interventionmeasures-master/Master_list_CCCSL_v2_ordered.csv | github_github.com__amel-github_covid19-interventionmeasures/covid19-interventionmeasures-master/Version1/COVID19_non-pharmaceutical-interventions-semicolonsep.csv | github_github.com__amel-github_covid19-interventionmeasures/covid19-interventionmeasures-master/Version1/COVID19_non-pharmaceutical-interventions.csv | github_github.com__amel-github_covid19-interventionmeasures/covid19-interventionmeasures-master/Version1/List_measures_by_category_all.csv | github_github.com__amel-github_covid19-interventionmeasures/covid19-interventionmeasures-master/Version1/List_measures_by_categoryL1-L2.csv,,,modify_code,,,r_analysis_codebase,,,github_github.com__amel-github_covid19-interventionmeasures/covid19-interventionmeasures-master/Description_changes_v2_20201216.pdf | github_github.com__amel-github_covid19-interventionmeasures/covid19-interventionmeasures-master/CCCSL_Glossary of codes.docx | github_github.com__amel-github_covid19-interventionmeasures/covid19-interventionmeasures-master/Master-List-with-Unique-LinkType-and-value.csv | github_github.com__amel-github_covid19-interventionmeasures/covid19-interventionmeasures-master/COVID19_non-pharmaceutical-interventions_version2_utf8.csv | github_github.com__amel-github_covid19-interventionmeasures/covid19-interventionmeasures-master/README.md | github_github.com__amel-github_covid19-interventionmeasures/covid19-interventionmeasures-master/Master_list_CCCSL_v2_ordered.csv | github_github.com__amel-github_covid19-interventionmeasures/covid19-interventionmeasures-master/Version1/COVID19_non-pharmaceutical-interventions-semicolonsep.csv | github_github.com__amel-github_covid19-interventionmeasures/covid19-interventionmeasures-master/Version1/COVID19_non-pharmaceutical-interventions.csv | github_github.com__amel-github_covid19-interventionmeasures/covid19-interventionmeasures-master/Version1/List_measures_by_category_all.csv | github_github.com__amel-github_covid19-interventionmeasures/covid19-interventionmeasures-master/Version1/List_measures_by_categoryL1-L2.csv | github_github.com__amel-github_covid19-interventionmeasures/covid19-interventionmeasures-master/Library_Of_Sources/CCCSL_Library_of_Sources.bib | github_github.com__amel-github_covid19-interventionmeasures/covid19-interventionmeasures-master/Library_Of_Sources/CCCSL_Library_Of_Sources.json | github_github.com__amel-github_covid19-interventionmeasures/covid19-interventionmeasures-master/Library_Of_Sources/CCCSL_Library_of_Sources.ris | github_github.com__amel-github_covid19-interventionmeasures/covid19-interventionmeasures-master/Library_Of_Sources/CCCSL_Library_of_Sources.csv | github_github.com__amel-github_covid19-interventionmeasures/covid19-interventionmeasures-master/History_Description_Changes/Description_changes_v2_20200710.pdf | github_github.com__amel-github_covid19-interventionmeasures/covid19-interventionmeasures-master/History_Description_Changes/Description_changes_v2_20200706.pdf | github_github.com__amel-github_covid19-interventionmeasures/covid19-interventionmeasures-master/History_Description_Changes/Description_changes_v2_20200708_2.pdf | github_github.com__amel-github_covid19-interventionmeasures/covid19-interventionmeasures-master/History_Description_Changes/Description_changes_v2_20200706_2.pdf | github_github.com__amel-github_covid19-interventionmeasures/covid19-interventionmeasures-master/History_Description_Changes/Description_changes_v2_20201027.pdf | github_github.com__amel-github_covid19-interventionmeasures/covid19-interventionmeasures-master/History_Description_Changes/Description_changes_v2_20200709.pdf | github_github.com__amel-github_covid19-interventionmeasures/covid19-interventionmeasures-master/History_Description_Changes/Description_changes_v2_20200701.pdf | github_github.com__amel-github_covid19-interventionmeasures/covid19-interventionmeasures-master/History_Description_Changes/Description_changes_v2_20200630.pdf | github_github.com__amel-github_covid19-interventionmeasures/covid19-interventionmeasures-master/History_Description_Changes/Description_changes_v2_20200511.pdf | github_github.com__amel-github_covid19-interventionmeasures/covid19-interventionmeasures-master/History_Description_Changes/Description_changes_v2_20201023.pdf | github_github.com__amel-github_covid19-interventionmeasures/covid19-interventionmeasures-master/History_Description_Changes/Description_changes_v2_20200609.pdf | github_github.com__amel-github_covid19-interventionmeasures/covid19-interventionmeasures-master/History_Description_Changes/Description_changes_v2_20200708.pdf | github_github.com__amel-github_covid19-interventionmeasures/covid19-interventionmeasures-master/History_Description_Changes/Description_changes_v2_20201123_2.pdf | github_github.com__amel-github_covid19-interventionmeasures/covid19-interventionmeasures-master/History_Description_Changes/Description_changes_v2_20200525.pdf | github_github.com__amel-github_covid19-interventionmeasures/covid19-interventionmeasures-master/History_Description_Changes/Description_changes_v2.pdf | github_github.com__amel-github_covid19-interventionmeasures/covid19-interventionmeasures-master/History_Description_Changes/Description_changes_v2_20200702.pdf | github_github.com__amel-github_covid19-interventionmeasures/covid19-interventionmeasures-master/History_Description_Changes/Description_changes_v2_20201015.pdf | github_github.com__amel-github_covid19-interventionmeasures/covid19-interventionmeasures-master/History_Description_Changes/Description_changes_v2_20200514.pdf | github_github.com__amel-github_covid19-interventionmeasures/covid19-interventionmeasures-master/History_Description_Changes/Description_changes_v2_20200512.pdf | github_github.com__amel-github_covid19-interventionmeasures/covid19-interventionmeasures-master/History_Description_Changes/Description_changes_v2_20200705.pdf,,ambiguous,lf_006,logical_file,2026-06-16T15:55:50.539629
ann_lf_007_grounding,grounding,,s41597-020-00609-9,,,,needs_second_review,,,zotero_source_library,,,,,missing,lf_007,logical_file,2026-06-16T15:55:50.545954
ann_lf_008_grounding,grounding,,s41597-020-00609-9,,,,needs_second_review,,,interactive_visualization_tool,,,,,missing,lf_008,logical_file,2026-06-16T15:55:50.550718
ann_final_decision,final_decision,,s41597-020-00609-9,,,,,,,,,0.5312,,,,article,dataset,2026-06-16T15:55:50.555147
ann_lf_001_grounding,grounding,,s41597-023-01947-0,github_github.com__jaeyk_validated_names/validated_names-main/services/names.csv | github_github.com__jaeyk_validated_names/validated_names-main/services/names.php | github_github.com__jaeyk_validated_names/validated_names-main/data/names.csv | github_github.com__jaeyk_validated_names/validated_names-main/code/names.R | github_github.com__jaeyk_validated_names/validated_names-main/data_outputs/names.rds | github_github.com__jaeyk_validated_names/validated_names-main/data_outputs/study-1-names.csv | github_github.com__jaeyk_validated_names/validated_names-main/data_outputs/names.csv | github_github.com__jaeyk_validated_names/validated_names-main/data_outputs/study-1-names.rds | github_github.com__jaeyk_validated_names/validated_names-main/data_outputs/study-3-names.rds | github_github.com__jaeyk_validated_names/validated_names-main/data_outputs/study-2-names.csv,,,modify_code,,,study_1_names,,,github_github.com__jaeyk_validated_names/validated_names-main/services/names.csv | github_github.com__jaeyk_validated_names/validated_names-main/services/names.php | github_github.com__jaeyk_validated_names/validated_names-main/data/names.csv | github_github.com__jaeyk_validated_names/validated_names-main/code/names.R | github_github.com__jaeyk_validated_names/validated_names-main/data_outputs/names.rds | github_github.com__jaeyk_validated_names/validated_names-main/data_outputs/study-1-names.csv | github_github.com__jaeyk_validated_names/validated_names-main/data_outputs/names.csv | github_github.com__jaeyk_validated_names/validated_names-main/data_outputs/study-1-names.rds | github_github.com__jaeyk_validated_names/validated_names-main/data_outputs/study-3-names.rds | github_github.com__jaeyk_validated_names/validated_names-main/data_outputs/study-2-names.csv | github_github.com__jaeyk_validated_names/validated_names-main/data_outputs/study-2-names.rds | github_github.com__jaeyk_validated_names/validated_names-main/data_outputs/study-3-names.csv,,ambiguous,lf_001,logical_file,2026-06-16T15:55:51.740346
ann_lf_002_grounding,grounding,,s41597-023-01947-0,github_github.com__jaeyk_validated_names/validated_names-main/services/names.csv | github_github.com__jaeyk_validated_names/validated_names-main/services/names.php | github_github.com__jaeyk_validated_names/validated_names-main/data/names.csv | github_github.com__jaeyk_validated_names/validated_names-main/code/names.R | github_github.com__jaeyk_validated_names/validated_names-main/data_outputs/names.rds | github_github.com__jaeyk_validated_names/validated_names-main/data_outputs/names.csv | github_github.com__jaeyk_validated_names/validated_names-main/data_outputs/study-2-names.csv | github_github.com__jaeyk_validated_names/validated_names-main/data_outputs/study-2-names.rds | github_github.com__jaeyk_validated_names/validated_names-main/data_outputs/study-1-names.csv | github_github.com__jaeyk_validated_names/validated_names-main/data_outputs/study-3-names.rds,,,modify_code,,,study_2_names,,,github_github.com__jaeyk_validated_names/validated_names-main/services/names.csv | github_github.com__jaeyk_validated_names/validated_names-main/services/names.php | github_github.com__jaeyk_validated_names/validated_names-main/data/names.csv | github_github.com__jaeyk_validated_names/validated_names-main/code/names.R | github_github.com__jaeyk_validated_names/validated_names-main/data_outputs/names.rds | github_github.com__jaeyk_validated_names/validated_names-main/data_outputs/names.csv | github_github.com__jaeyk_validated_names/validated_names-main/data_outputs/study-2-names.csv | github_github.com__jaeyk_validated_names/validated_names-main/data_outputs/study-2-names.rds | github_github.com__jaeyk_validated_names/validated_names-main/data_outputs/study-1-names.csv | github_github.com__jaeyk_validated_names/validated_names-main/data_outputs/study-3-names.rds | github_github.com__jaeyk_validated_names/validated_names-main/data_outputs/study-3-names.csv | github_github.com__jaeyk_validated_names/validated_names-main/data_outputs/study-1-names.rds,,ambiguous,lf_002,logical_file,2026-06-16T15:55:51.744336
ann_lf_003_grounding,grounding,,s41597-023-01947-0,github_github.com__jaeyk_validated_names/validated_names-main/services/names.csv | github_github.com__jaeyk_validated_names/validated_names-main/services/names.php | github_github.com__jaeyk_validated_names/validated_names-main/data/names.csv | github_github.com__jaeyk_validated_names/validated_names-main/code/names.R | github_github.com__jaeyk_validated_names/validated_names-main/data_outputs/names.rds | github_github.com__jaeyk_validated_names/validated_names-main/data_outputs/names.csv | github_github.com__jaeyk_validated_names/validated_names-main/data_outputs/study-3-names.rds | github_github.com__jaeyk_validated_names/validated_names-main/data_outputs/study-3-names.csv | github_github.com__jaeyk_validated_names/validated_names-main/data_outputs/study-1-names.csv | github_github.com__jaeyk_validated_names/validated_names-main/data_outputs/study-2-names.csv,,,modify_code,,,study_3_names,,,github_github.com__jaeyk_validated_names/validated_names-main/services/names.csv | github_github.com__jaeyk_validated_names/validated_names-main/services/names.php | github_github.com__jaeyk_validated_names/validated_names-main/data/names.csv | github_github.com__jaeyk_validated_names/validated_names-main/code/names.R | github_github.com__jaeyk_validated_names/validated_names-main/data_outputs/names.rds | github_github.com__jaeyk_validated_names/validated_names-main/data_outputs/names.csv | github_github.com__jaeyk_validated_names/validated_names-main/data_outputs/study-3-names.rds | github_github.com__jaeyk_validated_names/validated_names-main/data_outputs/study-3-names.csv | github_github.com__jaeyk_validated_names/validated_names-main/data_outputs/study-1-names.csv | github_github.com__jaeyk_validated_names/validated_names-main/data_outputs/study-2-names.csv | github_github.com__jaeyk_validated_names/validated_names-main/data_outputs/study-2-names.rds | github_github.com__jaeyk_validated_names/validated_names-main/data_outputs/study-1-names.rds,,ambiguous,lf_003,logical_file,2026-06-16T15:55:51.748287
ann_lf_004_grounding,grounding,,s41597-023-01947-0,github_github.com__jaeyk_validated_names/validated_names-main/services/names.csv | github_github.com__jaeyk_validated_names/validated_names-main/services/names.php | github_github.com__jaeyk_validated_names/validated_names-main/data/names.csv | github_github.com__jaeyk_validated_names/validated_names-main/code/names.R | github_github.com__jaeyk_validated_names/validated_names-main/data_outputs/names.rds | github_github.com__jaeyk_validated_names/validated_names-main/data_outputs/names.csv | github_github.com__jaeyk_validated_names/validated_names-main/services/names-5.php | github_github.com__jaeyk_validated_names/validated_names-main/services/names-6.php | github_github.com__jaeyk_validated_names/validated_names-main/services/names-3.php | github_github.com__jaeyk_validated_names/validated_names-main/services/names-2.php,,,modify_code,,,names,,,github_github.com__jaeyk_validated_names/validated_names-main/services/names.csv | github_github.com__jaeyk_validated_names/validated_names-main/services/names.php | github_github.com__jaeyk_validated_names/validated_names-main/data/names.csv | github_github.com__jaeyk_validated_names/validated_names-main/code/names.R | github_github.com__jaeyk_validated_names/validated_names-main/data_outputs/names.rds | github_github.com__jaeyk_validated_names/validated_names-main/data_outputs/names.csv | github_github.com__jaeyk_validated_names/validated_names-main/services/names-5.php | github_github.com__jaeyk_validated_names/validated_names-main/services/names-6.php | github_github.com__jaeyk_validated_names/validated_names-main/services/names-3.php | github_github.com__jaeyk_validated_names/validated_names-main/services/names-2.php | github_github.com__jaeyk_validated_names/validated_names-main/services/names-9.php | github_github.com__jaeyk_validated_names/validated_names-main/services/names-8.php | github_github.com__jaeyk_validated_names/validated_names-main/services/names-4.php | github_github.com__jaeyk_validated_names/validated_names-main/services/names-7.php | github_github.com__jaeyk_validated_names/validated_names-main/data_outputs/names-2.dta | github_github.com__jaeyk_validated_names/validated_names-main/data_outputs/names-1.dta | github_github.com__jaeyk_validated_names/validated_names-main/data_outputs/names-3.dta,,ambiguous,lf_004,logical_file,2026-06-16T15:55:51.752276
ann_lf_005_grounding,grounding,,s41597-023-01947-0,"github_github.com__jaeyk_validated_names/validated_names-main/data_outputs/study123.csv | github_github.com__jaeyk_validated_names/validated_names-main/data_outputs/study123.rda | github_github.com__jaeyk_validated_names/validated_names-main/data_outputs/study123.rds | github_github.com__jaeyk_validated_names/validated_names-main/tables/tb1.csv | github_github.com__jaeyk_validated_names/validated_names-main/tables/tb2.csv | github_github.com__jaeyk_validated_names/validated_names-main/tables/tb3.csv | github_github.com__jaeyk_validated_names/validated_names-main/services/names.csv | github_github.com__jaeyk_validated_names/validated_names-main/data/govt-10-immigrants_August+13,+2021_17.15.csv | github_github.com__jaeyk_validated_names/validated_names-main/data/govt-10-omnibus_August+13,+2021_17.12.csv | github_github.com__jaeyk_validated_names/validated_names-main/data/names.csv",,,modify_code,,,combined_study_data,,,github_github.com__jaeyk_validated_names/validated_names-main/data_outputs/study123.csv | github_github.com__jaeyk_validated_names/validated_names-main/data_outputs/study123.rda | github_github.com__jaeyk_validated_names/validated_names-main/data_outputs/study123.rds,,ambiguous,lf_005,logical_file,2026-06-16T15:55:51.756046
ann_final_decision,final_decision,,s41597-023-01947-0,,,,,,,,,0.5,,,,article,dataset,2026-06-16T15:55:51.759415
ann_lf_001_grounding,grounding,,s41597-023-02310-z,study-1-names.csv | names.csv | study123.csv | study-2-names.csv | study-3-names.csv,,,needs_second_review,,,Mean Imaginary Refractive Indices by Phytoplankton Group,,,,,missing,lf_001,logical_file,2026-06-16T15:55:52.885623
ann_lf_002_grounding,grounding,,s41597-023-02310-z,study-1-names.csv | names.csv | study123.csv | study-2-names.csv | study-3-names.csv,,,modify_code,,,Phytoplankton Group IOPs,,,study-1-names.csv | names.csv | study123.csv | study-2-names.csv | study-3-names.csv,,ambiguous,lf_002,logical_file,2026-06-16T15:55:52.889435
ann_final_decision,final_decision,,s41597-023-02310-z,,,,,,,,,0.25,,,,article,dataset,2026-06-16T15:55:52.893866
ann_lf_001_grounding,grounding,,s41597-020-0455-1,github_github.com__USEPA_CompTox-PK-CvTdb/CompTox-PK-CvTdb-master/archive/v1.1.0/cvt_db_20210607.sql | github_github.com__USEPA_CompTox-PK-CvTdb/CompTox-PK-CvTdb-master/archive/v1.1.0/cvt_db_20210607.sqlite,,,modify_code,,,CvT_database_dump,,,github_github.com__USEPA_CompTox-PK-CvTdb/CompTox-PK-CvTdb-master/archive/v1.1.0/cvt_db_20210607.sql | github_github.com__USEPA_CompTox-PK-CvTdb/CompTox-PK-CvTdb-master/archive/v1.1.0/cvt_db_20210607.sqlite,,ambiguous,lf_001,logical_file,2026-06-16T15:55:54.073270
ann_lf_002_grounding,grounding,,s41597-020-0455-1,github_github.com__USEPA_CompTox-PK-CvTdb/CompTox-PK-CvTdb-master/archive/template_forms/CvT_data_template_articles.xlsx | github_github.com__USEPA_CompTox-PK-CvTdb/CompTox-PK-CvTdb-master/archive/template_forms/CvT_data_template_generic.xlsx,,,modify_code,,,CvT_time_series_data,,,github_github.com__USEPA_CompTox-PK-CvTdb/CompTox-PK-CvTdb-master/archive/template_forms/CvT_data_template_articles.xlsx | github_github.com__USEPA_CompTox-PK-CvTdb/CompTox-PK-CvTdb-master/archive/template_forms/CvT_data_template_generic.xlsx,,ambiguous,lf_002,logical_file,2026-06-16T15:55:54.077178
ann_lf_003_grounding,grounding,,s41597-020-0455-1,,,,needs_second_review,,,derived_TK_parameters,,,,,missing,lf_003,logical_file,2026-06-16T15:55:54.080778
ann_lf_004_grounding,grounding,,s41597-020-0455-1,,,,needs_second_review,,,literature_sources,,,,,missing,lf_004,logical_file,2026-06-16T15:55:54.084365
ann_lf_006_grounding,grounding,,s41597-020-0455-1,github_github.com__USEPA_CompTox-PK-CvTdb/CompTox-PK-CvTdb-master/archive/template_forms/CvT_data_template_articles.xlsx | github_github.com__USEPA_CompTox-PK-CvTdb/CompTox-PK-CvTdb-master/archive/template_forms/CvT_data_template_generic.xlsx | github_github.com__USEPA_CompTox-PK-CvTdb/CompTox-PK-CvTdb-master/CvT_curation_template.xlsx | github_github.com__USEPA_CompTox-PK-CvTdb/CompTox-PK-CvTdb-master/cvtdb_field_dictionary.xlsx,,,modify_code,,,study_metadata_template,,,github_github.com__USEPA_CompTox-PK-CvTdb/CompTox-PK-CvTdb-master/archive/template_forms/CvT_data_template_articles.xlsx | github_github.com__USEPA_CompTox-PK-CvTdb/CompTox-PK-CvTdb-master/archive/template_forms/CvT_data_template_generic.xlsx,,ambiguous,lf_006,logical_file,2026-06-16T15:55:54.088535
ann_lf_007_grounding,grounding,,s41597-020-0455-1,github_github.com__USEPA_CompTox-PK-CvTdb/CompTox-PK-CvTdb-master/v2.0.0/cvtdb_v2_0_0_audit.parquet,,,needs_second_review,,,audit_log_parquet,,,,,missing,lf_007,logical_file,2026-06-16T15:55:54.092382
ann_final_decision,final_decision,,s41597-020-0455-1,,,,,,,,,0.4375,,,,article,dataset,2026-06-16T15:55:54.095977
ann_lf_003_grounding,grounding,,s41597-020-00610-2,,,,needs_second_review,,,data_entry_manual,,,,,missing,lf_003,logical_file,2026-06-16T15:55:55.239736
ann_lf_004_grounding,grounding,,s41597-020-00610-2,github_github.com__HopkinsIDD_hit-covid/hit-covid-master/documentation/codebook_2020-06-04.pdf | github_github.com__HopkinsIDD_hit-covid/hit-covid-master/documentation/codebook_2020-05-11.pdf | github_github.com__HopkinsIDD_hit-covid/hit-covid-master/documentation/codebook_2020-04-21.pdf | github_github.com__HopkinsIDD_hit-covid/hit-covid-master/documentation/data_dictionary_2020-04-21.csv | github_github.com__HopkinsIDD_hit-covid/hit-covid-master/documentation/data_dictionary_2020-06-04.csv | github_github.com__HopkinsIDD_hit-covid/hit-covid-master/data/hit-covid-completeness.csv | github_github.com__HopkinsIDD_hit-covid/hit-covid-master/data/hit-covid-longdata.csv,,,modify_code,,,codebook,,,github_github.com__HopkinsIDD_hit-covid/hit-covid-master/documentation/codebook_2020-06-04.pdf | github_github.com__HopkinsIDD_hit-covid/hit-covid-master/documentation/codebook_2020-05-11.pdf | github_github.com__HopkinsIDD_hit-covid/hit-covid-master/documentation/codebook_2020-04-21.pdf,,ambiguous,lf_004,logical_file,2026-06-16T15:55:55.243582
ann_final_decision,final_decision,,s41597-020-00610-2,,,,,,,,,0.625,,,,article,dataset,2026-06-16T15:55:55.247138
ann_lf_006_grounding,grounding,,s41597-020-00712-x,github_github.com__buds-lab_building-data-genome-project-2/building-data-genome-project-2-master/data/weather/weather.csv | github_github.com__buds-lab_building-data-genome-project-2/building-data-genome-project-2-master/data/metadata/metadata.csv | github_github.com__buds-lab_building-data-genome-project-2/building-data-genome-project-2-master/data/meters/raw/electricity.csv | github_github.com__buds-lab_building-data-genome-project-2/building-data-genome-project-2-master/data/meters/raw/hotwater.csv | github_github.com__buds-lab_building-data-genome-project-2/building-data-genome-project-2-master/data/meters/raw/gas.csv | github_github.com__buds-lab_building-data-genome-project-2/building-data-genome-project-2-master/data/meters/raw/irrigation.csv | github_github.com__buds-lab_building-data-genome-project-2/building-data-genome-project-2-master/data/meters/raw/steam.csv | github_github.com__buds-lab_building-data-genome-project-2/building-data-genome-project-2-master/data/meters/raw/solar.csv | github_github.com__buds-lab_building-data-genome-project-2/building-data-genome-project-2-master/data/meters/raw/water.csv | github_github.com__buds-lab_building-data-genome-project-2/building-data-genome-project-2-master/data/meters/raw/chilledwater.csv,,,modify_code,,,cleaned_meter_data,,,github_github.com__buds-lab_building-data-genome-project-2/building-data-genome-project-2-master/data/weather/weather.csv | github_github.com__buds-lab_building-data-genome-project-2/building-data-genome-project-2-master/data/metadata/metadata.csv | github_github.com__buds-lab_building-data-genome-project-2/building-data-genome-project-2-master/data/meters/raw/electricity.csv | github_github.com__buds-lab_building-data-genome-project-2/building-data-genome-project-2-master/data/meters/raw/hotwater.csv | github_github.com__buds-lab_building-data-genome-project-2/building-data-genome-project-2-master/data/meters/raw/gas.csv | github_github.com__buds-lab_building-data-genome-project-2/building-data-genome-project-2-master/data/meters/raw/irrigation.csv | github_github.com__buds-lab_building-data-genome-project-2/building-data-genome-project-2-master/data/meters/raw/steam.csv | github_github.com__buds-lab_building-data-genome-project-2/building-data-genome-project-2-master/data/meters/raw/solar.csv | github_github.com__buds-lab_building-data-genome-project-2/building-data-genome-project-2-master/data/meters/raw/water.csv | github_github.com__buds-lab_building-data-genome-project-2/building-data-genome-project-2-master/data/meters/raw/chilledwater.csv | github_github.com__buds-lab_building-data-genome-project-2/building-data-genome-project-2-master/data/meters/cleaned/chilledwater_cleaned.csv | github_github.com__buds-lab_building-data-genome-project-2/building-data-genome-project-2-master/data/meters/cleaned/electricity_cleaned.csv | github_github.com__buds-lab_building-data-genome-project-2/building-data-genome-project-2-master/data/meters/cleaned/solar_cleaned.csv | github_github.com__buds-lab_building-data-genome-project-2/building-data-genome-project-2-master/data/meters/cleaned/irrigation_cleaned.csv | github_github.com__buds-lab_building-data-genome-project-2/building-data-genome-project-2-master/data/meters/cleaned/hotwater_cleaned.csv | github_github.com__buds-lab_building-data-genome-project-2/building-data-genome-project-2-master/data/meters/cleaned/water_cleaned.csv | github_github.com__buds-lab_building-data-genome-project-2/building-data-genome-project-2-master/data/meters/cleaned/gas_cleaned.csv | github_github.com__buds-lab_building-data-genome-project-2/building-data-genome-project-2-master/data/meters/cleaned/steam_cleaned.csv | github_github.com__buds-lab_building-data-genome-project-2/building-data-genome-project-2-master/data/meters/kaggle/kaggle.csv,,ambiguous,lf_006,logical_file,2026-06-16T15:55:56.429025
ann_final_decision,final_decision,,s41597-020-00712-x,,,,,,,,,0.9286,,,,article,dataset,2026-06-16T15:55:56.433604
ann_lf_003_grounding,grounding,,s41597-020-00757-y,github_github.com__simonporcher_COVID-19-Governments-Responses/COVID-19-Governments-Responses-master/Latest version/script_final.do | github_github.com__simonporcher_COVID-19-Governments-Responses/COVID-19-Governments-Responses-master/Former versions/script_15jul.do,,,modify_code,,,data_generation_script,,,github_github.com__simonporcher_COVID-19-Governments-Responses/COVID-19-Governments-Responses-master/Latest version/script_final.do | github_github.com__simonporcher_COVID-19-Governments-Responses/COVID-19-Governments-Responses-master/Former versions/script_15jul.do,,ambiguous,lf_003,logical_file,2026-06-16T15:55:57.485280
ann_final_decision,final_decision,,s41597-020-00757-y,,,,,,,,,0.875,,,,article,dataset,2026-06-16T15:55:57.488727
ann_lf_001_grounding,grounding,,s41597-021-00816-y,github_github.com__SPAAM-community_AncientMetagenomeDir/AncientMetagenomeDir-master/ancientmetagenome-hostassociated/dates/ancientmetagenome-hostassociated_dates_schema.json | github_github.com__SPAAM-community_AncientMetagenomeDir/AncientMetagenomeDir-master/ancientmetagenome-hostassociated/dates/ancientmetagenome-hostassociated_dates.tsv | github_github.com__SPAAM-community_AncientMetagenomeDir/AncientMetagenomeDir-master/ancientmetagenome-hostassociated/libraries/ancientmetagenome-hostassociated_libraries.tsv | github_github.com__SPAAM-community_AncientMetagenomeDir/AncientMetagenomeDir-master/ancientmetagenome-hostassociated/libraries/ancientmetagenome-hostassociated_libraries_schema.json | github_github.com__SPAAM-community_AncientMetagenomeDir/AncientMetagenomeDir-master/ancientmetagenome-hostassociated/samples/ancientmetagenome-hostassociated_samples.tsv | github_github.com__SPAAM-community_AncientMetagenomeDir/AncientMetagenomeDir-master/ancientmetagenome-hostassociated/samples/ancientmetagenome-hostassociated_samples_schema.json | github_github.com__SPAAM-community_AncientMetagenomeDir/AncientMetagenomeDir-master/ancientmetagenome-environmental/libraries/ancientmetagenome-environmental_libraries.tsv | github_github.com__SPAAM-community_AncientMetagenomeDir/AncientMetagenomeDir-master/ancientmetagenome-environmental/samples/ancientmetagenome-environmental_samples.tsv | github_github.com__SPAAM-community_AncientMetagenomeDir/AncientMetagenomeDir-master/ancientsinglegenome-hostassociated/dates/ancientsinglegenome-hostassociated_dates.tsv | github_github.com__SPAAM-community_AncientMetagenomeDir/AncientMetagenomeDir-master/ancientsinglegenome-hostassociated/libraries/ancientsinglegenome-hostassociated_libraries.tsv,,,modify_code,,,host-associated metagenomes,,,github_github.com__SPAAM-community_AncientMetagenomeDir/AncientMetagenomeDir-master/ancientmetagenome-hostassociated/dates/ancientmetagenome-hostassociated_dates_schema.json | github_github.com__SPAAM-community_AncientMetagenomeDir/AncientMetagenomeDir-master/ancientmetagenome-hostassociated/dates/ancientmetagenome-hostassociated_dates.tsv | github_github.com__SPAAM-community_AncientMetagenomeDir/AncientMetagenomeDir-master/ancientmetagenome-hostassociated/libraries/ancientmetagenome-hostassociated_libraries.tsv | github_github.com__SPAAM-community_AncientMetagenomeDir/AncientMetagenomeDir-master/ancientmetagenome-hostassociated/libraries/ancientmetagenome-hostassociated_libraries_schema.json | github_github.com__SPAAM-community_AncientMetagenomeDir/AncientMetagenomeDir-master/ancientmetagenome-hostassociated/samples/ancientmetagenome-hostassociated_samples.tsv | github_github.com__SPAAM-community_AncientMetagenomeDir/AncientMetagenomeDir-master/ancientmetagenome-hostassociated/samples/ancientmetagenome-hostassociated_samples_schema.json,,ambiguous,lf_001,logical_file,2026-06-16T15:55:58.640870
ann_lf_002_grounding,grounding,,s41597-021-00816-y,github_github.com__SPAAM-community_AncientMetagenomeDir/AncientMetagenomeDir-master/ancientsinglegenome-hostassociated/dates/ancientsinglegenome-hostassociated_dates.tsv | github_github.com__SPAAM-community_AncientMetagenomeDir/AncientMetagenomeDir-master/ancientsinglegenome-hostassociated/dates/ancientsinglegenome-hostassociated_dates_schema.json | github_github.com__SPAAM-community_AncientMetagenomeDir/AncientMetagenomeDir-master/ancientsinglegenome-hostassociated/libraries/ancientsinglegenome-hostassociated_libraries_schema.json | github_github.com__SPAAM-community_AncientMetagenomeDir/AncientMetagenomeDir-master/ancientsinglegenome-hostassociated/libraries/ancientsinglegenome-hostassociated_libraries.tsv | github_github.com__SPAAM-community_AncientMetagenomeDir/AncientMetagenomeDir-master/ancientsinglegenome-hostassociated/samples/ancientsinglegenome-hostassociated_samples.tsv | github_github.com__SPAAM-community_AncientMetagenomeDir/AncientMetagenomeDir-master/ancientsinglegenome-hostassociated/samples/ancientsinglegenome-hostassociated_samples_schema.json | github_github.com__SPAAM-community_AncientMetagenomeDir/AncientMetagenomeDir-master/ancientmetagenome-environmental/libraries/ancientmetagenome-environmental_libraries.tsv | github_github.com__SPAAM-community_AncientMetagenomeDir/AncientMetagenomeDir-master/ancientmetagenome-environmental/samples/ancientmetagenome-environmental_samples.tsv | github_github.com__SPAAM-community_AncientMetagenomeDir/AncientMetagenomeDir-master/ancientmetagenome-hostassociated/dates/ancientmetagenome-hostassociated_dates.tsv | github_github.com__SPAAM-community_AncientMetagenomeDir/AncientMetagenomeDir-master/ancientmetagenome-hostassociated/libraries/ancientmetagenome-hostassociated_libraries.tsv,,,modify_code,,,host-associated single genomes,,,github_github.com__SPAAM-community_AncientMetagenomeDir/AncientMetagenomeDir-master/ancientsinglegenome-hostassociated/dates/ancientsinglegenome-hostassociated_dates.tsv | github_github.com__SPAAM-community_AncientMetagenomeDir/AncientMetagenomeDir-master/ancientsinglegenome-hostassociated/dates/ancientsinglegenome-hostassociated_dates_schema.json | github_github.com__SPAAM-community_AncientMetagenomeDir/AncientMetagenomeDir-master/ancientsinglegenome-hostassociated/libraries/ancientsinglegenome-hostassociated_libraries_schema.json | github_github.com__SPAAM-community_AncientMetagenomeDir/AncientMetagenomeDir-master/ancientsinglegenome-hostassociated/libraries/ancientsinglegenome-hostassociated_libraries.tsv | github_github.com__SPAAM-community_AncientMetagenomeDir/AncientMetagenomeDir-master/ancientsinglegenome-hostassociated/samples/ancientsinglegenome-hostassociated_samples.tsv | github_github.com__SPAAM-community_AncientMetagenomeDir/AncientMetagenomeDir-master/ancientsinglegenome-hostassociated/samples/ancientsinglegenome-hostassociated_samples_schema.json,,ambiguous,lf_002,logical_file,2026-06-16T15:55:58.645093
ann_lf_003_grounding,grounding,,s41597-021-00816-y,github_github.com__SPAAM-community_AncientMetagenomeDir/AncientMetagenomeDir-master/ancientmetagenome-environmental/libraries/ancientmetagenome-environmental_libraries.tsv | github_github.com__SPAAM-community_AncientMetagenomeDir/AncientMetagenomeDir-master/ancientmetagenome-environmental/libraries/ancientmetagenome-environmental_libraries_schema.json | github_github.com__SPAAM-community_AncientMetagenomeDir/AncientMetagenomeDir-master/ancientmetagenome-environmental/samples/ancientmetagenome-environmental_samples_schema.json | github_github.com__SPAAM-community_AncientMetagenomeDir/AncientMetagenomeDir-master/ancientmetagenome-environmental/samples/ancientmetagenome-environmental_samples.tsv | github_github.com__SPAAM-community_AncientMetagenomeDir/AncientMetagenomeDir-master/ancientsinglegenome-hostassociated/dates/ancientsinglegenome-hostassociated_dates.tsv | github_github.com__SPAAM-community_AncientMetagenomeDir/AncientMetagenomeDir-master/ancientsinglegenome-hostassociated/libraries/ancientsinglegenome-hostassociated_libraries.tsv | github_github.com__SPAAM-community_AncientMetagenomeDir/AncientMetagenomeDir-master/ancientsinglegenome-hostassociated/samples/ancientsinglegenome-hostassociated_samples.tsv | github_github.com__SPAAM-community_AncientMetagenomeDir/AncientMetagenomeDir-master/ancientmetagenome-hostassociated/dates/ancientmetagenome-hostassociated_dates.tsv | github_github.com__SPAAM-community_AncientMetagenomeDir/AncientMetagenomeDir-master/ancientmetagenome-hostassociated/libraries/ancientmetagenome-hostassociated_libraries.tsv | github_github.com__SPAAM-community_AncientMetagenomeDir/AncientMetagenomeDir-master/ancientmetagenome-hostassociated/samples/ancientmetagenome-hostassociated_samples.tsv,,,modify_code,,,environmental metagenomes,,,github_github.com__SPAAM-community_AncientMetagenomeDir/AncientMetagenomeDir-master/ancientmetagenome-environmental/libraries/ancientmetagenome-environmental_libraries.tsv | github_github.com__SPAAM-community_AncientMetagenomeDir/AncientMetagenomeDir-master/ancientmetagenome-environmental/libraries/ancientmetagenome-environmental_libraries_schema.json | github_github.com__SPAAM-community_AncientMetagenomeDir/AncientMetagenomeDir-master/ancientmetagenome-environmental/samples/ancientmetagenome-environmental_samples_schema.json | github_github.com__SPAAM-community_AncientMetagenomeDir/AncientMetagenomeDir-master/ancientmetagenome-environmental/samples/ancientmetagenome-environmental_samples.tsv,,ambiguous,lf_003,logical_file,2026-06-16T15:55:58.649180
ann_final_decision,final_decision,,s41597-021-00816-y,,,,,,,,,0.5,,,,article,dataset,2026-06-16T15:55:58.652710
ann_lf_001_grounding,grounding,,s41597-022-01141-8,github_github.com__alexwolson_A-Construction-Classification-System-Database-for-Understanding-Resource-Use-in-Buildings/A-Construction-Classification-System-Database-for-Understanding-Resource-Use-in-Buildings-main/Conversion/Mapping material names_October 2021 update.xlsx | github_github.com__alexwolson_A-Construction-Classification-System-Database-for-Understanding-Resource-Use-in-Buildings/A-Construction-Classification-System-Database-for-Understanding-Resource-Use-in-Buildings-main/Conversion/BuildingTypeNames.xlsx | github_github.com__alexwolson_A-Construction-Classification-System-Database-for-Understanding-Resource-Use-in-Buildings/A-Construction-Classification-System-Database-for-Understanding-Resource-Use-in-Buildings-main/Dataset/dataset.xlsx,,,needs_second_review,,,building_material_data,,,,,missing,lf_001,logical_file,2026-06-16T15:55:59.800545
ann_lf_002_grounding,grounding,,s41597-022-01141-8,,,,needs_second_review,,,material_takeoff_record,,,,,missing,lf_002,logical_file,2026-06-16T15:55:59.804058
ann_lf_003_grounding,grounding,,s41597-022-01141-8,github_github.com__alexwolson_A-Construction-Classification-System-Database-for-Understanding-Resource-Use-in-Buildings/A-Construction-Classification-System-Database-for-Understanding-Resource-Use-in-Buildings-main/Conversion/Mapping material names_October 2021 update.xlsx | github_github.com__alexwolson_A-Construction-Classification-System-Database-for-Understanding-Resource-Use-in-Buildings/A-Construction-Classification-System-Database-for-Understanding-Resource-Use-in-Buildings-main/Conversion/BuildingTypeNames.xlsx | github_github.com__alexwolson_A-Construction-Classification-System-Database-for-Understanding-Resource-Use-in-Buildings/A-Construction-Classification-System-Database-for-Understanding-Resource-Use-in-Buildings-main/Dataset/dataset.xlsx,,,needs_second_review,,,uncertainty_assessment,,,,,missing,lf_003,logical_file,2026-06-16T15:55:59.807867
ann_lf_004_grounding,grounding,,s41597-022-01141-8,github_github.com__alexwolson_A-Construction-Classification-System-Database-for-Understanding-Resource-Use-in-Buildings/A-Construction-Classification-System-Database-for-Understanding-Resource-Use-in-Buildings-main/Conversion/Mapping material names_October 2021 update.xlsx | github_github.com__alexwolson_A-Construction-Classification-System-Database-for-Understanding-Resource-Use-in-Buildings/A-Construction-Classification-System-Database-for-Understanding-Resource-Use-in-Buildings-main/Conversion/BuildingTypeNames.xlsx | github_github.com__alexwolson_A-Construction-Classification-System-Database-for-Understanding-Resource-Use-in-Buildings/A-Construction-Classification-System-Database-for-Understanding-Resource-Use-in-Buildings-main/Dataset/dataset.xlsx,,,needs_second_review,,,classification_system_mapping,,,,,missing,lf_004,logical_file,2026-06-16T15:55:59.811709
ann_lf_005_grounding,grounding,,s41597-022-01141-8,,,,needs_second_review,,,translation_script,,,,,missing,lf_005,logical_file,2026-06-16T15:55:59.815092
ann_lf_006_grounding,grounding,,s41597-022-01141-8,github_github.com__alexwolson_A-Construction-Classification-System-Database-for-Understanding-Resource-Use-in-Buildings/A-Construction-Classification-System-Database-for-Understanding-Resource-Use-in-Buildings-main/Sample Code/Sample.pdf | github_github.com__alexwolson_A-Construction-Classification-System-Database-for-Understanding-Resource-Use-in-Buildings/A-Construction-Classification-System-Database-for-Understanding-Resource-Use-in-Buildings-main/Sample Code/Sample.ipynb,,,modify_code,,,analysis_code,,,github_github.com__alexwolson_A-Construction-Classification-System-Database-for-Understanding-Resource-Use-in-Buildings/A-Construction-Classification-System-Database-for-Understanding-Resource-Use-in-Buildings-main/Sample Code/Sample.pdf | github_github.com__alexwolson_A-Construction-Classification-System-Database-for-Understanding-Resource-Use-in-Buildings/A-Construction-Classification-System-Database-for-Understanding-Resource-Use-in-Buildings-main/Sample Code/Sample.ipynb,,ambiguous,lf_006,logical_file,2026-06-16T15:55:59.818673
ann_lf_007_grounding,grounding,,s41597-022-01141-8,github_github.com__alexwolson_A-Construction-Classification-System-Database-for-Understanding-Resource-Use-in-Buildings/A-Construction-Classification-System-Database-for-Understanding-Resource-Use-in-Buildings-main/Conversion/Mapping material names_October 2021 update.xlsx | github_github.com__alexwolson_A-Construction-Classification-System-Database-for-Understanding-Resource-Use-in-Buildings/A-Construction-Classification-System-Database-for-Understanding-Resource-Use-in-Buildings-main/Conversion/BuildingTypeNames.xlsx | github_github.com__alexwolson_A-Construction-Classification-System-Database-for-Understanding-Resource-Use-in-Buildings/A-Construction-Classification-System-Database-for-Understanding-Resource-Use-in-Buildings-main/Dataset/dataset.xlsx,,,needs_second_review,,,building_metadata,,,,,missing,lf_007,logical_file,2026-06-16T15:55:59.822209
ann_lf_008_grounding,grounding,,s41597-022-01141-8,,,,needs_second_review,,,contributor_guidelines,,,,,missing,lf_008,logical_file,2026-06-16T15:55:59.825538
ann_final_decision,final_decision,,s41597-022-01141-8,,,,,,,,,0.0625,,,,article,dataset,2026-06-16T15:55:59.828898
ann_final_decision,final_decision,,s41597-022-01255-z,,,,,,,,,1.0,,,,article,dataset,2026-06-16T15:56:00.987398
ann_lf_006_grounding,grounding,,s41597-022-01432-0,github_github.com__lexibank_lexibank-analysed/lexibank-analysed-main/README.md | github_github.com__lexibank_lexibank-analysed/lexibank-analysed-main/cldf/README.md,,,modify_code,,,core_subset_definitions,,,github_github.com__lexibank_lexibank-analysed/lexibank-analysed-main/README.md | github_github.com__lexibank_lexibank-analysed/lexibank-analysed-main/cldf/README.md,,ambiguous,lf_006,logical_file,2026-06-16T15:56:02.191258
ann_final_decision,final_decision,,s41597-022-01432-0,,,,,,,,,0.9167,,,,article,dataset,2026-06-16T15:56:02.194563
ann_lf_003_grounding,grounding,,s41597-022-01437-9,github_github.com__COVID-policy-response-lab_PPI-data/PPI-data-main/data/PPI_regions_m1_dta.zip | github_github.com__COVID-policy-response-lab_PPI-data/PPI-data-main/data/PPI_country_m1.csv | github_github.com__COVID-policy-response-lab_PPI-data/PPI-data-main/data/PPI_country_m1.dta | github_github.com__COVID-policy-response-lab_PPI-data/PPI-data-main/data/PPI_regions_m1/PPI_regions_SA_m1.csv | github_github.com__COVID-policy-response-lab_PPI-data/PPI-data-main/data/PPI_regions_m1/PPI_regions_NL_m1.csv | github_github.com__COVID-policy-response-lab_PPI-data/PPI-data-main/data/PPI_regions_m1/PPI_regions_BR_m1.csv | github_github.com__COVID-policy-response-lab_PPI-data/PPI-data-main/data/PPI_regions_m1/PPI_regions_VE_m1.csv | github_github.com__COVID-policy-response-lab_PPI-data/PPI-data-main/data/PPI_regions_m1/PPI_regions_EC_m1.csv | github_github.com__COVID-policy-response-lab_PPI-data/PPI-data-main/data/PPI_regions_m1/PPI_regions_FR_m1.csv | github_github.com__COVID-policy-response-lab_PPI-data/PPI-data-main/data/PPI_regions_m1/PPI_regions_MM_m1.csv,,,modify_code,,,Subnational PPI by country (Method 1),,,github_github.com__COVID-policy-response-lab_PPI-data/PPI-data-main/data/PPI_regions_m1_dta.zip | github_github.com__COVID-policy-response-lab_PPI-data/PPI-data-main/data/PPI_country_m1.csv | github_github.com__COVID-policy-response-lab_PPI-data/PPI-data-main/data/PPI_country_m1.dta | github_github.com__COVID-policy-response-lab_PPI-data/PPI-data-main/data/PPI_regions_m1/PPI_regions_SA_m1.csv | github_github.com__COVID-policy-response-lab_PPI-data/PPI-data-main/data/PPI_regions_m1/PPI_regions_NL_m1.csv | github_github.com__COVID-policy-response-lab_PPI-data/PPI-data-main/data/PPI_regions_m1/PPI_regions_BR_m1.csv | github_github.com__COVID-policy-response-lab_PPI-data/PPI-data-main/data/PPI_regions_m1/PPI_regions_VE_m1.csv | github_github.com__COVID-policy-response-lab_PPI-data/PPI-data-main/data/PPI_regions_m1/PPI_regions_EC_m1.csv | github_github.com__COVID-policy-response-lab_PPI-data/PPI-data-main/data/PPI_regions_m1/PPI_regions_FR_m1.csv | github_github.com__COVID-policy-response-lab_PPI-data/PPI-data-main/data/PPI_regions_m1/PPI_regions_MM_m1.csv | github_github.com__COVID-policy-response-lab_PPI-data/PPI-data-main/data/PPI_regions_m1/PPI_regions_NG_m1.csv | github_github.com__COVID-policy-response-lab_PPI-data/PPI-data-main/data/PPI_regions_m1/PPI_regions_ME_m1.csv | github_github.com__COVID-policy-response-lab_PPI-data/PPI-data-main/data/PPI_regions_m1/PPI_regions_YE_m1.csv | github_github.com__COVID-policy-response-lab_PPI-data/PPI-data-main/data/PPI_regions_m1/PPI_regions_TW_m1.csv | github_github.com__COVID-policy-response-lab_PPI-data/PPI-data-main/data/PPI_regions_m1/PPI_regions_NP_m1.csv | github_github.com__COVID-policy-response-lab_PPI-data/PPI-data-main/data/PPI_regions_m1/PPI_regions_BD_m1.csv | github_github.com__COVID-policy-response-lab_PPI-data/PPI-data-main/data/PPI_regions_m1/PPI_regions_SE_m1.csv | github_github.com__COVID-policy-response-lab_PPI-data/PPI-data-main/data/PPI_regions_m1/PPI_regions_BO_m1.csv | github_github.com__COVID-policy-response-lab_PPI-data/PPI-data-main/data/PPI_regions_m1/PPI_regions_RU_m1.csv | github_github.com__COVID-policy-response-lab_PPI-data/PPI-data-main/data/PPI_regions_m1/PPI_regions_FI_m1.csv | github_github.com__COVID-policy-response-lab_PPI-data/PPI-data-main/data/PPI_regions_m1/PPI_regions_BE_m1.csv | github_github.com__COVID-policy-response-lab_PPI-data/PPI-data-main/data/PPI_regions_m1/PPI_regions_ZA_m1.csv | github_github.com__COVID-policy-response-lab_PPI-data/PPI-data-main/data/PPI_regions_m1/PPI_regions_QA_m1.csv | github_github.com__COVID-policy-response-lab_PPI-data/PPI-data-main/data/PPI_regions_m1/PPI_regions_PT_m1.csv | github_github.com__COVID-policy-response-lab_PPI-data/PPI-data-main/data/PPI_regions_m1/PPI_regions_SI_m1.csv | github_github.com__COVID-policy-response-lab_PPI-data/PPI-data-main/data/PPI_regions_m1/PPI_regions_KW_m1.csv | github_github.com__COVID-policy-response-lab_PPI-data/PPI-data-main/data/PPI_regions_m1/PPI_regions_DE_m1.csv | github_github.com__COVID-policy-response-lab_PPI-data/PPI-data-main/data/PPI_regions_m1/PPI_regions_CM_m1.csv | github_github.com__COVID-policy-response-lab_PPI-data/PPI-data-main/data/PPI_regions_m1/PPI_regions_TN_m1.csv | github_github.com__COVID-policy-response-lab_PPI-data/PPI-data-main/data/PPI_regions_m1/PPI_regions_TR_m1.csv | github_github.com__COVID-policy-response-lab_PPI-data/PPI-data-main/data/PPI_regions_m1/PPI_regions_US_m1.csv | github_github.com__COVID-policy-response-lab_PPI-data/PPI-data-main/data/PPI_regions_m1/PPI_regions_IT_m1.csv | github_github.com__COVID-policy-response-lab_PPI-data/PPI-data-main/data/PPI_regions_m1/PPI_regions_AU_m1.csv | github_github.com__COVID-policy-response-lab_PPI-data/PPI-data-main/data/PPI_regions_m1/PPI_regions_PK_m1.csv | github_github.com__COVID-policy-response-lab_PPI-data/PPI-data-main/data/PPI_regions_m1/PPI_regions_HN_m1.csv | github_github.com__COVID-policy-response-lab_PPI-data/PPI-data-main/data/PPI_regions_m1/PPI_regions_PY_m1.csv | github_github.com__COVID-policy-response-lab_PPI-data/PPI-data-main/data/PPI_regions_m1/PPI_regions_ZW_m1.csv | github_github.com__COVID-policy-response-lab_PPI-data/PPI-data-main/data/PPI_regions_m1/PPI_regions_HU_m1.csv | github_github.com__COVID-policy-response-lab_PPI-data/PPI-data-main/data/PPI_regions_m1/PPI_regions_IE_m1.csv | github_github.com__COVID-policy-response-lab_PPI-data/PPI-data-main/data/PPI_regions_m1/PPI_regions_TH_m1.csv | github_github.com__COVID-policy-response-lab_PPI-data/PPI-data-main/data/PPI_regions_m1/PPI_regions_PA_m1.csv | github_github.com__COVID-policy-response-lab_PPI-data/PPI-data-main/data/PPI_regions_m1/PPI_regions_KR_m1.csv | github_github.com__COVID-policy-response-lab_PPI-data/PPI-data-main/data/PPI_regions_m1/PPI_regions_UY_m1.csv | github_github.com__COVID-policy-response-lab_PPI-data/PPI-data-main/data/PPI_regions_m1/PPI_regions_IL_m1.csv | github_github.com__COVID-policy-response-lab_PPI-data/PPI-data-main/data/PPI_regions_m1/PPI_regions_CA_m1.csv | github_github.com__COVID-policy-response-lab_PPI-data/PPI-data-main/data/PPI_regions_m1/PPI_regions_SV_m1.csv | github_github.com__COVID-policy-response-lab_PPI-data/PPI-data-main/data/PPI_regions_m1/PPI_regions_RO_m1.csv | github_github.com__COVID-policy-response-lab_PPI-data/PPI-data-main/data/PPI_regions_m1/PPI_regions_HR_m1.csv | github_github.com__COVID-policy-response-lab_PPI-data/PPI-data-main/data/PPI_regions_m1/PPI_regions_NI_m1.csv | github_github.com__COVID-policy-response-lab_PPI-data/PPI-data-main/data/PPI_regions_m1/PPI_regions_GT_m1.csv | github_github.com__COVID-policy-response-lab_PPI-data/PPI-data-main/data/PPI_regions_m1/PPI_regions_SO_m1.csv | github_github.com__COVID-policy-response-lab_PPI-data/PPI-data-main/data/PPI_regions_m1/PPI_regions_PE_m1.csv | github_github.com__COVID-policy-response-lab_PPI-data/PPI-data-main/data/PPI_regions_m1/PPI_regions_CH_m1.csv | github_github.com__COVID-policy-response-lab_PPI-data/PPI-data-main/data/PPI_regions_m1/PPI_regions_GB_m1.csv | github_github.com__COVID-policy-response-lab_PPI-data/PPI-data-main/data/PPI_regions_m1/PPI_regions_CR_m1.csv | github_github.com__COVID-policy-response-lab_PPI-data/PPI-data-main/data/PPI_regions_m1/PPI_regions_MX_m1.csv | github_github.com__COVID-policy-response-lab_PPI-data/PPI-data-main/data/PPI_regions_m1/PPI_regions_BT_m1.csv | github_github.com__COVID-policy-response-lab_PPI-data/PPI-data-main/data/PPI_regions_m1/PPI_regions_BW_m1.csv | github_github.com__COVID-policy-response-lab_PPI-data/PPI-data-main/data/PPI_regions_m1/PPI_regions_VN_m1.csv | github_github.com__COVID-policy-response-lab_PPI-data/PPI-data-main/data/PPI_regions_m1/PPI_regions_ES_m1.csv | github_github.com__COVID-policy-response-lab_PPI-data/PPI-data-main/data/PPI_regions_m1/PPI_regions_JP_m1.csv | github_github.com__COVID-policy-response-lab_PPI-data/PPI-data-main/data/PPI_regions_m1/PPI_regions_PH_m1.csv | github_github.com__COVID-policy-response-lab_PPI-data/PPI-data-main/data/PPI_regions_m1/PPI_regions_MA_m1.csv | github_github.com__COVID-policy-response-lab_PPI-data/PPI-data-main/data/PPI_regions_m1/PPI_regions_ID_m1.csv | github_github.com__COVID-policy-response-lab_PPI-data/PPI-data-main/data/PPI_regions_m1/PPI_regions_CN_m1.csv | github_github.com__COVID-policy-response-lab_PPI-data/PPI-data-main/data/PPI_regions_m1/PPI_regions_CO_m1.csv | github_github.com__COVID-policy-response-lab_PPI-data/PPI-data-main/data/PPI_regions_m1/PPI_regions_DK_m1.csv | github_github.com__COVID-policy-response-lab_PPI-data/PPI-data-main/data/PPI_regions_m1/PPI_regions_KE_m1.csv | github_github.com__COVID-policy-response-lab_PPI-data/PPI-data-main/data/PPI_regions_m1/PPI_regions_GH_m1.csv | github_github.com__COVID-policy-response-lab_PPI-data/PPI-data-main/data/PPI_regions_m1/PPI_regions_NZ_m1.csv | github_github.com__COVID-policy-response-lab_PPI-data/PPI-data-main/data/PPI_regions_m1/PPI_regions_OM_m1.csv | github_github.com__COVID-policy-response-lab_PPI-data/PPI-data-main/data/PPI_regions_m1/PPI_regions_CL_m1.csv | github_github.com__COVID-policy-response-lab_PPI-data/PPI-data-main/data/PPI_regions_m1/PPI_regions_AT_m1.csv | github_github.com__COVID-policy-response-lab_PPI-data/PPI-data-main/data/PPI_regions_m1/PPI_regions_MY_m1.csv | github_github.com__COVID-policy-response-lab_PPI-data/PPI-data-main/data/PPI_regions_m1/PPI_regions_EG_m1.csv | github_github.com__COVID-policy-response-lab_PPI-data/PPI-data-main/data/PPI_regions_m1/PPI_regions_CZ_m1.csv | github_github.com__COVID-policy-response-lab_PPI-data/PPI-data-main/data/PPI_regions_m1/PPI_regions_JO_m1.csv | github_github.com__COVID-policy-response-lab_PPI-data/PPI-data-main/data/PPI_regions_m1/PPI_regions_LK_m1.csv | github_github.com__COVID-policy-response-lab_PPI-data/PPI-data-main/data/PPI_regions_m1/PPI_regions_DZ_m1.csv | github_github.com__COVID-policy-response-lab_PPI-data/PPI-data-main/data/PPI_regions_m1/PPI_regions_PL_m1.csv | github_github.com__COVID-policy-response-lab_PPI-data/PPI-data-main/data/PPI_regions_m1/PPI_regions_LB_m1.csv | github_github.com__COVID-policy-response-lab_PPI-data/PPI-data-main/data/PPI_regions_m1/PPI_regions_IN_m1.csv | github_github.com__COVID-policy-response-lab_PPI-data/PPI-data-main/data/PPI_regions_m1/PPI_regions_NO_m1.csv | github_github.com__COVID-policy-response-lab_PPI-data/PPI-data-main/data/PPI_regions_m1/PPI_regions_AE_m1.csv | github_github.com__COVID-policy-response-lab_PPI-data/PPI-data-main/data/PPI_regions_m1/PPI_regions_AR_m1.csv,,ambiguous,lf_003,logical_file,2026-06-16T15:56:06.107824
ann_lf_004_grounding,grounding,,s41597-022-01437-9,github_github.com__COVID-policy-response-lab_PPI-data/PPI-data-main/data/PPI_country_m2.csv | github_github.com__COVID-policy-response-lab_PPI-data/PPI-data-main/data/PPI_country_m2.dta | github_github.com__COVID-policy-response-lab_PPI-data/PPI-data-main/data/PPI_regions_m2_dta.zip | github_github.com__COVID-policy-response-lab_PPI-data/PPI-data-main/data/PPI_regions_m2/PPI_regions_JO_m2.csv | github_github.com__COVID-policy-response-lab_PPI-data/PPI-data-main/data/PPI_regions_m2/PPI_regions_CM_m2.csv | github_github.com__COVID-policy-response-lab_PPI-data/PPI-data-main/data/PPI_regions_m2/PPI_regions_MX_m2.csv | github_github.com__COVID-policy-response-lab_PPI-data/PPI-data-main/data/PPI_regions_m2/PPI_regions_ME_m2.csv | github_github.com__COVID-policy-response-lab_PPI-data/PPI-data-main/data/PPI_regions_m2/PPI_regions_TW_m2.csv | github_github.com__COVID-policy-response-lab_PPI-data/PPI-data-main/data/PPI_regions_m2/PPI_regions_TN_m2.csv | github_github.com__COVID-policy-response-lab_PPI-data/PPI-data-main/data/PPI_regions_m2/PPI_regions_TR_m2.csv,,,modify_code,,,Subnational PPI by country (Method 2),,,github_github.com__COVID-policy-response-lab_PPI-data/PPI-data-main/data/PPI_country_m2.csv | github_github.com__COVID-policy-response-lab_PPI-data/PPI-data-main/data/PPI_country_m2.dta | github_github.com__COVID-policy-response-lab_PPI-data/PPI-data-main/data/PPI_regions_m2_dta.zip | github_github.com__COVID-policy-response-lab_PPI-data/PPI-data-main/data/PPI_regions_m2/PPI_regions_JO_m2.csv | github_github.com__COVID-policy-response-lab_PPI-data/PPI-data-main/data/PPI_regions_m2/PPI_regions_CM_m2.csv | github_github.com__COVID-policy-response-lab_PPI-data/PPI-data-main/data/PPI_regions_m2/PPI_regions_MX_m2.csv | github_github.com__COVID-policy-response-lab_PPI-data/PPI-data-main/data/PPI_regions_m2/PPI_regions_ME_m2.csv | github_github.com__COVID-policy-response-lab_PPI-data/PPI-data-main/data/PPI_regions_m2/PPI_regions_TW_m2.csv | github_github.com__COVID-policy-response-lab_PPI-data/PPI-data-main/data/PPI_regions_m2/PPI_regions_TN_m2.csv | github_github.com__COVID-policy-response-lab_PPI-data/PPI-data-main/data/PPI_regions_m2/PPI_regions_TR_m2.csv | github_github.com__COVID-policy-response-lab_PPI-data/PPI-data-main/data/PPI_regions_m2/PPI_regions_NO_m2.csv | github_github.com__COVID-policy-response-lab_PPI-data/PPI-data-main/data/PPI_regions_m2/PPI_regions_AU_m2.csv | github_github.com__COVID-policy-response-lab_PPI-data/PPI-data-main/data/PPI_regions_m2/PPI_regions_MY_m2.csv | github_github.com__COVID-policy-response-lab_PPI-data/PPI-data-main/data/PPI_regions_m2/PPI_regions_NL_m2.csv | github_github.com__COVID-policy-response-lab_PPI-data/PPI-data-main/data/PPI_regions_m2/PPI_regions_DZ_m2.csv | github_github.com__COVID-policy-response-lab_PPI-data/PPI-data-main/data/PPI_regions_m2/PPI_regions_NG_m2.csv | github_github.com__COVID-policy-response-lab_PPI-data/PPI-data-main/data/PPI_regions_m2/PPI_regions_GT_m2.csv | github_github.com__COVID-policy-response-lab_PPI-data/PPI-data-main/data/PPI_regions_m2/PPI_regions_MA_m2.csv | github_github.com__COVID-policy-response-lab_PPI-data/PPI-data-main/data/PPI_regions_m2/PPI_regions_CZ_m2.csv | github_github.com__COVID-policy-response-lab_PPI-data/PPI-data-main/data/PPI_regions_m2/PPI_regions_UY_m2.csv | github_github.com__COVID-policy-response-lab_PPI-data/PPI-data-main/data/PPI_regions_m2/PPI_regions_NZ_m2.csv | github_github.com__COVID-policy-response-lab_PPI-data/PPI-data-main/data/PPI_regions_m2/PPI_regions_DE_m2.csv | github_github.com__COVID-policy-response-lab_PPI-data/PPI-data-main/data/PPI_regions_m2/PPI_regions_PE_m2.csv | github_github.com__COVID-policy-response-lab_PPI-data/PPI-data-main/data/PPI_regions_m2/PPI_regions_TH_m2.csv | github_github.com__COVID-policy-response-lab_PPI-data/PPI-data-main/data/PPI_regions_m2/PPI_regions_CO_m2.csv | github_github.com__COVID-policy-response-lab_PPI-data/PPI-data-main/data/PPI_regions_m2/PPI_regions_HU_m2.csv | github_github.com__COVID-policy-response-lab_PPI-data/PPI-data-main/data/PPI_regions_m2/PPI_regions_NI_m2.csv | github_github.com__COVID-policy-response-lab_PPI-data/PPI-data-main/data/PPI_regions_m2/PPI_regions_EC_m2.csv | github_github.com__COVID-policy-response-lab_PPI-data/PPI-data-main/data/PPI_regions_m2/PPI_regions_ZA_m2.csv | github_github.com__COVID-policy-response-lab_PPI-data/PPI-data-main/data/PPI_regions_m2/PPI_regions_ZW_m2.csv | github_github.com__COVID-policy-response-lab_PPI-data/PPI-data-main/data/PPI_regions_m2/PPI_regions_AE_m2.csv | github_github.com__COVID-policy-response-lab_PPI-data/PPI-data-main/data/PPI_regions_m2/PPI_regions_JP_m2.csv | github_github.com__COVID-policy-response-lab_PPI-data/PPI-data-main/data/PPI_regions_m2/PPI_regions_GH_m2.csv | github_github.com__COVID-policy-response-lab_PPI-data/PPI-data-main/data/PPI_regions_m2/PPI_regions_US_m2.csv | github_github.com__COVID-policy-response-lab_PPI-data/PPI-data-main/data/PPI_regions_m2/PPI_regions_IT_m2.csv | github_github.com__COVID-policy-response-lab_PPI-data/PPI-data-main/data/PPI_regions_m2/PPI_regions_OM_m2.csv | github_github.com__COVID-policy-response-lab_PPI-data/PPI-data-main/data/PPI_regions_m2/PPI_regions_CN_m2.csv | github_github.com__COVID-policy-response-lab_PPI-data/PPI-data-main/data/PPI_regions_m2/PPI_regions_ES_m2.csv | github_github.com__COVID-policy-response-lab_PPI-data/PPI-data-main/data/PPI_regions_m2/PPI_regions_IE_m2.csv | github_github.com__COVID-policy-response-lab_PPI-data/PPI-data-main/data/PPI_regions_m2/PPI_regions_DK_m2.csv | github_github.com__COVID-policy-response-lab_PPI-data/PPI-data-main/data/PPI_regions_m2/PPI_regions_SO_m2.csv | github_github.com__COVID-policy-response-lab_PPI-data/PPI-data-main/data/PPI_regions_m2/PPI_regions_SA_m2.csv | github_github.com__COVID-policy-response-lab_PPI-data/PPI-data-main/data/PPI_regions_m2/PPI_regions_FR_m2.csv | github_github.com__COVID-policy-response-lab_PPI-data/PPI-data-main/data/PPI_regions_m2/PPI_regions_NP_m2.csv | github_github.com__COVID-policy-response-lab_PPI-data/PPI-data-main/data/PPI_regions_m2/PPI_regions_CA_m2.csv | github_github.com__COVID-policy-response-lab_PPI-data/PPI-data-main/data/PPI_regions_m2/PPI_regions_IL_m2.csv | github_github.com__COVID-policy-response-lab_PPI-data/PPI-data-main/data/PPI_regions_m2/PPI_regions_LB_m2.csv | github_github.com__COVID-policy-response-lab_PPI-data/PPI-data-main/data/PPI_regions_m2/PPI_regions_SE_m2.csv | github_github.com__COVID-policy-response-lab_PPI-data/PPI-data-main/data/PPI_regions_m2/PPI_regions_IN_m2.csv | github_github.com__COVID-policy-response-lab_PPI-data/PPI-data-main/data/PPI_regions_m2/PPI_regions_PL_m2.csv | github_github.com__COVID-policy-response-lab_PPI-data/PPI-data-main/data/PPI_regions_m2/PPI_regions_GB_m2.csv | github_github.com__COVID-policy-response-lab_PPI-data/PPI-data-main/data/PPI_regions_m2/PPI_regions_QA_m2.csv | github_github.com__COVID-policy-response-lab_PPI-data/PPI-data-main/data/PPI_regions_m2/PPI_regions_PK_m2.csv | github_github.com__COVID-policy-response-lab_PPI-data/PPI-data-main/data/PPI_regions_m2/PPI_regions_CH_m2.csv | github_github.com__COVID-policy-response-lab_PPI-data/PPI-data-main/data/PPI_regions_m2/PPI_regions_BW_m2.csv | github_github.com__COVID-policy-response-lab_PPI-data/PPI-data-main/data/PPI_regions_m2/PPI_regions_PT_m2.csv | github_github.com__COVID-policy-response-lab_PPI-data/PPI-data-main/data/PPI_regions_m2/PPI_regions_MM_m2.csv | github_github.com__COVID-policy-response-lab_PPI-data/PPI-data-main/data/PPI_regions_m2/PPI_regions_YE_m2.csv | github_github.com__COVID-policy-response-lab_PPI-data/PPI-data-main/data/PPI_regions_m2/PPI_regions_RO_m2.csv | github_github.com__COVID-policy-response-lab_PPI-data/PPI-data-main/data/PPI_regions_m2/PPI_regions_AR_m2.csv | github_github.com__COVID-policy-response-lab_PPI-data/PPI-data-main/data/PPI_regions_m2/PPI_regions_KR_m2.csv | github_github.com__COVID-policy-response-lab_PPI-data/PPI-data-main/data/PPI_regions_m2/PPI_regions_FI_m2.csv | github_github.com__COVID-policy-response-lab_PPI-data/PPI-data-main/data/PPI_regions_m2/PPI_regions_SI_m2.csv | github_github.com__COVID-policy-response-lab_PPI-data/PPI-data-main/data/PPI_regions_m2/PPI_regions_RU_m2.csv | github_github.com__COVID-policy-response-lab_PPI-data/PPI-data-main/data/PPI_regions_m2/PPI_regions_BE_m2.csv | github_github.com__COVID-policy-response-lab_PPI-data/PPI-data-main/data/PPI_regions_m2/PPI_regions_BD_m2.csv | github_github.com__COVID-policy-response-lab_PPI-data/PPI-data-main/data/PPI_regions_m2/PPI_regions_KW_m2.csv | github_github.com__COVID-policy-response-lab_PPI-data/PPI-data-main/data/PPI_regions_m2/PPI_regions_CL_m2.csv | github_github.com__COVID-policy-response-lab_PPI-data/PPI-data-main/data/PPI_regions_m2/PPI_regions_CR_m2.csv | github_github.com__COVID-policy-response-lab_PPI-data/PPI-data-main/data/PPI_regions_m2/PPI_regions_BR_m2.csv | github_github.com__COVID-policy-response-lab_PPI-data/PPI-data-main/data/PPI_regions_m2/PPI_regions_LK_m2.csv | github_github.com__COVID-policy-response-lab_PPI-data/PPI-data-main/data/PPI_regions_m2/PPI_regions_HN_m2.csv | github_github.com__COVID-policy-response-lab_PPI-data/PPI-data-main/data/PPI_regions_m2/PPI_regions_VN_m2.csv | github_github.com__COVID-policy-response-lab_PPI-data/PPI-data-main/data/PPI_regions_m2/PPI_regions_HR_m2.csv | github_github.com__COVID-policy-response-lab_PPI-data/PPI-data-main/data/PPI_regions_m2/PPI_regions_BT_m2.csv | github_github.com__COVID-policy-response-lab_PPI-data/PPI-data-main/data/PPI_regions_m2/PPI_regions_PH_m2.csv | github_github.com__COVID-policy-response-lab_PPI-data/PPI-data-main/data/PPI_regions_m2/PPI_regions_AT_m2.csv | github_github.com__COVID-policy-response-lab_PPI-data/PPI-data-main/data/PPI_regions_m2/PPI_regions_KE_m2.csv | github_github.com__COVID-policy-response-lab_PPI-data/PPI-data-main/data/PPI_regions_m2/PPI_regions_SV_m2.csv | github_github.com__COVID-policy-response-lab_PPI-data/PPI-data-main/data/PPI_regions_m2/PPI_regions_PY_m2.csv | github_github.com__COVID-policy-response-lab_PPI-data/PPI-data-main/data/PPI_regions_m2/PPI_regions_ID_m2.csv | github_github.com__COVID-policy-response-lab_PPI-data/PPI-data-main/data/PPI_regions_m2/PPI_regions_VE_m2.csv | github_github.com__COVID-policy-response-lab_PPI-data/PPI-data-main/data/PPI_regions_m2/PPI_regions_PA_m2.csv | github_github.com__COVID-policy-response-lab_PPI-data/PPI-data-main/data/PPI_regions_m2/PPI_regions_BO_m2.csv | github_github.com__COVID-policy-response-lab_PPI-data/PPI-data-main/data/PPI_regions_m2/PPI_regions_EG_m2.csv,,ambiguous,lf_004,logical_file,2026-06-16T15:56:06.113950
ann_final_decision,final_decision,,s41597-022-01437-9,,,,,,,,,0.8,,,,article,dataset,2026-06-16T15:56:06.117943
ann_final_decision,final_decision,,s41597-022-01704-9,,,,,,,,,1.0,,,,article,dataset,2026-06-16T15:56:07.347081
ann_lf_007_grounding,grounding,,s41597-022-01788-3,github_github.com__BioRDM_COVID-Wastewater-Scotland/COVID-Wastewater-Scotland-main/data/classification_thresholds.csv | github_github.com__BioRDM_COVID-Wastewater-Scotland/COVID-Wastewater-Scotland-main/data/SARS-Cov2_RNA_monitoring_ww_scotland_full.csv | github_github.com__BioRDM_COVID-Wastewater-Scotland/COVID-Wastewater-Scotland-main/data/SARS-Cov2_RNA_monitoring_ww_scotland.csv | github_github.com__BioRDM_COVID-Wastewater-Scotland/COVID-Wastewater-Scotland-main/data/prevalence_timeseries.csv | github_github.com__BioRDM_COVID-Wastewater-Scotland/COVID-Wastewater-Scotland-main/data/weekly_prevalence_timeseries.csv | github_github.com__BioRDM_COVID-Wastewater-Scotland/COVID-Wastewater-Scotland-main/data/weekly_norm_prevalence_timeseries.csv | github_github.com__BioRDM_COVID-Wastewater-Scotland/COVID-Wastewater-Scotland-main/data/norm_prevalence_timeseries.csv | github_github.com__BioRDM_COVID-Wastewater-Scotland/COVID-Wastewater-Scotland-main/data/sampling_sites.csv | github_github.com__BioRDM_COVID-Wastewater-Scotland/COVID-Wastewater-Scotland-main/data/org_sepa_data/2022_02_14-Sites_coordinates.csv | github_github.com__BioRDM_COVID-Wastewater-Scotland/COVID-Wastewater-Scotland-main/data/org_sepa_data/2022_02_14-RNA_Monitoring_Project.csv,,,needs_second_review,,,site_metadata,,,,,missing,lf_007,logical_file,2026-06-16T15:56:08.583107
ann_lf_008_grounding,grounding,,s41597-022-01788-3,github_github.com__BioRDM_COVID-Wastewater-Scotland/COVID-Wastewater-Scotland-main/data/classification_thresholds.csv | github_github.com__BioRDM_COVID-Wastewater-Scotland/COVID-Wastewater-Scotland-main/data/SARS-Cov2_RNA_monitoring_ww_scotland_full.csv | github_github.com__BioRDM_COVID-Wastewater-Scotland/COVID-Wastewater-Scotland-main/data/SARS-Cov2_RNA_monitoring_ww_scotland.csv | github_github.com__BioRDM_COVID-Wastewater-Scotland/COVID-Wastewater-Scotland-main/data/prevalence_timeseries.csv | github_github.com__BioRDM_COVID-Wastewater-Scotland/COVID-Wastewater-Scotland-main/data/weekly_prevalence_timeseries.csv | github_github.com__BioRDM_COVID-Wastewater-Scotland/COVID-Wastewater-Scotland-main/data/weekly_norm_prevalence_timeseries.csv | github_github.com__BioRDM_COVID-Wastewater-Scotland/COVID-Wastewater-Scotland-main/data/norm_prevalence_timeseries.csv | github_github.com__BioRDM_COVID-Wastewater-Scotland/COVID-Wastewater-Scotland-main/data/sampling_sites.csv | github_github.com__BioRDM_COVID-Wastewater-Scotland/COVID-Wastewater-Scotland-main/data/org_sepa_data/2022_02_14-Sites_coordinates.csv | github_github.com__BioRDM_COVID-Wastewater-Scotland/COVID-Wastewater-Scotland-main/data/org_sepa_data/2022_02_14-RNA_Monitoring_Project.csv,,,needs_second_review,,,classification_thresholds,,,github_github.com__BioRDM_COVID-Wastewater-Scotland/COVID-Wastewater-Scotland-main/data/classification_thresholds.csv,,weak_match,lf_008,logical_file,2026-06-16T15:56:08.586792
ann_final_decision,final_decision,,s41597-022-01788-3,,,,,,,,,0.7812,,,,article,dataset,2026-06-16T15:56:08.590061
ann_lf_001_grounding,grounding,,s41597-023-02676-0,,,,needs_second_review,,,bulletins,,,,,missing,lf_001,logical_file,2026-06-16T15:56:09.815404
ann_lf_002_grounding,grounding,,s41597-023-02676-0,github_github.com__fbranda_west-nile/west-nile-main/2020/national-trend/wn-ita-national-trend-2020.csv | github_github.com__fbranda_west-nile/west-nile-main/2013/national-trend/wn-ita-national-trend-2013.csv | github_github.com__fbranda_west-nile/west-nile-main/2012/national-trend/wn-ita-national-trend-2012.csv | github_github.com__fbranda_west-nile/west-nile-main/2024/national-trend/wn-ita-national-trend-2024.csv | github_github.com__fbranda_west-nile/west-nile-main/2015/national-trend/wn-ita-national-trend-2015.csv | github_github.com__fbranda_west-nile/west-nile-main/2014/national-trend/wn-ita-national-trend-2014.csv | github_github.com__fbranda_west-nile/west-nile-main/2021/national-trend/wn-ita-national-trend-2021.csv | github_github.com__fbranda_west-nile/west-nile-main/2025/national-trend/wn-ita-national-trend-2025.csv | github_github.com__fbranda_west-nile/west-nile-main/2022/national-trend/wn-ita-national-trend-2022.csv | github_github.com__fbranda_west-nile/west-nile-main/2017/national-trend/wn-ita-national-trend-2017.csv,,,modify_code,,,national_trend,,,github_github.com__fbranda_west-nile/west-nile-main/2020/national-trend/wn-ita-national-trend-2020.csv | github_github.com__fbranda_west-nile/west-nile-main/2013/national-trend/wn-ita-national-trend-2013.csv | github_github.com__fbranda_west-nile/west-nile-main/2012/national-trend/wn-ita-national-trend-2012.csv | github_github.com__fbranda_west-nile/west-nile-main/2024/national-trend/wn-ita-national-trend-2024.csv | github_github.com__fbranda_west-nile/west-nile-main/2015/national-trend/wn-ita-national-trend-2015.csv | github_github.com__fbranda_west-nile/west-nile-main/2014/national-trend/wn-ita-national-trend-2014.csv | github_github.com__fbranda_west-nile/west-nile-main/2021/national-trend/wn-ita-national-trend-2021.csv | github_github.com__fbranda_west-nile/west-nile-main/2025/national-trend/wn-ita-national-trend-2025.csv | github_github.com__fbranda_west-nile/west-nile-main/2022/national-trend/wn-ita-national-trend-2022.csv | github_github.com__fbranda_west-nile/west-nile-main/2017/national-trend/wn-ita-national-trend-2017.csv | github_github.com__fbranda_west-nile/west-nile-main/2016/national-trend/wn-ita-national-trend-2016.csv | github_github.com__fbranda_west-nile/west-nile-main/2018/national-trend/wn-ita-national-trend-2018.csv | github_github.com__fbranda_west-nile/west-nile-main/2019/national-trend/wn-ita-national-trend-2019.csv | github_github.com__fbranda_west-nile/west-nile-main/2023/national-trend/wn-ita-national-trend-2023.csv,,ambiguous,lf_002,logical_file,2026-06-16T15:56:09.819376
ann_lf_003_grounding,grounding,,s41597-023-02676-0,github_github.com__fbranda_west-nile/west-nile-main/2020/human-surveillance/wn-ita-regions-human-surveillance-2020.csv | github_github.com__fbranda_west-nile/west-nile-main/2020/human-surveillance/wn-ita-provinces-human-surveillance-2020.csv | github_github.com__fbranda_west-nile/west-nile-main/2013/human-surveillance/wn-ita-provinces-human-surveillance-2013.csv | github_github.com__fbranda_west-nile/west-nile-main/2013/human-surveillance/wn-ita-regions-human-surveillance-2013.csv | github_github.com__fbranda_west-nile/west-nile-main/2012/human-surveillance/wn-ita-regions-human-surveillance-2012.csv | github_github.com__fbranda_west-nile/west-nile-main/2012/human-surveillance/wn-ita-provinces-human-surveillance-2012.csv | github_github.com__fbranda_west-nile/west-nile-main/2024/human-surveillance/wn-ita-regions-human-surveillance-2024.csv | github_github.com__fbranda_west-nile/west-nile-main/2024/human-surveillance/wn-ita-provinces-human-surveillance-2024.csv | github_github.com__fbranda_west-nile/west-nile-main/2015/human-surveillance/wn-ita-regions-human-surveillance-2015.csv | github_github.com__fbranda_west-nile/west-nile-main/2015/human-surveillance/wn-ita-provinces-human-surveillance-2015.csv,,,modify_code,,,human_surveillance_regions,,,github_github.com__fbranda_west-nile/west-nile-main/2020/human-surveillance/wn-ita-regions-human-surveillance-2020.csv | github_github.com__fbranda_west-nile/west-nile-main/2020/human-surveillance/wn-ita-provinces-human-surveillance-2020.csv | github_github.com__fbranda_west-nile/west-nile-main/2013/human-surveillance/wn-ita-provinces-human-surveillance-2013.csv | github_github.com__fbranda_west-nile/west-nile-main/2013/human-surveillance/wn-ita-regions-human-surveillance-2013.csv | github_github.com__fbranda_west-nile/west-nile-main/2012/human-surveillance/wn-ita-regions-human-surveillance-2012.csv | github_github.com__fbranda_west-nile/west-nile-main/2012/human-surveillance/wn-ita-provinces-human-surveillance-2012.csv | github_github.com__fbranda_west-nile/west-nile-main/2024/human-surveillance/wn-ita-regions-human-surveillance-2024.csv | github_github.com__fbranda_west-nile/west-nile-main/2024/human-surveillance/wn-ita-provinces-human-surveillance-2024.csv | github_github.com__fbranda_west-nile/west-nile-main/2015/human-surveillance/wn-ita-regions-human-surveillance-2015.csv | github_github.com__fbranda_west-nile/west-nile-main/2015/human-surveillance/wn-ita-provinces-human-surveillance-2015.csv | github_github.com__fbranda_west-nile/west-nile-main/2014/human-surveillance/wn-ita-regions-human-surveillance-2014.csv | github_github.com__fbranda_west-nile/west-nile-main/2014/human-surveillance/wn-ita-provinces-human-surveillance-2014.csv | github_github.com__fbranda_west-nile/west-nile-main/2021/human-surveillance/wn-ita-regions-human-surveillance-2021.csv | github_github.com__fbranda_west-nile/west-nile-main/2021/human-surveillance/wn-ita-provinces-human-surveillance-2021.csv | github_github.com__fbranda_west-nile/west-nile-main/2025/human-surveillance/wn-ita-regions-human-surveillance-2025.csv | github_github.com__fbranda_west-nile/west-nile-main/2025/human-surveillance/wn-ita-provinces-human-surveillance-2025.csv | github_github.com__fbranda_west-nile/west-nile-main/2022/human-surveillance/wn-ita-regions-human-surveillance-2022.csv | github_github.com__fbranda_west-nile/west-nile-main/2022/human-surveillance/wn-ita-provinces-human-surveillance-2022.csv | github_github.com__fbranda_west-nile/west-nile-main/2017/human-surveillance/wn-ita-regions-human-surveillance-2017.csv | github_github.com__fbranda_west-nile/west-nile-main/2017/human-surveillance/wn-ita-provinces-human-surveillance-2017.csv | github_github.com__fbranda_west-nile/west-nile-main/2016/human-surveillance/wn-ita-provinces-human-surveillance-2016.csv | github_github.com__fbranda_west-nile/west-nile-main/2016/human-surveillance/wn-ita-regions-human-surveillance-2016.csv | github_github.com__fbranda_west-nile/west-nile-main/2018/human-surveillance/wn-ita-provinces-human-surveillance-2018.csv | github_github.com__fbranda_west-nile/west-nile-main/2018/human-surveillance/wn-ita-regions-human-surveillance-2018.csv | github_github.com__fbranda_west-nile/west-nile-main/2019/human-surveillance/wn-ita-provinces-human-surveillance-2019.csv | github_github.com__fbranda_west-nile/west-nile-main/2019/human-surveillance/wn-ita-regions-human-surveillance-2019.csv | github_github.com__fbranda_west-nile/west-nile-main/2023/human-surveillance/wn-ita-regions-human-surveillance-2023.csv | github_github.com__fbranda_west-nile/west-nile-main/2023/human-surveillance/wn-ita-provinces-human-surveillance-2023.csv,,ambiguous,lf_003,logical_file,2026-06-16T15:56:09.824448
ann_lf_004_grounding,grounding,,s41597-023-02676-0,github_github.com__fbranda_west-nile/west-nile-main/2020/human-surveillance/wn-ita-regions-human-surveillance-2020.csv | github_github.com__fbranda_west-nile/west-nile-main/2020/human-surveillance/wn-ita-provinces-human-surveillance-2020.csv | github_github.com__fbranda_west-nile/west-nile-main/2013/human-surveillance/wn-ita-provinces-human-surveillance-2013.csv | github_github.com__fbranda_west-nile/west-nile-main/2013/human-surveillance/wn-ita-regions-human-surveillance-2013.csv | github_github.com__fbranda_west-nile/west-nile-main/2012/human-surveillance/wn-ita-regions-human-surveillance-2012.csv | github_github.com__fbranda_west-nile/west-nile-main/2012/human-surveillance/wn-ita-provinces-human-surveillance-2012.csv | github_github.com__fbranda_west-nile/west-nile-main/2024/human-surveillance/wn-ita-regions-human-surveillance-2024.csv | github_github.com__fbranda_west-nile/west-nile-main/2024/human-surveillance/wn-ita-provinces-human-surveillance-2024.csv | github_github.com__fbranda_west-nile/west-nile-main/2015/human-surveillance/wn-ita-regions-human-surveillance-2015.csv | github_github.com__fbranda_west-nile/west-nile-main/2015/human-surveillance/wn-ita-provinces-human-surveillance-2015.csv,,,modify_code,,,human_surveillance_provinces,,,github_github.com__fbranda_west-nile/west-nile-main/2020/human-surveillance/wn-ita-regions-human-surveillance-2020.csv | github_github.com__fbranda_west-nile/west-nile-main/2020/human-surveillance/wn-ita-provinces-human-surveillance-2020.csv | github_github.com__fbranda_west-nile/west-nile-main/2013/human-surveillance/wn-ita-provinces-human-surveillance-2013.csv | github_github.com__fbranda_west-nile/west-nile-main/2013/human-surveillance/wn-ita-regions-human-surveillance-2013.csv | github_github.com__fbranda_west-nile/west-nile-main/2012/human-surveillance/wn-ita-regions-human-surveillance-2012.csv | github_github.com__fbranda_west-nile/west-nile-main/2012/human-surveillance/wn-ita-provinces-human-surveillance-2012.csv | github_github.com__fbranda_west-nile/west-nile-main/2024/human-surveillance/wn-ita-regions-human-surveillance-2024.csv | github_github.com__fbranda_west-nile/west-nile-main/2024/human-surveillance/wn-ita-provinces-human-surveillance-2024.csv | github_github.com__fbranda_west-nile/west-nile-main/2015/human-surveillance/wn-ita-regions-human-surveillance-2015.csv | github_github.com__fbranda_west-nile/west-nile-main/2015/human-surveillance/wn-ita-provinces-human-surveillance-2015.csv | github_github.com__fbranda_west-nile/west-nile-main/2014/human-surveillance/wn-ita-regions-human-surveillance-2014.csv | github_github.com__fbranda_west-nile/west-nile-main/2014/human-surveillance/wn-ita-provinces-human-surveillance-2014.csv | github_github.com__fbranda_west-nile/west-nile-main/2021/human-surveillance/wn-ita-regions-human-surveillance-2021.csv | github_github.com__fbranda_west-nile/west-nile-main/2021/human-surveillance/wn-ita-provinces-human-surveillance-2021.csv | github_github.com__fbranda_west-nile/west-nile-main/2025/human-surveillance/wn-ita-regions-human-surveillance-2025.csv | github_github.com__fbranda_west-nile/west-nile-main/2025/human-surveillance/wn-ita-provinces-human-surveillance-2025.csv | github_github.com__fbranda_west-nile/west-nile-main/2022/human-surveillance/wn-ita-regions-human-surveillance-2022.csv | github_github.com__fbranda_west-nile/west-nile-main/2022/human-surveillance/wn-ita-provinces-human-surveillance-2022.csv | github_github.com__fbranda_west-nile/west-nile-main/2017/human-surveillance/wn-ita-regions-human-surveillance-2017.csv | github_github.com__fbranda_west-nile/west-nile-main/2017/human-surveillance/wn-ita-provinces-human-surveillance-2017.csv | github_github.com__fbranda_west-nile/west-nile-main/2016/human-surveillance/wn-ita-provinces-human-surveillance-2016.csv | github_github.com__fbranda_west-nile/west-nile-main/2016/human-surveillance/wn-ita-regions-human-surveillance-2016.csv | github_github.com__fbranda_west-nile/west-nile-main/2018/human-surveillance/wn-ita-provinces-human-surveillance-2018.csv | github_github.com__fbranda_west-nile/west-nile-main/2018/human-surveillance/wn-ita-regions-human-surveillance-2018.csv | github_github.com__fbranda_west-nile/west-nile-main/2019/human-surveillance/wn-ita-provinces-human-surveillance-2019.csv | github_github.com__fbranda_west-nile/west-nile-main/2019/human-surveillance/wn-ita-regions-human-surveillance-2019.csv | github_github.com__fbranda_west-nile/west-nile-main/2023/human-surveillance/wn-ita-regions-human-surveillance-2023.csv | github_github.com__fbranda_west-nile/west-nile-main/2023/human-surveillance/wn-ita-provinces-human-surveillance-2023.csv,,ambiguous,lf_004,logical_file,2026-06-16T15:56:09.829051
ann_lf_005_grounding,grounding,,s41597-023-02676-0,github_github.com__fbranda_west-nile/west-nile-main/2020/mosquito-surveillance/wn-ita-mosquito-surveillance-2020.csv | github_github.com__fbranda_west-nile/west-nile-main/2024/mosquito-surveillance/wn-ita-mosquito-surveillance-2024.csv | github_github.com__fbranda_west-nile/west-nile-main/2021/mosquito-surveillance/wn-ita-mosquito-surveillance-2021.csv | github_github.com__fbranda_west-nile/west-nile-main/2025/mosquito-surveillance/wn-ita-mosquito-surveillance-2025.csv | github_github.com__fbranda_west-nile/west-nile-main/2022/mosquito-surveillance/wn-ita-mosquito-surveillance-2022.csv | github_github.com__fbranda_west-nile/west-nile-main/2017/mosquito-surveillance/wn-ita-mosquito-surveillance-2017.csv | github_github.com__fbranda_west-nile/west-nile-main/2018/mosquito-surveillance/wn-ita-mosquito-surveillance-2018.csv | github_github.com__fbranda_west-nile/west-nile-main/2019/mosquito-surveillance/wn-ita-mosquito-surveillance-2019.csv | github_github.com__fbranda_west-nile/west-nile-main/2023/mosquito-surveillance/wn-ita-mosquito-surveillance-2023.csv | github_github.com__fbranda_west-nile/west-nile-main/2020/birds-surveillance/wn-ita-wild-birds-surveillance-2020.csv,,,modify_code,,,mosquito_surveillance,,,github_github.com__fbranda_west-nile/west-nile-main/2020/mosquito-surveillance/wn-ita-mosquito-surveillance-2020.csv | github_github.com__fbranda_west-nile/west-nile-main/2024/mosquito-surveillance/wn-ita-mosquito-surveillance-2024.csv | github_github.com__fbranda_west-nile/west-nile-main/2021/mosquito-surveillance/wn-ita-mosquito-surveillance-2021.csv | github_github.com__fbranda_west-nile/west-nile-main/2025/mosquito-surveillance/wn-ita-mosquito-surveillance-2025.csv | github_github.com__fbranda_west-nile/west-nile-main/2022/mosquito-surveillance/wn-ita-mosquito-surveillance-2022.csv | github_github.com__fbranda_west-nile/west-nile-main/2017/mosquito-surveillance/wn-ita-mosquito-surveillance-2017.csv | github_github.com__fbranda_west-nile/west-nile-main/2018/mosquito-surveillance/wn-ita-mosquito-surveillance-2018.csv | github_github.com__fbranda_west-nile/west-nile-main/2019/mosquito-surveillance/wn-ita-mosquito-surveillance-2019.csv | github_github.com__fbranda_west-nile/west-nile-main/2023/mosquito-surveillance/wn-ita-mosquito-surveillance-2023.csv,,ambiguous,lf_005,logical_file,2026-06-16T15:56:09.833126
ann_lf_006_grounding,grounding,,s41597-023-02676-0,github_github.com__fbranda_west-nile/west-nile-main/2020/equids-surveillance/wn-ita-equids-surveillance-2020.csv | github_github.com__fbranda_west-nile/west-nile-main/2024/equids-surveillance/wn-ita-equids-surveillance-2024.csv | github_github.com__fbranda_west-nile/west-nile-main/2021/equids-surveillance/wn-ita-equids-surveillance-2021.csv | github_github.com__fbranda_west-nile/west-nile-main/2025/equids-surveillance/wn-ita-equids-surveillance-2025.csv | github_github.com__fbranda_west-nile/west-nile-main/2022/equids-surveillance/wn-ita-equids-surveillance-2022.csv | github_github.com__fbranda_west-nile/west-nile-main/2017/equids-surveillance/wn-ita-equids-surveillance-2017.csv | github_github.com__fbranda_west-nile/west-nile-main/2018/equids-surveillance/wn-ita-equids-surveillance-2018.csv | github_github.com__fbranda_west-nile/west-nile-main/2019/equids-surveillance/wn-ita-equids-surveillance-2019.csv | github_github.com__fbranda_west-nile/west-nile-main/2023/equids-surveillance/wn-ita-equids-surveillance-2023.csv | github_github.com__fbranda_west-nile/west-nile-main/2020/birds-surveillance/wn-ita-wild-birds-surveillance-2020.csv,,,modify_code,,,equids_surveillance,,,github_github.com__fbranda_west-nile/west-nile-main/2020/equids-surveillance/wn-ita-equids-surveillance-2020.csv | github_github.com__fbranda_west-nile/west-nile-main/2024/equids-surveillance/wn-ita-equids-surveillance-2024.csv | github_github.com__fbranda_west-nile/west-nile-main/2021/equids-surveillance/wn-ita-equids-surveillance-2021.csv | github_github.com__fbranda_west-nile/west-nile-main/2025/equids-surveillance/wn-ita-equids-surveillance-2025.csv | github_github.com__fbranda_west-nile/west-nile-main/2022/equids-surveillance/wn-ita-equids-surveillance-2022.csv | github_github.com__fbranda_west-nile/west-nile-main/2017/equids-surveillance/wn-ita-equids-surveillance-2017.csv | github_github.com__fbranda_west-nile/west-nile-main/2018/equids-surveillance/wn-ita-equids-surveillance-2018.csv | github_github.com__fbranda_west-nile/west-nile-main/2019/equids-surveillance/wn-ita-equids-surveillance-2019.csv | github_github.com__fbranda_west-nile/west-nile-main/2023/equids-surveillance/wn-ita-equids-surveillance-2023.csv,,ambiguous,lf_006,logical_file,2026-06-16T15:56:09.836977
ann_lf_007_grounding,grounding,,s41597-023-02676-0,github_github.com__fbranda_west-nile/west-nile-main/2020/birds-surveillance/wn-ita-wild-birds-surveillance-2020.csv | github_github.com__fbranda_west-nile/west-nile-main/2020/birds-surveillance/wn-ita-target-birds-surveillance-2020.csv | github_github.com__fbranda_west-nile/west-nile-main/2024/birds-surveillance/wn-ita-target-birds-surveillance-2024.csv | github_github.com__fbranda_west-nile/west-nile-main/2024/birds-surveillance/wn-ita-wild-birds-surveillance-2024.csv | github_github.com__fbranda_west-nile/west-nile-main/2021/birds-surveillance/wn-ita-wild-birds-surveillance-2021.csv | github_github.com__fbranda_west-nile/west-nile-main/2021/birds-surveillance/wn-ita-target-birds-surveillance-2021.csv | github_github.com__fbranda_west-nile/west-nile-main/2025/birds-surveillance/wn-ita-wild-birds-surveillance-2025.csv | github_github.com__fbranda_west-nile/west-nile-main/2025/birds-surveillance/wn-ita-target-birds-surveillance-2025.csv | github_github.com__fbranda_west-nile/west-nile-main/2022/birds-surveillance/wn-ita-target-birds-surveillance-2022.csv | github_github.com__fbranda_west-nile/west-nile-main/2022/birds-surveillance/wn-ita-wild-birds-surveillance-2022.csv,,,modify_code,,,birds_surveillance,,,github_github.com__fbranda_west-nile/west-nile-main/2020/birds-surveillance/wn-ita-wild-birds-surveillance-2020.csv | github_github.com__fbranda_west-nile/west-nile-main/2020/birds-surveillance/wn-ita-target-birds-surveillance-2020.csv | github_github.com__fbranda_west-nile/west-nile-main/2024/birds-surveillance/wn-ita-target-birds-surveillance-2024.csv | github_github.com__fbranda_west-nile/west-nile-main/2024/birds-surveillance/wn-ita-wild-birds-surveillance-2024.csv | github_github.com__fbranda_west-nile/west-nile-main/2021/birds-surveillance/wn-ita-wild-birds-surveillance-2021.csv | github_github.com__fbranda_west-nile/west-nile-main/2021/birds-surveillance/wn-ita-target-birds-surveillance-2021.csv | github_github.com__fbranda_west-nile/west-nile-main/2025/birds-surveillance/wn-ita-wild-birds-surveillance-2025.csv | github_github.com__fbranda_west-nile/west-nile-main/2025/birds-surveillance/wn-ita-target-birds-surveillance-2025.csv | github_github.com__fbranda_west-nile/west-nile-main/2022/birds-surveillance/wn-ita-target-birds-surveillance-2022.csv | github_github.com__fbranda_west-nile/west-nile-main/2022/birds-surveillance/wn-ita-wild-birds-surveillance-2022.csv | github_github.com__fbranda_west-nile/west-nile-main/2017/birds-surveillance/wn-ita-target-birds-surveillance-2017.csv | github_github.com__fbranda_west-nile/west-nile-main/2017/birds-surveillance/wn-ita-wild-birds-surveillance-2017.csv | github_github.com__fbranda_west-nile/west-nile-main/2018/birds-surveillance/wn-ita-wild-birds-surveillance-2018.csv | github_github.com__fbranda_west-nile/west-nile-main/2018/birds-surveillance/wn-ita-target-birds-surveillance-2018.csv | github_github.com__fbranda_west-nile/west-nile-main/2019/birds-surveillance/wn-ita-wild-birds-surveillance-2019.csv | github_github.com__fbranda_west-nile/west-nile-main/2019/birds-surveillance/wn-ita-target-birds-surveillance-2019.csv | github_github.com__fbranda_west-nile/west-nile-main/2023/birds-surveillance/wn-ita-wild-birds-surveillance-2023.csv | github_github.com__fbranda_west-nile/west-nile-main/2023/birds-surveillance/wn-ita-target-birds-surveillance-2023.csv,,ambiguous,lf_007,logical_file,2026-06-16T15:56:09.841011
ann_final_decision,final_decision,,s41597-023-02676-0,,,,,,,,,0.5,,,,article,dataset,2026-06-16T15:56:09.844365
ann_lf_008_grounding,grounding,,s41597-024-03368-z,github_github.com__traitecoevo_APD/APD-master/APD.json | github_github.com__traitecoevo_APD/APD-master/APD.nq | github_github.com__traitecoevo_APD/APD-master/APD.nt | github_github.com__traitecoevo_APD/APD-master/APD.ttl | github_github.com__traitecoevo_APD/APD-master/APD.Rproj | github_github.com__traitecoevo_APD/APD-master/docs/APD.json | github_github.com__traitecoevo_APD/APD-master/docs/APD.nq | github_github.com__traitecoevo_APD/APD-master/docs/APD.nt | github_github.com__traitecoevo_APD/APD-master/docs/APD.ttl | github_github.com__traitecoevo_APD/APD-master/docs/release/2.1.0/APD.json,,,modify_code,,,APD_rdf_serializations,,,github_github.com__traitecoevo_APD/APD-master/APD.json | github_github.com__traitecoevo_APD/APD-master/APD.nq | github_github.com__traitecoevo_APD/APD-master/APD.nt | github_github.com__traitecoevo_APD/APD-master/APD.ttl | github_github.com__traitecoevo_APD/APD-master/APD.Rproj | github_github.com__traitecoevo_APD/APD-master/docs/APD.json | github_github.com__traitecoevo_APD/APD-master/docs/APD.nq | github_github.com__traitecoevo_APD/APD-master/docs/APD.nt | github_github.com__traitecoevo_APD/APD-master/docs/APD.ttl | github_github.com__traitecoevo_APD/APD-master/docs/release/2.1.0/APD.json | github_github.com__traitecoevo_APD/APD-master/docs/release/2.1.0/APD.nq | github_github.com__traitecoevo_APD/APD-master/docs/release/2.1.0/APD.nt | github_github.com__traitecoevo_APD/APD-master/docs/release/2.1.0/APD.ttl | github_github.com__traitecoevo_APD/APD-master/docs/release/2.0.0/APD.json | github_github.com__traitecoevo_APD/APD-master/docs/release/2.0.0/APD.nq | github_github.com__traitecoevo_APD/APD-master/docs/release/2.0.0/APD.nt | github_github.com__traitecoevo_APD/APD-master/docs/release/2.0.0/APD.ttl | github_github.com__traitecoevo_APD/APD-master/docs/release/1.0.0/APD.csv | github_github.com__traitecoevo_APD/APD-master/docs/release/1.0.0/APD.json | github_github.com__traitecoevo_APD/APD-master/docs/release/1.0.0/APD.nq | github_github.com__traitecoevo_APD/APD-master/docs/release/1.0.0/APD.nt | github_github.com__traitecoevo_APD/APD-master/docs/release/1.0.0/APD.ttl | github_github.com__traitecoevo_APD/APD-master/docs/release/1.1.0/APD.csv | github_github.com__traitecoevo_APD/APD-master/docs/release/1.1.0/APD.json | github_github.com__traitecoevo_APD/APD-master/docs/release/1.1.0/APD.nq | github_github.com__traitecoevo_APD/APD-master/docs/release/1.1.0/APD.nt | github_github.com__traitecoevo_APD/APD-master/docs/release/1.1.0/APD.ttl | github_github.com__traitecoevo_APD/APD-master/release/2.1.0/APD.json | github_github.com__traitecoevo_APD/APD-master/release/2.1.0/APD.nq | github_github.com__traitecoevo_APD/APD-master/release/2.1.0/APD.nt | github_github.com__traitecoevo_APD/APD-master/release/2.1.0/APD.ttl | github_github.com__traitecoevo_APD/APD-master/release/2.0.0/APD.json | github_github.com__traitecoevo_APD/APD-master/release/2.0.0/APD.nq | github_github.com__traitecoevo_APD/APD-master/release/2.0.0/APD.nt | github_github.com__traitecoevo_APD/APD-master/release/2.0.0/APD.ttl | github_github.com__traitecoevo_APD/APD-master/release/1.0.0/APD.csv | github_github.com__traitecoevo_APD/APD-master/release/1.0.0/APD.json | github_github.com__traitecoevo_APD/APD-master/release/1.0.0/APD.nq | github_github.com__traitecoevo_APD/APD-master/release/1.0.0/APD.nt | github_github.com__traitecoevo_APD/APD-master/release/1.0.0/APD.ttl | github_github.com__traitecoevo_APD/APD-master/release/1.1.0/APD.csv | github_github.com__traitecoevo_APD/APD-master/release/1.1.0/APD.json | github_github.com__traitecoevo_APD/APD-master/release/1.1.0/APD.nq | github_github.com__traitecoevo_APD/APD-master/release/1.1.0/APD.nt | github_github.com__traitecoevo_APD/APD-master/release/1.1.0/APD.ttl,,ambiguous,lf_008,logical_file,2026-06-16T15:56:10.942761
ann_final_decision,final_decision,,s41597-024-03368-z,,,,,,,,,0.9375,,,,article,dataset,2026-06-16T15:56:10.946738
ann_lf_001_grounding,grounding,,s41597-024-03414-w,github_github.com__OntarioWastewaterSurveillanceConsortium_sars-cov-2-data/sars-cov-2-data-main/CSV/TorontoMetropolitanUniversity/AssayMethod.csv | github_github.com__OntarioWastewaterSurveillanceConsortium_sars-cov-2-data/sars-cov-2-data-main/CSV/Toronto/AssayMethod.csv | github_github.com__OntarioWastewaterSurveillanceConsortium_sars-cov-2-data/sars-cov-2-data-main/CSV/Ottawa/AssayMethod.csv | github_github.com__OntarioWastewaterSurveillanceConsortium_sars-cov-2-data/sars-cov-2-data-main/CSV/Guelph/AssayMethod.csv | github_github.com__OntarioWastewaterSurveillanceConsortium_sars-cov-2-data/sars-cov-2-data-main/CSV/Western/AssayMethod.csv | github_github.com__OntarioWastewaterSurveillanceConsortium_sars-cov-2-data/sars-cov-2-data-main/CSV/Windsor/AssayMethod.csv | github_github.com__OntarioWastewaterSurveillanceConsortium_sars-cov-2-data/sars-cov-2-data-main/CSV/Trent/AssayMethod.csv | github_github.com__OntarioWastewaterSurveillanceConsortium_sars-cov-2-data/sars-cov-2-data-main/CSV/Carleton/AssayMethod.csv | github_github.com__OntarioWastewaterSurveillanceConsortium_sars-cov-2-data/sars-cov-2-data-main/CSV/OnTech/AssayMethod.csv | github_github.com__OntarioWastewaterSurveillanceConsortium_sars-cov-2-data/sars-cov-2-data-main/CSV/McMaster/AssayMethod.csv,,,modify_code,,,AssayMethod,,,github_github.com__OntarioWastewaterSurveillanceConsortium_sars-cov-2-data/sars-cov-2-data-main/CSV/TorontoMetropolitanUniversity/AssayMethod.csv | github_github.com__OntarioWastewaterSurveillanceConsortium_sars-cov-2-data/sars-cov-2-data-main/CSV/Toronto/AssayMethod.csv | github_github.com__OntarioWastewaterSurveillanceConsortium_sars-cov-2-data/sars-cov-2-data-main/CSV/Ottawa/AssayMethod.csv | github_github.com__OntarioWastewaterSurveillanceConsortium_sars-cov-2-data/sars-cov-2-data-main/CSV/Guelph/AssayMethod.csv | github_github.com__OntarioWastewaterSurveillanceConsortium_sars-cov-2-data/sars-cov-2-data-main/CSV/Western/AssayMethod.csv | github_github.com__OntarioWastewaterSurveillanceConsortium_sars-cov-2-data/sars-cov-2-data-main/CSV/Windsor/AssayMethod.csv | github_github.com__OntarioWastewaterSurveillanceConsortium_sars-cov-2-data/sars-cov-2-data-main/CSV/Trent/AssayMethod.csv | github_github.com__OntarioWastewaterSurveillanceConsortium_sars-cov-2-data/sars-cov-2-data-main/CSV/Carleton/AssayMethod.csv | github_github.com__OntarioWastewaterSurveillanceConsortium_sars-cov-2-data/sars-cov-2-data-main/CSV/OnTech/AssayMethod.csv | github_github.com__OntarioWastewaterSurveillanceConsortium_sars-cov-2-data/sars-cov-2-data-main/CSV/McMaster/AssayMethod.csv | github_github.com__OntarioWastewaterSurveillanceConsortium_sars-cov-2-data/sars-cov-2-data-main/CSV/Queens/AssayMethod.csv | github_github.com__OntarioWastewaterSurveillanceConsortium_sars-cov-2-data/sars-cov-2-data-main/CSV/HSNRI/AssayMethod.csv | github_github.com__OntarioWastewaterSurveillanceConsortium_sars-cov-2-data/sars-cov-2-data-main/CSV/Waterloo/AssayMethod.csv,,ambiguous,lf_001,logical_file,2026-06-16T15:56:12.133110
ann_lf_002_grounding,grounding,,s41597-024-03414-w,github_github.com__OntarioWastewaterSurveillanceConsortium_sars-cov-2-data/sars-cov-2-data-main/CSV/TorontoMetropolitanUniversity/Instrument.csv | github_github.com__OntarioWastewaterSurveillanceConsortium_sars-cov-2-data/sars-cov-2-data-main/CSV/Toronto/Instrument.csv | github_github.com__OntarioWastewaterSurveillanceConsortium_sars-cov-2-data/sars-cov-2-data-main/CSV/Ottawa/Instrument.csv | github_github.com__OntarioWastewaterSurveillanceConsortium_sars-cov-2-data/sars-cov-2-data-main/CSV/Guelph/Instrument.csv | github_github.com__OntarioWastewaterSurveillanceConsortium_sars-cov-2-data/sars-cov-2-data-main/CSV/Western/Instrument.csv | github_github.com__OntarioWastewaterSurveillanceConsortium_sars-cov-2-data/sars-cov-2-data-main/CSV/Windsor/Instrument.csv | github_github.com__OntarioWastewaterSurveillanceConsortium_sars-cov-2-data/sars-cov-2-data-main/CSV/Trent/Instrument.csv | github_github.com__OntarioWastewaterSurveillanceConsortium_sars-cov-2-data/sars-cov-2-data-main/CSV/Carleton/Instrument.csv | github_github.com__OntarioWastewaterSurveillanceConsortium_sars-cov-2-data/sars-cov-2-data-main/CSV/OnTech/Instrument.csv | github_github.com__OntarioWastewaterSurveillanceConsortium_sars-cov-2-data/sars-cov-2-data-main/CSV/McMaster/Instrument.csv,,,modify_code,,,Instrument,,,github_github.com__OntarioWastewaterSurveillanceConsortium_sars-cov-2-data/sars-cov-2-data-main/CSV/TorontoMetropolitanUniversity/Instrument.csv | github_github.com__OntarioWastewaterSurveillanceConsortium_sars-cov-2-data/sars-cov-2-data-main/CSV/Toronto/Instrument.csv | github_github.com__OntarioWastewaterSurveillanceConsortium_sars-cov-2-data/sars-cov-2-data-main/CSV/Ottawa/Instrument.csv | github_github.com__OntarioWastewaterSurveillanceConsortium_sars-cov-2-data/sars-cov-2-data-main/CSV/Guelph/Instrument.csv | github_github.com__OntarioWastewaterSurveillanceConsortium_sars-cov-2-data/sars-cov-2-data-main/CSV/Western/Instrument.csv | github_github.com__OntarioWastewaterSurveillanceConsortium_sars-cov-2-data/sars-cov-2-data-main/CSV/Windsor/Instrument.csv | github_github.com__OntarioWastewaterSurveillanceConsortium_sars-cov-2-data/sars-cov-2-data-main/CSV/Trent/Instrument.csv | github_github.com__OntarioWastewaterSurveillanceConsortium_sars-cov-2-data/sars-cov-2-data-main/CSV/Carleton/Instrument.csv | github_github.com__OntarioWastewaterSurveillanceConsortium_sars-cov-2-data/sars-cov-2-data-main/CSV/OnTech/Instrument.csv | github_github.com__OntarioWastewaterSurveillanceConsortium_sars-cov-2-data/sars-cov-2-data-main/CSV/McMaster/Instrument.csv | github_github.com__OntarioWastewaterSurveillanceConsortium_sars-cov-2-data/sars-cov-2-data-main/CSV/Queens/Instrument.csv | github_github.com__OntarioWastewaterSurveillanceConsortium_sars-cov-2-data/sars-cov-2-data-main/CSV/HSNRI/Instrument.csv | github_github.com__OntarioWastewaterSurveillanceConsortium_sars-cov-2-data/sars-cov-2-data-main/CSV/Waterloo/Instrument.csv,,ambiguous,lf_002,logical_file,2026-06-16T15:56:12.137347
ann_lf_003_grounding,grounding,,s41597-024-03414-w,github_github.com__OntarioWastewaterSurveillanceConsortium_sars-cov-2-data/sars-cov-2-data-main/CSV/TorontoMetropolitanUniversity/Lab.csv | github_github.com__OntarioWastewaterSurveillanceConsortium_sars-cov-2-data/sars-cov-2-data-main/CSV/Toronto/Lab.csv | github_github.com__OntarioWastewaterSurveillanceConsortium_sars-cov-2-data/sars-cov-2-data-main/CSV/Ottawa/Lab.csv | github_github.com__OntarioWastewaterSurveillanceConsortium_sars-cov-2-data/sars-cov-2-data-main/CSV/Guelph/Lab.csv | github_github.com__OntarioWastewaterSurveillanceConsortium_sars-cov-2-data/sars-cov-2-data-main/CSV/Western/Lab.csv | github_github.com__OntarioWastewaterSurveillanceConsortium_sars-cov-2-data/sars-cov-2-data-main/CSV/Windsor/Lab.csv | github_github.com__OntarioWastewaterSurveillanceConsortium_sars-cov-2-data/sars-cov-2-data-main/CSV/Trent/Lab.csv | github_github.com__OntarioWastewaterSurveillanceConsortium_sars-cov-2-data/sars-cov-2-data-main/CSV/Carleton/Lab.csv | github_github.com__OntarioWastewaterSurveillanceConsortium_sars-cov-2-data/sars-cov-2-data-main/CSV/OnTech/Lab.csv | github_github.com__OntarioWastewaterSurveillanceConsortium_sars-cov-2-data/sars-cov-2-data-main/CSV/McMaster/Lab.csv,,,modify_code,,,Lab,,,github_github.com__OntarioWastewaterSurveillanceConsortium_sars-cov-2-data/sars-cov-2-data-main/CSV/TorontoMetropolitanUniversity/Lab.csv | github_github.com__OntarioWastewaterSurveillanceConsortium_sars-cov-2-data/sars-cov-2-data-main/CSV/Toronto/Lab.csv | github_github.com__OntarioWastewaterSurveillanceConsortium_sars-cov-2-data/sars-cov-2-data-main/CSV/Ottawa/Lab.csv | github_github.com__OntarioWastewaterSurveillanceConsortium_sars-cov-2-data/sars-cov-2-data-main/CSV/Guelph/Lab.csv | github_github.com__OntarioWastewaterSurveillanceConsortium_sars-cov-2-data/sars-cov-2-data-main/CSV/Western/Lab.csv | github_github.com__OntarioWastewaterSurveillanceConsortium_sars-cov-2-data/sars-cov-2-data-main/CSV/Windsor/Lab.csv | github_github.com__OntarioWastewaterSurveillanceConsortium_sars-cov-2-data/sars-cov-2-data-main/CSV/Trent/Lab.csv | github_github.com__OntarioWastewaterSurveillanceConsortium_sars-cov-2-data/sars-cov-2-data-main/CSV/Carleton/Lab.csv | github_github.com__OntarioWastewaterSurveillanceConsortium_sars-cov-2-data/sars-cov-2-data-main/CSV/OnTech/Lab.csv | github_github.com__OntarioWastewaterSurveillanceConsortium_sars-cov-2-data/sars-cov-2-data-main/CSV/McMaster/Lab.csv | github_github.com__OntarioWastewaterSurveillanceConsortium_sars-cov-2-data/sars-cov-2-data-main/CSV/Queens/Lab.csv | github_github.com__OntarioWastewaterSurveillanceConsortium_sars-cov-2-data/sars-cov-2-data-main/CSV/HSNRI/Lab.csv | github_github.com__OntarioWastewaterSurveillanceConsortium_sars-cov-2-data/sars-cov-2-data-main/CSV/Waterloo/Lab.csv,,ambiguous,lf_003,logical_file,2026-06-16T15:56:12.141589
ann_lf_004_grounding,grounding,,s41597-024-03414-w,github_github.com__OntarioWastewaterSurveillanceConsortium_sars-cov-2-data/sars-cov-2-data-main/CSV/TorontoMetropolitanUniversity/Sample.csv | github_github.com__OntarioWastewaterSurveillanceConsortium_sars-cov-2-data/sars-cov-2-data-main/CSV/Toronto/Sample.csv | github_github.com__OntarioWastewaterSurveillanceConsortium_sars-cov-2-data/sars-cov-2-data-main/CSV/Ottawa/Sample.csv | github_github.com__OntarioWastewaterSurveillanceConsortium_sars-cov-2-data/sars-cov-2-data-main/CSV/Guelph/Sample.csv | github_github.com__OntarioWastewaterSurveillanceConsortium_sars-cov-2-data/sars-cov-2-data-main/CSV/Western/Sample.csv | github_github.com__OntarioWastewaterSurveillanceConsortium_sars-cov-2-data/sars-cov-2-data-main/CSV/Windsor/Sample.csv | github_github.com__OntarioWastewaterSurveillanceConsortium_sars-cov-2-data/sars-cov-2-data-main/CSV/Trent/Sample.csv | github_github.com__OntarioWastewaterSurveillanceConsortium_sars-cov-2-data/sars-cov-2-data-main/CSV/Carleton/Sample.csv | github_github.com__OntarioWastewaterSurveillanceConsortium_sars-cov-2-data/sars-cov-2-data-main/CSV/OnTech/Sample.csv | github_github.com__OntarioWastewaterSurveillanceConsortium_sars-cov-2-data/sars-cov-2-data-main/CSV/McMaster/Sample.csv,,,modify_code,,,Sample,,,github_github.com__OntarioWastewaterSurveillanceConsortium_sars-cov-2-data/sars-cov-2-data-main/CSV/TorontoMetropolitanUniversity/Sample.csv | github_github.com__OntarioWastewaterSurveillanceConsortium_sars-cov-2-data/sars-cov-2-data-main/CSV/Toronto/Sample.csv | github_github.com__OntarioWastewaterSurveillanceConsortium_sars-cov-2-data/sars-cov-2-data-main/CSV/Ottawa/Sample.csv | github_github.com__OntarioWastewaterSurveillanceConsortium_sars-cov-2-data/sars-cov-2-data-main/CSV/Guelph/Sample.csv | github_github.com__OntarioWastewaterSurveillanceConsortium_sars-cov-2-data/sars-cov-2-data-main/CSV/Western/Sample.csv | github_github.com__OntarioWastewaterSurveillanceConsortium_sars-cov-2-data/sars-cov-2-data-main/CSV/Windsor/Sample.csv | github_github.com__OntarioWastewaterSurveillanceConsortium_sars-cov-2-data/sars-cov-2-data-main/CSV/Trent/Sample.csv | github_github.com__OntarioWastewaterSurveillanceConsortium_sars-cov-2-data/sars-cov-2-data-main/CSV/Carleton/Sample.csv | github_github.com__OntarioWastewaterSurveillanceConsortium_sars-cov-2-data/sars-cov-2-data-main/CSV/OnTech/Sample.csv | github_github.com__OntarioWastewaterSurveillanceConsortium_sars-cov-2-data/sars-cov-2-data-main/CSV/McMaster/Sample.csv | github_github.com__OntarioWastewaterSurveillanceConsortium_sars-cov-2-data/sars-cov-2-data-main/CSV/Queens/Sample.csv | github_github.com__OntarioWastewaterSurveillanceConsortium_sars-cov-2-data/sars-cov-2-data-main/CSV/HSNRI/Sample.csv | github_github.com__OntarioWastewaterSurveillanceConsortium_sars-cov-2-data/sars-cov-2-data-main/CSV/Waterloo/Sample.csv,,ambiguous,lf_004,logical_file,2026-06-16T15:56:12.145580
ann_lf_005_grounding,grounding,,s41597-024-03414-w,github_github.com__OntarioWastewaterSurveillanceConsortium_sars-cov-2-data/sars-cov-2-data-main/CSV/TorontoMetropolitanUniversity/Site.csv | github_github.com__OntarioWastewaterSurveillanceConsortium_sars-cov-2-data/sars-cov-2-data-main/CSV/Toronto/Site.csv | github_github.com__OntarioWastewaterSurveillanceConsortium_sars-cov-2-data/sars-cov-2-data-main/CSV/Ottawa/Site.csv | github_github.com__OntarioWastewaterSurveillanceConsortium_sars-cov-2-data/sars-cov-2-data-main/CSV/Guelph/Site.csv | github_github.com__OntarioWastewaterSurveillanceConsortium_sars-cov-2-data/sars-cov-2-data-main/CSV/Western/Site.csv | github_github.com__OntarioWastewaterSurveillanceConsortium_sars-cov-2-data/sars-cov-2-data-main/CSV/Windsor/Site.csv | github_github.com__OntarioWastewaterSurveillanceConsortium_sars-cov-2-data/sars-cov-2-data-main/CSV/Trent/Site.csv | github_github.com__OntarioWastewaterSurveillanceConsortium_sars-cov-2-data/sars-cov-2-data-main/CSV/Carleton/Site.csv | github_github.com__OntarioWastewaterSurveillanceConsortium_sars-cov-2-data/sars-cov-2-data-main/CSV/OnTech/Site.csv | github_github.com__OntarioWastewaterSurveillanceConsortium_sars-cov-2-data/sars-cov-2-data-main/CSV/McMaster/Site.csv,,,modify_code,,,Site,,,github_github.com__OntarioWastewaterSurveillanceConsortium_sars-cov-2-data/sars-cov-2-data-main/CSV/TorontoMetropolitanUniversity/Site.csv | github_github.com__OntarioWastewaterSurveillanceConsortium_sars-cov-2-data/sars-cov-2-data-main/CSV/Toronto/Site.csv | github_github.com__OntarioWastewaterSurveillanceConsortium_sars-cov-2-data/sars-cov-2-data-main/CSV/Ottawa/Site.csv | github_github.com__OntarioWastewaterSurveillanceConsortium_sars-cov-2-data/sars-cov-2-data-main/CSV/Guelph/Site.csv | github_github.com__OntarioWastewaterSurveillanceConsortium_sars-cov-2-data/sars-cov-2-data-main/CSV/Western/Site.csv | github_github.com__OntarioWastewaterSurveillanceConsortium_sars-cov-2-data/sars-cov-2-data-main/CSV/Windsor/Site.csv | github_github.com__OntarioWastewaterSurveillanceConsortium_sars-cov-2-data/sars-cov-2-data-main/CSV/Trent/Site.csv | github_github.com__OntarioWastewaterSurveillanceConsortium_sars-cov-2-data/sars-cov-2-data-main/CSV/Carleton/Site.csv | github_github.com__OntarioWastewaterSurveillanceConsortium_sars-cov-2-data/sars-cov-2-data-main/CSV/OnTech/Site.csv | github_github.com__OntarioWastewaterSurveillanceConsortium_sars-cov-2-data/sars-cov-2-data-main/CSV/McMaster/Site.csv | github_github.com__OntarioWastewaterSurveillanceConsortium_sars-cov-2-data/sars-cov-2-data-main/CSV/Queens/Site.csv | github_github.com__OntarioWastewaterSurveillanceConsortium_sars-cov-2-data/sars-cov-2-data-main/CSV/HSNRI/Site.csv | github_github.com__OntarioWastewaterSurveillanceConsortium_sars-cov-2-data/sars-cov-2-data-main/CSV/Waterloo/Site.csv,,ambiguous,lf_005,logical_file,2026-06-16T15:56:12.149536
ann_lf_006_grounding,grounding,,s41597-024-03414-w,github_github.com__OntarioWastewaterSurveillanceConsortium_sars-cov-2-data/sars-cov-2-data-main/CSV/TorontoMetropolitanUniversity/SiteMeasure.csv | github_github.com__OntarioWastewaterSurveillanceConsortium_sars-cov-2-data/sars-cov-2-data-main/CSV/Toronto/SiteMeasure.csv | github_github.com__OntarioWastewaterSurveillanceConsortium_sars-cov-2-data/sars-cov-2-data-main/CSV/Ottawa/SiteMeasure.csv | github_github.com__OntarioWastewaterSurveillanceConsortium_sars-cov-2-data/sars-cov-2-data-main/CSV/Guelph/SiteMeasure.csv | github_github.com__OntarioWastewaterSurveillanceConsortium_sars-cov-2-data/sars-cov-2-data-main/CSV/Western/SiteMeasure.csv | github_github.com__OntarioWastewaterSurveillanceConsortium_sars-cov-2-data/sars-cov-2-data-main/CSV/Windsor/SiteMeasure.csv | github_github.com__OntarioWastewaterSurveillanceConsortium_sars-cov-2-data/sars-cov-2-data-main/CSV/Trent/SiteMeasure.csv | github_github.com__OntarioWastewaterSurveillanceConsortium_sars-cov-2-data/sars-cov-2-data-main/CSV/Carleton/SiteMeasure.csv | github_github.com__OntarioWastewaterSurveillanceConsortium_sars-cov-2-data/sars-cov-2-data-main/CSV/OnTech/SiteMeasure.csv | github_github.com__OntarioWastewaterSurveillanceConsortium_sars-cov-2-data/sars-cov-2-data-main/CSV/McMaster/SiteMeasure.csv,,,modify_code,,,SiteMeasure,,,github_github.com__OntarioWastewaterSurveillanceConsortium_sars-cov-2-data/sars-cov-2-data-main/CSV/TorontoMetropolitanUniversity/SiteMeasure.csv | github_github.com__OntarioWastewaterSurveillanceConsortium_sars-cov-2-data/sars-cov-2-data-main/CSV/Toronto/SiteMeasure.csv | github_github.com__OntarioWastewaterSurveillanceConsortium_sars-cov-2-data/sars-cov-2-data-main/CSV/Ottawa/SiteMeasure.csv | github_github.com__OntarioWastewaterSurveillanceConsortium_sars-cov-2-data/sars-cov-2-data-main/CSV/Guelph/SiteMeasure.csv | github_github.com__OntarioWastewaterSurveillanceConsortium_sars-cov-2-data/sars-cov-2-data-main/CSV/Western/SiteMeasure.csv | github_github.com__OntarioWastewaterSurveillanceConsortium_sars-cov-2-data/sars-cov-2-data-main/CSV/Windsor/SiteMeasure.csv | github_github.com__OntarioWastewaterSurveillanceConsortium_sars-cov-2-data/sars-cov-2-data-main/CSV/Trent/SiteMeasure.csv | github_github.com__OntarioWastewaterSurveillanceConsortium_sars-cov-2-data/sars-cov-2-data-main/CSV/Carleton/SiteMeasure.csv | github_github.com__OntarioWastewaterSurveillanceConsortium_sars-cov-2-data/sars-cov-2-data-main/CSV/OnTech/SiteMeasure.csv | github_github.com__OntarioWastewaterSurveillanceConsortium_sars-cov-2-data/sars-cov-2-data-main/CSV/McMaster/SiteMeasure.csv | github_github.com__OntarioWastewaterSurveillanceConsortium_sars-cov-2-data/sars-cov-2-data-main/CSV/Queens/SiteMeasure.csv | github_github.com__OntarioWastewaterSurveillanceConsortium_sars-cov-2-data/sars-cov-2-data-main/CSV/HSNRI/SiteMeasure.csv | github_github.com__OntarioWastewaterSurveillanceConsortium_sars-cov-2-data/sars-cov-2-data-main/CSV/Waterloo/SiteMeasure.csv,,ambiguous,lf_006,logical_file,2026-06-16T15:56:12.153499
ann_lf_007_grounding,grounding,,s41597-024-03414-w,github_github.com__OntarioWastewaterSurveillanceConsortium_sars-cov-2-data/sars-cov-2-data-main/CSV/TorontoMetropolitanUniversity/WWMeasure.csv | github_github.com__OntarioWastewaterSurveillanceConsortium_sars-cov-2-data/sars-cov-2-data-main/CSV/Toronto/WWMeasure.csv | github_github.com__OntarioWastewaterSurveillanceConsortium_sars-cov-2-data/sars-cov-2-data-main/CSV/Ottawa/WWMeasure.csv | github_github.com__OntarioWastewaterSurveillanceConsortium_sars-cov-2-data/sars-cov-2-data-main/CSV/Guelph/WWMeasure.csv | github_github.com__OntarioWastewaterSurveillanceConsortium_sars-cov-2-data/sars-cov-2-data-main/CSV/Western/WWMeasure.csv | github_github.com__OntarioWastewaterSurveillanceConsortium_sars-cov-2-data/sars-cov-2-data-main/CSV/Windsor/WWMeasure.csv | github_github.com__OntarioWastewaterSurveillanceConsortium_sars-cov-2-data/sars-cov-2-data-main/CSV/Trent/WWMeasure.csv | github_github.com__OntarioWastewaterSurveillanceConsortium_sars-cov-2-data/sars-cov-2-data-main/CSV/Carleton/WWMeasure.csv | github_github.com__OntarioWastewaterSurveillanceConsortium_sars-cov-2-data/sars-cov-2-data-main/CSV/OnTech/WWMeasure.csv | github_github.com__OntarioWastewaterSurveillanceConsortium_sars-cov-2-data/sars-cov-2-data-main/CSV/McMaster/WWMeasure.csv,,,modify_code,,,WWMeasure,,,github_github.com__OntarioWastewaterSurveillanceConsortium_sars-cov-2-data/sars-cov-2-data-main/CSV/TorontoMetropolitanUniversity/WWMeasure.csv | github_github.com__OntarioWastewaterSurveillanceConsortium_sars-cov-2-data/sars-cov-2-data-main/CSV/Toronto/WWMeasure.csv | github_github.com__OntarioWastewaterSurveillanceConsortium_sars-cov-2-data/sars-cov-2-data-main/CSV/Ottawa/WWMeasure.csv | github_github.com__OntarioWastewaterSurveillanceConsortium_sars-cov-2-data/sars-cov-2-data-main/CSV/Guelph/WWMeasure.csv | github_github.com__OntarioWastewaterSurveillanceConsortium_sars-cov-2-data/sars-cov-2-data-main/CSV/Western/WWMeasure.csv | github_github.com__OntarioWastewaterSurveillanceConsortium_sars-cov-2-data/sars-cov-2-data-main/CSV/Windsor/WWMeasure.csv | github_github.com__OntarioWastewaterSurveillanceConsortium_sars-cov-2-data/sars-cov-2-data-main/CSV/Trent/WWMeasure.csv | github_github.com__OntarioWastewaterSurveillanceConsortium_sars-cov-2-data/sars-cov-2-data-main/CSV/Carleton/WWMeasure.csv | github_github.com__OntarioWastewaterSurveillanceConsortium_sars-cov-2-data/sars-cov-2-data-main/CSV/OnTech/WWMeasure.csv | github_github.com__OntarioWastewaterSurveillanceConsortium_sars-cov-2-data/sars-cov-2-data-main/CSV/McMaster/WWMeasure.csv | github_github.com__OntarioWastewaterSurveillanceConsortium_sars-cov-2-data/sars-cov-2-data-main/CSV/Queens/WWMeasure.csv | github_github.com__OntarioWastewaterSurveillanceConsortium_sars-cov-2-data/sars-cov-2-data-main/CSV/HSNRI/WWMeasure.csv | github_github.com__OntarioWastewaterSurveillanceConsortium_sars-cov-2-data/sars-cov-2-data-main/CSV/Waterloo/WWMeasure.csv,,ambiguous,lf_007,logical_file,2026-06-16T15:56:12.157478
ann_lf_008_grounding,grounding,,s41597-024-03414-w,github_github.com__OntarioWastewaterSurveillanceConsortium_sars-cov-2-data/sars-cov-2-data-main/CSV/TorontoMetropolitanUniversity/Reporter.csv | github_github.com__OntarioWastewaterSurveillanceConsortium_sars-cov-2-data/sars-cov-2-data-main/CSV/Toronto/Reporter.csv | github_github.com__OntarioWastewaterSurveillanceConsortium_sars-cov-2-data/sars-cov-2-data-main/CSV/Ottawa/Reporter.csv | github_github.com__OntarioWastewaterSurveillanceConsortium_sars-cov-2-data/sars-cov-2-data-main/CSV/Guelph/Reporter.csv | github_github.com__OntarioWastewaterSurveillanceConsortium_sars-cov-2-data/sars-cov-2-data-main/CSV/Western/Reporter.csv | github_github.com__OntarioWastewaterSurveillanceConsortium_sars-cov-2-data/sars-cov-2-data-main/CSV/Windsor/Reporter.csv | github_github.com__OntarioWastewaterSurveillanceConsortium_sars-cov-2-data/sars-cov-2-data-main/CSV/Trent/Reporter.csv | github_github.com__OntarioWastewaterSurveillanceConsortium_sars-cov-2-data/sars-cov-2-data-main/CSV/Carleton/Reporter.csv | github_github.com__OntarioWastewaterSurveillanceConsortium_sars-cov-2-data/sars-cov-2-data-main/CSV/OnTech/Reporter.csv | github_github.com__OntarioWastewaterSurveillanceConsortium_sars-cov-2-data/sars-cov-2-data-main/CSV/McMaster/Reporter.csv,,,modify_code,,,Reporter,,,github_github.com__OntarioWastewaterSurveillanceConsortium_sars-cov-2-data/sars-cov-2-data-main/CSV/TorontoMetropolitanUniversity/Reporter.csv | github_github.com__OntarioWastewaterSurveillanceConsortium_sars-cov-2-data/sars-cov-2-data-main/CSV/Toronto/Reporter.csv | github_github.com__OntarioWastewaterSurveillanceConsortium_sars-cov-2-data/sars-cov-2-data-main/CSV/Ottawa/Reporter.csv | github_github.com__OntarioWastewaterSurveillanceConsortium_sars-cov-2-data/sars-cov-2-data-main/CSV/Guelph/Reporter.csv | github_github.com__OntarioWastewaterSurveillanceConsortium_sars-cov-2-data/sars-cov-2-data-main/CSV/Western/Reporter.csv | github_github.com__OntarioWastewaterSurveillanceConsortium_sars-cov-2-data/sars-cov-2-data-main/CSV/Windsor/Reporter.csv | github_github.com__OntarioWastewaterSurveillanceConsortium_sars-cov-2-data/sars-cov-2-data-main/CSV/Trent/Reporter.csv | github_github.com__OntarioWastewaterSurveillanceConsortium_sars-cov-2-data/sars-cov-2-data-main/CSV/Carleton/Reporter.csv | github_github.com__OntarioWastewaterSurveillanceConsortium_sars-cov-2-data/sars-cov-2-data-main/CSV/OnTech/Reporter.csv | github_github.com__OntarioWastewaterSurveillanceConsortium_sars-cov-2-data/sars-cov-2-data-main/CSV/McMaster/Reporter.csv | github_github.com__OntarioWastewaterSurveillanceConsortium_sars-cov-2-data/sars-cov-2-data-main/CSV/Queens/Reporter.csv | github_github.com__OntarioWastewaterSurveillanceConsortium_sars-cov-2-data/sars-cov-2-data-main/CSV/HSNRI/Reporter.csv | github_github.com__OntarioWastewaterSurveillanceConsortium_sars-cov-2-data/sars-cov-2-data-main/CSV/Waterloo/Reporter.csv,,ambiguous,lf_008,logical_file,2026-06-16T15:56:12.161549
ann_final_decision,final_decision,,s41597-024-03414-w,,,,,,,,,0.5,,,,article,dataset,2026-06-16T15:56:12.164930
ann_lf_007_grounding,grounding,,s41597-024-04232-w,github_github.com__j-adamczyk_ApisTox_dataset/ApisTox_dataset-master/outputs/splits/maxmin_train.csv | github_github.com__j-adamczyk_ApisTox_dataset/ApisTox_dataset-master/outputs/splits/random_train.csv | github_github.com__j-adamczyk_ApisTox_dataset/ApisTox_dataset-master/outputs/splits/maxmin_test.csv | github_github.com__j-adamczyk_ApisTox_dataset/ApisTox_dataset-master/outputs/splits/time_test.csv | github_github.com__j-adamczyk_ApisTox_dataset/ApisTox_dataset-master/outputs/splits/random_test.csv | github_github.com__j-adamczyk_ApisTox_dataset/ApisTox_dataset-master/outputs/splits/time_train.csv | github_github.com__j-adamczyk_ApisTox_dataset/ApisTox_dataset-master/other_sources/beetox_ai_raw_smiles.csv | github_github.com__j-adamczyk_ApisTox_dataset/ApisTox_dataset-master/other_sources/crop_csm_apis_raw_data.csv | github_github.com__j-adamczyk_ApisTox_dataset/ApisTox_dataset-master/other_sources/beetox_raw_data.csv | github_github.com__j-adamczyk_ApisTox_dataset/ApisTox_dataset-master/other_sources/beetox_ai_annotated_molecules.csv,,,modify_code,,,train_test_splits,,,github_github.com__j-adamczyk_ApisTox_dataset/ApisTox_dataset-master/outputs/splits/maxmin_train.csv | github_github.com__j-adamczyk_ApisTox_dataset/ApisTox_dataset-master/outputs/splits/random_train.csv | github_github.com__j-adamczyk_ApisTox_dataset/ApisTox_dataset-master/outputs/splits/maxmin_test.csv | github_github.com__j-adamczyk_ApisTox_dataset/ApisTox_dataset-master/outputs/splits/time_test.csv | github_github.com__j-adamczyk_ApisTox_dataset/ApisTox_dataset-master/outputs/splits/random_test.csv | github_github.com__j-adamczyk_ApisTox_dataset/ApisTox_dataset-master/outputs/splits/time_train.csv,,ambiguous,lf_007,logical_file,2026-06-16T15:56:13.371013
ann_final_decision,final_decision,,s41597-024-04232-w,,,,,,,,,0.9375,,,,article,dataset,2026-06-16T15:56:13.374512
ann_lf_001_grounding,grounding,,s41597-025-05156-9,github_github.com__LLMWorldOfWords_LWOW/LWOW-main/readme_images/LWOW Logo.jpg | github_github.com__LLMWorldOfWords_LWOW/LWOW-main/reproducibility/data/mapping_tables/country.csv | github_github.com__LLMWorldOfWords_LWOW/LWOW-main/reproducibility/data/LDT_analyses/LDT_primes.csv | github_github.com__LLMWorldOfWords_LWOW/LWOW-main/reproducibility/data/LDT_analyses/gender_primes.csv | github_github.com__LLMWorldOfWords_LWOW/LWOW-main/reproducibility/data/LDT_analyses/gender_targets.csv | github_github.com__LLMWorldOfWords_LWOW/LWOW-main/reproducibility/data/LDT_analyses/LDT_50_triplets.csv | github_github.com__LLMWorldOfWords_LWOW/LWOW-main/reproducibility/data/LDT_analyses/FA_matrices/Haiku_LDT.csv | github_github.com__LLMWorldOfWords_LWOW/LWOW-main/reproducibility/data/LDT_analyses/FA_matrices/Mistral_LDT.csv | github_github.com__LLMWorldOfWords_LWOW/LWOW-main/reproducibility/data/LDT_analyses/FA_matrices/Humans_gender.csv | github_github.com__LLMWorldOfWords_LWOW/LWOW-main/reproducibility/data/LDT_analyses/FA_matrices/Llama3_LDT.csv,,,needs_second_review,,,LLM Free Association Responses,,,github_github.com__LLMWorldOfWords_LWOW/LWOW-main/readme_images/LWOW Logo.jpg,,weak_match,lf_001,logical_file,2026-06-16T15:56:14.383543
ann_lf_002_grounding,grounding,,s41597-025-05156-9,github_github.com__LLMWorldOfWords_LWOW/LWOW-main/reproducibility/data/mapping_tables/country.csv | github_github.com__LLMWorldOfWords_LWOW/LWOW-main/reproducibility/data/LDT_analyses/LDT_primes.csv | github_github.com__LLMWorldOfWords_LWOW/LWOW-main/reproducibility/data/LDT_analyses/gender_primes.csv | github_github.com__LLMWorldOfWords_LWOW/LWOW-main/reproducibility/data/LDT_analyses/gender_targets.csv | github_github.com__LLMWorldOfWords_LWOW/LWOW-main/reproducibility/data/LDT_analyses/LDT_50_triplets.csv | github_github.com__LLMWorldOfWords_LWOW/LWOW-main/reproducibility/data/LDT_analyses/FA_matrices/Haiku_LDT.csv | github_github.com__LLMWorldOfWords_LWOW/LWOW-main/reproducibility/data/LDT_analyses/FA_matrices/Mistral_LDT.csv | github_github.com__LLMWorldOfWords_LWOW/LWOW-main/reproducibility/data/LDT_analyses/FA_matrices/Humans_gender.csv | github_github.com__LLMWorldOfWords_LWOW/LWOW-main/reproducibility/data/LDT_analyses/FA_matrices/Llama3_LDT.csv | github_github.com__LLMWorldOfWords_LWOW/LWOW-main/reproducibility/data/LDT_analyses/FA_matrices/Llama3_gender.csv,,,needs_second_review,,,Semantic Network Edge Lists,,,,,missing,lf_002,logical_file,2026-06-16T15:56:14.387401
ann_lf_003_grounding,grounding,,s41597-025-05156-9,github_github.com__LLMWorldOfWords_LWOW/LWOW-main/reproducibility/data/mapping_tables/country.csv | github_github.com__LLMWorldOfWords_LWOW/LWOW-main/reproducibility/data/LDT_analyses/LDT_primes.csv | github_github.com__LLMWorldOfWords_LWOW/LWOW-main/reproducibility/data/LDT_analyses/gender_primes.csv | github_github.com__LLMWorldOfWords_LWOW/LWOW-main/reproducibility/data/LDT_analyses/gender_targets.csv | github_github.com__LLMWorldOfWords_LWOW/LWOW-main/reproducibility/data/LDT_analyses/LDT_50_triplets.csv | github_github.com__LLMWorldOfWords_LWOW/LWOW-main/reproducibility/data/LDT_analyses/FA_matrices/Haiku_LDT.csv | github_github.com__LLMWorldOfWords_LWOW/LWOW-main/reproducibility/data/LDT_analyses/FA_matrices/Mistral_LDT.csv | github_github.com__LLMWorldOfWords_LWOW/LWOW-main/reproducibility/data/LDT_analyses/FA_matrices/Humans_gender.csv | github_github.com__LLMWorldOfWords_LWOW/LWOW-main/reproducibility/data/LDT_analyses/FA_matrices/Llama3_LDT.csv | github_github.com__LLMWorldOfWords_LWOW/LWOW-main/reproducibility/data/LDT_analyses/FA_matrices/Llama3_gender.csv,,,needs_second_review,,,Human Free Association Norms (SWOW),,,,,missing,lf_003,logical_file,2026-06-16T15:56:14.391925
ann_lf_004_grounding,grounding,,s41597-025-05156-9,github_github.com__LLMWorldOfWords_LWOW/LWOW-main/reproducibility/data/mapping_tables/country.csv | github_github.com__LLMWorldOfWords_LWOW/LWOW-main/reproducibility/data/LDT_analyses/LDT_primes.csv | github_github.com__LLMWorldOfWords_LWOW/LWOW-main/reproducibility/data/LDT_analyses/gender_primes.csv | github_github.com__LLMWorldOfWords_LWOW/LWOW-main/reproducibility/data/LDT_analyses/gender_targets.csv | github_github.com__LLMWorldOfWords_LWOW/LWOW-main/reproducibility/data/LDT_analyses/LDT_50_triplets.csv | github_github.com__LLMWorldOfWords_LWOW/LWOW-main/reproducibility/data/LDT_analyses/FA_matrices/Haiku_LDT.csv | github_github.com__LLMWorldOfWords_LWOW/LWOW-main/reproducibility/data/LDT_analyses/FA_matrices/Mistral_LDT.csv | github_github.com__LLMWorldOfWords_LWOW/LWOW-main/reproducibility/data/LDT_analyses/FA_matrices/Humans_gender.csv | github_github.com__LLMWorldOfWords_LWOW/LWOW-main/reproducibility/data/LDT_analyses/FA_matrices/Llama3_LDT.csv | github_github.com__LLMWorldOfWords_LWOW/LWOW-main/reproducibility/data/LDT_analyses/FA_matrices/Llama3_gender.csv,,,needs_second_review,,,Processed Human Dataset,,,,,missing,lf_004,logical_file,2026-06-16T15:56:14.397435
ann_lf_005_grounding,grounding,,s41597-025-05156-9,github_github.com__LLMWorldOfWords_LWOW/LWOW-main/reproducibility/data/mapping_tables/country.csv | github_github.com__LLMWorldOfWords_LWOW/LWOW-main/reproducibility/data/LDT_analyses/LDT_primes.csv | github_github.com__LLMWorldOfWords_LWOW/LWOW-main/reproducibility/data/LDT_analyses/gender_primes.csv | github_github.com__LLMWorldOfWords_LWOW/LWOW-main/reproducibility/data/LDT_analyses/gender_targets.csv | github_github.com__LLMWorldOfWords_LWOW/LWOW-main/reproducibility/data/LDT_analyses/LDT_50_triplets.csv | github_github.com__LLMWorldOfWords_LWOW/LWOW-main/reproducibility/data/LDT_analyses/FA_matrices/Haiku_LDT.csv | github_github.com__LLMWorldOfWords_LWOW/LWOW-main/reproducibility/data/LDT_analyses/FA_matrices/Mistral_LDT.csv | github_github.com__LLMWorldOfWords_LWOW/LWOW-main/reproducibility/data/LDT_analyses/FA_matrices/Humans_gender.csv | github_github.com__LLMWorldOfWords_LWOW/LWOW-main/reproducibility/data/LDT_analyses/FA_matrices/Llama3_LDT.csv | github_github.com__LLMWorldOfWords_LWOW/LWOW-main/reproducibility/data/LDT_analyses/FA_matrices/Llama3_gender.csv,,,needs_second_review,,,Semantic Priming Validation Data,,,,,missing,lf_005,logical_file,2026-06-16T15:56:14.403687
ann_final_decision,final_decision,,s41597-025-05156-9,,,,,,,,,0.4062,,,,article,dataset,2026-06-16T15:56:14.407738
ann_lf_001_grounding,grounding,,s41597-020-00702-z,github_github.com__idiv-biodiversity_lcvplants/lcvplants-master/docs/reference/LCVP.html | github_github.com__idiv-biodiversity_LCVP/LCVP-master/LCVP.Rproj | github_github.com__idiv-biodiversity_LCVP/LCVP-master/R/update_LCVP_data.R,,,modify_code,,,LCVP plant names dataset,,,github_github.com__idiv-biodiversity_lcvplants/lcvplants-master/docs/reference/LCVP.html | github_github.com__idiv-biodiversity_LCVP/LCVP-master/LCVP.Rproj | github_github.com__idiv-biodiversity_LCVP/LCVP-master/R/update_LCVP_data.R,,ambiguous,lf_001,logical_file,2026-06-16T15:56:15.404020
ann_lf_002_grounding,grounding,,s41597-020-00702-z,github_github.com__idiv-biodiversity_lcvplants/lcvplants-master/.github/workflows/r.yml,,,needs_second_review,,,Literature bibliography,,,github_github.com__idiv-biodiversity_lcvplants/lcvplants-master/.github/workflows/r.yml,,weak_match,lf_002,logical_file,2026-06-16T15:56:15.407498
ann_lf_003_grounding,grounding,,s41597-020-00702-z,github_github.com__idiv-biodiversity_lcvplants/lcvplants-master/.github/workflows/r.yml,,,needs_second_review,,,Taxa-literature linkage table,,,github_github.com__idiv-biodiversity_lcvplants/lcvplants-master/.github/workflows/r.yml,,weak_match,lf_003,logical_file,2026-06-16T15:56:15.410796
ann_lf_004_grounding,grounding,,s41597-020-00702-z,github_github.com__idiv-biodiversity_lcvplants/lcvplants-master/docs/reference/LCVP.html | github_github.com__idiv-biodiversity_lcvplants/lcvplants-master/.github/workflows/r.yml | github_github.com__idiv-biodiversity_LCVP/LCVP-master/LCVP.Rproj | github_github.com__idiv-biodiversity_LCVP/LCVP-master/R/LCVP-package.R | github_github.com__idiv-biodiversity_LCVP/LCVP-master/R/update_LCVP_data.R,,,modify_code,,,R package - LCVP data,,,github_github.com__idiv-biodiversity_lcvplants/lcvplants-master/docs/reference/LCVP.html | github_github.com__idiv-biodiversity_lcvplants/lcvplants-master/.github/workflows/r.yml | github_github.com__idiv-biodiversity_LCVP/LCVP-master/LCVP.Rproj | github_github.com__idiv-biodiversity_LCVP/LCVP-master/R/LCVP-package.R,,ambiguous,lf_004,logical_file,2026-06-16T15:56:15.414243
ann_lf_005_grounding,grounding,,s41597-020-00702-z,github_github.com__idiv-biodiversity_lcvplants/lcvplants-master/lcvplants.Rproj | github_github.com__idiv-biodiversity_lcvplants/lcvplants-master/docs/reference/LCVP.html | github_github.com__idiv-biodiversity_lcvplants/lcvplants-master/.github/workflows/r.yml | github_github.com__idiv-biodiversity_LCVP/LCVP-master/LCVP.Rproj | github_github.com__idiv-biodiversity_lcvplants/lcvplants-master/man/lcvplants-package.Rd | github_github.com__idiv-biodiversity_lcvplants/lcvplants-master/R/lcvplants-package.R | github_github.com__idiv-biodiversity_lcvplants/lcvplants-master/docs/reference/lcvplants-package.html,,,modify_code,,,R package - lcvplants tool,,,github_github.com__idiv-biodiversity_lcvplants/lcvplants-master/lcvplants.Rproj | github_github.com__idiv-biodiversity_lcvplants/lcvplants-master/docs/reference/LCVP.html | github_github.com__idiv-biodiversity_lcvplants/lcvplants-master/.github/workflows/r.yml | github_github.com__idiv-biodiversity_LCVP/LCVP-master/LCVP.Rproj | github_github.com__idiv-biodiversity_lcvplants/lcvplants-master/man/lcvplants-package.Rd | github_github.com__idiv-biodiversity_lcvplants/lcvplants-master/R/lcvplants-package.R | github_github.com__idiv-biodiversity_lcvplants/lcvplants-master/docs/reference/lcvplants-package.html,,ambiguous,lf_005,logical_file,2026-06-16T15:56:15.417868
ann_lf_006_grounding,grounding,,s41597-020-00702-z,github_github.com__idiv-biodiversity_lcvplants/lcvplants-master/DESCRIPTION | github_github.com__idiv-biodiversity_LCVP/LCVP-master/DESCRIPTION,,,modify_code,,,Metadata description file,,,github_github.com__idiv-biodiversity_lcvplants/lcvplants-master/DESCRIPTION | github_github.com__idiv-biodiversity_LCVP/LCVP-master/DESCRIPTION,,ambiguous,lf_006,logical_file,2026-06-16T15:56:15.421387
ann_final_decision,final_decision,,s41597-020-00702-z,,,,,,,,,0.4167,,,,article,dataset,2026-06-16T15:56:15.424598
ann_lf_001_grounding,grounding,,s41597-021-00929-4,github_github.com__lisavirginia_clinical-abbreviations/clinical-abbreviations-master/sources/5-wikipedia/wikipedia_abbreviation_database.csv | github_github.com__lisavirginia_clinical-abbreviations/clinical-abbreviations-master/metainventory/Metainventory_Version1.0.0.csv | github_github.com__lisavirginia_clinical-abbreviations/clinical-abbreviations-master/metainventory/auxiliary/MetainventoryAuxiliary_Version1.0.0.csv | github_github.com__lisavirginia_clinical-abbreviations/clinical-abbreviations-master/metainventory/auxiliary/RetiredRecords_Version1.0.0.csv | github_github.com__lisavirginia_clinical-abbreviations/clinical-abbreviations-master/metainventory/auxiliary/ModifiedRecords_Version1.0.0.csv | github_github.com__lisavirginia_clinical-abbreviations/clinical-abbreviations-master/code/Step2Output.csv | github_github.com__lisavirginia_clinical-abbreviations/clinical-abbreviations-master/code/Step1Output.csv | github_github.com__lisavirginia_clinical-abbreviations/clinical-abbreviations-master/code/Step3Output.csv | github_github.com__lisavirginia_clinical-abbreviations/clinical-abbreviations-master/code/data/Train2.csv | github_github.com__lisavirginia_clinical-abbreviations/clinical-abbreviations-master/code/data/Errors_Automated.csv,,,needs_second_review,,,Meta-Inventory,,,,,missing,lf_001,logical_file,2026-06-16T15:56:16.389012
ann_lf_002_grounding,grounding,,s41597-021-00929-4,github_github.com__lisavirginia_clinical-abbreviations/clinical-abbreviations-master/sources/5-wikipedia/wikipedia_abbreviation_database.csv | github_github.com__lisavirginia_clinical-abbreviations/clinical-abbreviations-master/metainventory/Metainventory_Version1.0.0.csv | github_github.com__lisavirginia_clinical-abbreviations/clinical-abbreviations-master/metainventory/auxiliary/MetainventoryAuxiliary_Version1.0.0.csv | github_github.com__lisavirginia_clinical-abbreviations/clinical-abbreviations-master/metainventory/auxiliary/RetiredRecords_Version1.0.0.csv | github_github.com__lisavirginia_clinical-abbreviations/clinical-abbreviations-master/metainventory/auxiliary/ModifiedRecords_Version1.0.0.csv | github_github.com__lisavirginia_clinical-abbreviations/clinical-abbreviations-master/code/Step2Output.csv | github_github.com__lisavirginia_clinical-abbreviations/clinical-abbreviations-master/code/Step1Output.csv | github_github.com__lisavirginia_clinical-abbreviations/clinical-abbreviations-master/code/Step3Output.csv | github_github.com__lisavirginia_clinical-abbreviations/clinical-abbreviations-master/code/data/Train2.csv | github_github.com__lisavirginia_clinical-abbreviations/clinical-abbreviations-master/code/data/Errors_Automated.csv,,,needs_second_review,,,Meta-Inventory with Auxiliary Fields,,,,,missing,lf_002,logical_file,2026-06-16T15:56:16.395256
ann_lf_003_grounding,grounding,,s41597-021-00929-4,github_github.com__lisavirginia_clinical-abbreviations/clinical-abbreviations-master/sources/5-wikipedia/wikipedia_abbreviation_database.csv | github_github.com__lisavirginia_clinical-abbreviations/clinical-abbreviations-master/metainventory/Metainventory_Version1.0.0.csv | github_github.com__lisavirginia_clinical-abbreviations/clinical-abbreviations-master/metainventory/auxiliary/MetainventoryAuxiliary_Version1.0.0.csv | github_github.com__lisavirginia_clinical-abbreviations/clinical-abbreviations-master/metainventory/auxiliary/RetiredRecords_Version1.0.0.csv | github_github.com__lisavirginia_clinical-abbreviations/clinical-abbreviations-master/metainventory/auxiliary/ModifiedRecords_Version1.0.0.csv | github_github.com__lisavirginia_clinical-abbreviations/clinical-abbreviations-master/code/Step2Output.csv | github_github.com__lisavirginia_clinical-abbreviations/clinical-abbreviations-master/code/Step1Output.csv | github_github.com__lisavirginia_clinical-abbreviations/clinical-abbreviations-master/code/Step3Output.csv | github_github.com__lisavirginia_clinical-abbreviations/clinical-abbreviations-master/code/data/Train2.csv | github_github.com__lisavirginia_clinical-abbreviations/clinical-abbreviations-master/code/data/Errors_Automated.csv,,,needs_second_review,,,Source Inventories,,,,,missing,lf_003,logical_file,2026-06-16T15:56:16.402097
ann_lf_004_grounding,grounding,,s41597-021-00929-4,github_github.com__lisavirginia_clinical-abbreviations/clinical-abbreviations-master/sources/5-wikipedia/wikipedia_abbreviation_database.csv | github_github.com__lisavirginia_clinical-abbreviations/clinical-abbreviations-master/metainventory/Metainventory_Version1.0.0.csv | github_github.com__lisavirginia_clinical-abbreviations/clinical-abbreviations-master/metainventory/auxiliary/MetainventoryAuxiliary_Version1.0.0.csv | github_github.com__lisavirginia_clinical-abbreviations/clinical-abbreviations-master/metainventory/auxiliary/RetiredRecords_Version1.0.0.csv | github_github.com__lisavirginia_clinical-abbreviations/clinical-abbreviations-master/metainventory/auxiliary/ModifiedRecords_Version1.0.0.csv | github_github.com__lisavirginia_clinical-abbreviations/clinical-abbreviations-master/code/Step2Output.csv | github_github.com__lisavirginia_clinical-abbreviations/clinical-abbreviations-master/code/Step1Output.csv | github_github.com__lisavirginia_clinical-abbreviations/clinical-abbreviations-master/code/Step3Output.csv | github_github.com__lisavirginia_clinical-abbreviations/clinical-abbreviations-master/code/data/Train2.csv | github_github.com__lisavirginia_clinical-abbreviations/clinical-abbreviations-master/code/data/Errors_Automated.csv,,,needs_second_review,,,Modified and Retired Records,,,,,missing,lf_004,logical_file,2026-06-16T15:56:16.407659
ann_lf_005_grounding,grounding,,s41597-021-00929-4,github_github.com__lisavirginia_clinical-abbreviations/clinical-abbreviations-master/code/Step4_RemoveRedundancy/bert/train.py | github_github.com__lisavirginia_clinical-abbreviations/clinical-abbreviations-master/sources/5-wikipedia/wikipedia_abbreviation_database.csv | github_github.com__lisavirginia_clinical-abbreviations/clinical-abbreviations-master/metainventory/Metainventory_Version1.0.0.csv | github_github.com__lisavirginia_clinical-abbreviations/clinical-abbreviations-master/metainventory/auxiliary/MetainventoryAuxiliary_Version1.0.0.csv | github_github.com__lisavirginia_clinical-abbreviations/clinical-abbreviations-master/metainventory/auxiliary/RetiredRecords_Version1.0.0.csv | github_github.com__lisavirginia_clinical-abbreviations/clinical-abbreviations-master/metainventory/auxiliary/ModifiedRecords_Version1.0.0.csv | github_github.com__lisavirginia_clinical-abbreviations/clinical-abbreviations-master/code/Step2Output.csv | github_github.com__lisavirginia_clinical-abbreviations/clinical-abbreviations-master/code/Step1Output.csv | github_github.com__lisavirginia_clinical-abbreviations/clinical-abbreviations-master/code/Step3Output.csv | github_github.com__lisavirginia_clinical-abbreviations/clinical-abbreviations-master/code/data/Train2.csv,,,needs_second_review,,,Training Data for Cross-Mapping,,,github_github.com__lisavirginia_clinical-abbreviations/clinical-abbreviations-master/code/Step4_RemoveRedundancy/bert/train.py,,weak_match,lf_005,logical_file,2026-06-16T15:56:16.414894
ann_lf_006_grounding,grounding,,s41597-021-00929-4,,,,needs_second_review,,,Code and Scripts,,,,,missing,lf_006,logical_file,2026-06-16T15:56:16.420256
ann_lf_007_grounding,grounding,,s41597-021-00929-4,github_github.com__lisavirginia_clinical-abbreviations/clinical-abbreviations-master/README.md | github_github.com__lisavirginia_clinical-abbreviations/clinical-abbreviations-master/sources/README.md | github_github.com__lisavirginia_clinical-abbreviations/clinical-abbreviations-master/metainventory/README.md | github_github.com__lisavirginia_clinical-abbreviations/clinical-abbreviations-master/code/README.md | github_github.com__lisavirginia_clinical-abbreviations/clinical-abbreviations-master/code/data/README.md,,,modify_code,,,Data Dictionary,,,github_github.com__lisavirginia_clinical-abbreviations/clinical-abbreviations-master/README.md | github_github.com__lisavirginia_clinical-abbreviations/clinical-abbreviations-master/sources/README.md | github_github.com__lisavirginia_clinical-abbreviations/clinical-abbreviations-master/metainventory/README.md | github_github.com__lisavirginia_clinical-abbreviations/clinical-abbreviations-master/code/README.md | github_github.com__lisavirginia_clinical-abbreviations/clinical-abbreviations-master/code/data/README.md,,ambiguous,lf_007,logical_file,2026-06-16T15:56:16.425018
ann_lf_008_grounding,grounding,,s41597-021-00929-4,,,,needs_second_review,,,Zenodo Archive,,,,,missing,lf_008,logical_file,2026-06-16T15:56:16.428932
ann_final_decision,final_decision,,s41597-021-00929-4,,,,,,,,,0.0938,,,,article,dataset,2026-06-16T15:56:16.432308
ann_lf_002_grounding,grounding,,s41597-022-01543-8,,,,needs_second_review,,,source_reports_archive,,,,,missing,lf_002,logical_file,2026-06-16T15:56:17.520611
ann_final_decision,final_decision,,s41597-022-01543-8,,,,,,,,,0.875,,,,article,dataset,2026-06-16T15:56:17.524044
ann_lf_001_grounding,grounding,,s41597-023-01938-1,github_github.com__EmoryPcvdLab_EagleVAC/EagleVAC-main/EAGLE449/atlas_b4_hypothalamus.nii.gz | github_github.com__EmoryPcvdLab_EagleVAC/EagleVAC-main/EAGLE449/atlas_b1_thalamus.nii.gz | github_github.com__EmoryPcvdLab_EagleVAC/EagleVAC-main/EAGLE449/atlas_a1_eickhoff-indovina.nii.gz | github_github.com__EmoryPcvdLab_EagleVAC/EagleVAC-main/EAGLE449/atlas_a3_cerebellum-suit.nii.gz,,,modify_code,,,volumetric_atlas_nifti_files,,,github_github.com__EmoryPcvdLab_EagleVAC/EagleVAC-main/EAGLE449/atlas_b4_hypothalamus.nii.gz | github_github.com__EmoryPcvdLab_EagleVAC/EagleVAC-main/EAGLE449/atlas_b1_thalamus.nii.gz | github_github.com__EmoryPcvdLab_EagleVAC/EagleVAC-main/EAGLE449/atlas_a1_eickhoff-indovina.nii.gz | github_github.com__EmoryPcvdLab_EagleVAC/EagleVAC-main/EAGLE449/atlas_a3_cerebellum-suit.nii.gz,,ambiguous,lf_001,logical_file,2026-06-16T15:56:18.692233
ann_lf_002_grounding,grounding,,s41597-023-01938-1,github_github.com__EmoryPcvdLab_EagleVAC/EagleVAC-main/EAGLE449/atlas_b3_diencephalon.txt | github_github.com__EmoryPcvdLab_EagleVAC/EagleVAC-main/EAGLE449/atlas_a3_cerebellum-suit.txt | github_github.com__EmoryPcvdLab_EagleVAC/EagleVAC-main/EAGLE449/atlas_b2_brainstem.txt | github_github.com__EmoryPcvdLab_EagleVAC/EagleVAC-main/EAGLE449/atlas_b4_hypothalamus_roi_numbers.txt | github_github.com__EmoryPcvdLab_EagleVAC/EagleVAC-main/EAGLE449/atlas_a3_cerebellum-suit_roi_numbers.txt | github_github.com__EmoryPcvdLab_EagleVAC/EagleVAC-main/EAGLE449/atlas_a2_brainnetome_roi_numbers.txt | github_github.com__EmoryPcvdLab_EagleVAC/EagleVAC-main/EAGLE449/atlas_b3_diencephalon_roi_numbers.txt | github_github.com__EmoryPcvdLab_EagleVAC/EagleVAC-main/EAGLE449/atlas_b4_hypothalamus.txt | github_github.com__EmoryPcvdLab_EagleVAC/EagleVAC-main/EAGLE449/atlas_a1_eickhoff-indovina.txt | github_github.com__EmoryPcvdLab_EagleVAC/EagleVAC-main/EAGLE449/atlas_a1_eickhoff-indovina_roi_numbers.txt,,,modify_code,,,lookup_tables_luts,,,github_github.com__EmoryPcvdLab_EagleVAC/EagleVAC-main/EAGLE449/atlas_b3_diencephalon.txt | github_github.com__EmoryPcvdLab_EagleVAC/EagleVAC-main/EAGLE449/atlas_a3_cerebellum-suit.txt | github_github.com__EmoryPcvdLab_EagleVAC/EagleVAC-main/EAGLE449/atlas_b2_brainstem.txt | github_github.com__EmoryPcvdLab_EagleVAC/EagleVAC-main/EAGLE449/atlas_b4_hypothalamus_roi_numbers.txt | github_github.com__EmoryPcvdLab_EagleVAC/EagleVAC-main/EAGLE449/atlas_a3_cerebellum-suit_roi_numbers.txt | github_github.com__EmoryPcvdLab_EagleVAC/EagleVAC-main/EAGLE449/atlas_a2_brainnetome_roi_numbers.txt | github_github.com__EmoryPcvdLab_EagleVAC/EagleVAC-main/EAGLE449/atlas_b3_diencephalon_roi_numbers.txt | github_github.com__EmoryPcvdLab_EagleVAC/EagleVAC-main/EAGLE449/atlas_b4_hypothalamus.txt | github_github.com__EmoryPcvdLab_EagleVAC/EagleVAC-main/EAGLE449/atlas_a1_eickhoff-indovina.txt | github_github.com__EmoryPcvdLab_EagleVAC/EagleVAC-main/EAGLE449/atlas_a1_eickhoff-indovina_roi_numbers.txt | github_github.com__EmoryPcvdLab_EagleVAC/EagleVAC-main/EAGLE449/atlas_b1_thalamus_roi_numbers.txt | github_github.com__EmoryPcvdLab_EagleVAC/EagleVAC-main/EAGLE449/atlas_a2_brainnetome.txt | github_github.com__EmoryPcvdLab_EagleVAC/EagleVAC-main/EAGLE449/atlas_b2_brainstem_roi_numbers.txt | github_github.com__EmoryPcvdLab_EagleVAC/EagleVAC-main/EAGLE449/atlas_b1_thalamus.txt,,ambiguous,lf_002,logical_file,2026-06-16T15:56:18.696295
ann_lf_003_grounding,grounding,,s41597-023-01938-1,github_github.com__EmoryPcvdLab_EagleVAC/EagleVAC-main/EAGLE449/00 Vestibular atlas labels.xlsx,,,needs_second_review,,,roi_metadata_spreadsheet,,,,,missing,lf_003,logical_file,2026-06-16T15:56:18.699901
ann_lf_006_grounding,grounding,,s41597-023-01938-1,github_github.com__EmoryPcvdLab_EagleVAC/EagleVAC-main/EAGLE449/00 Vestibular atlas labels.xlsx,,,needs_second_review,,,vestibular_roi_subset_list,,,,,missing,lf_006,logical_file,2026-06-16T15:56:18.703381
ann_lf_008_grounding,grounding,,s41597-023-01938-1,github_github.com__EmoryPcvdLab_EagleVAC/EagleVAC-main/EAGLE449/00 Vestibular atlas labels.xlsx,,,needs_second_review,,,supplementary_tables,,,,,missing,lf_008,logical_file,2026-06-16T15:56:18.706700
ann_final_decision,final_decision,,s41597-023-01938-1,,,,,,,,,0.5,,,,article,dataset,2026-06-16T15:56:18.710080
ann_lf_001_grounding,grounding,,s41597-023-02160-9,,,,needs_second_review,,,high_level_processed_data,,,,,missing,lf_001,logical_file,2026-06-16T15:56:19.691321
ann_lf_002_grounding,grounding,,s41597-023-02160-9,,,,needs_second_review,,,raw_iridium_transmissions,,,,,missing,lf_002,logical_file,2026-06-16T15:56:19.694733
ann_lf_003_grounding,grounding,,s41597-023-02160-9,,,,needs_second_review,,,deployment_metadata_table,,,,,missing,lf_003,logical_file,2026-06-16T15:56:19.698148
ann_lf_004_grounding,grounding,,s41597-023-02160-9,github_github.com__jerabaul29_data_release_sea_ice_drift_waves_in_ice_marginal_ice_zone_2022/data_release_sea_ice_drift_waves_in_ice_marginal_ice_zone_2022-master/Data/2021_February_Barents/Instruments_V_2018/generate_figures/all_trajectories_AeN2021_instrumentsv2018.pdf | github_github.com__jerabaul29_data_release_sea_ice_drift_waves_in_ice_marginal_ice_zone_2022/data_release_sea_ice_drift_waves_in_ice_marginal_ice_zone_2022-master/Data/2021_February_Barents/Instruments_V_2018/generate_figures/all_trajectories_AeN2021_instrumentsv2018.png | github_github.com__jerabaul29_data_release_sea_ice_drift_waves_in_ice_marginal_ice_zone_2022/data_release_sea_ice_drift_waves_in_ice_marginal_ice_zone_2022-master/Data/2021_February_Barents/Instruments_V_2018/generate_figures/all_trajectories_AeN2021_instrumentsv2018_tight.png,,,modify_code,,,instrument_v2018_data,,,github_github.com__jerabaul29_data_release_sea_ice_drift_waves_in_ice_marginal_ice_zone_2022/data_release_sea_ice_drift_waves_in_ice_marginal_ice_zone_2022-master/Data/2021_February_Barents/Instruments_V_2018/generate_figures/all_trajectories_AeN2021_instrumentsv2018.pdf | github_github.com__jerabaul29_data_release_sea_ice_drift_waves_in_ice_marginal_ice_zone_2022/data_release_sea_ice_drift_waves_in_ice_marginal_ice_zone_2022-master/Data/2021_February_Barents/Instruments_V_2018/generate_figures/all_trajectories_AeN2021_instrumentsv2018.png | github_github.com__jerabaul29_data_release_sea_ice_drift_waves_in_ice_marginal_ice_zone_2022/data_release_sea_ice_drift_waves_in_ice_marginal_ice_zone_2022-master/Data/2021_February_Barents/Instruments_V_2018/generate_figures/all_trajectories_AeN2021_instrumentsv2018_tight.png,,ambiguous,lf_004,logical_file,2026-06-16T15:56:19.702026
ann_lf_005_grounding,grounding,,s41597-023-02160-9,github_github.com__jerabaul29_data_release_sea_ice_drift_waves_in_ice_marginal_ice_zone_2022/data_release_sea_ice_drift_waves_in_ice_marginal_ice_zone_2022-master/Data/2022_March_East_Greenland/Instruments_V_2021a/generate_dict_data/all_trajectories_sealcruise_instrumentsv2021.png | github_github.com__jerabaul29_data_release_sea_ice_drift_waves_in_ice_marginal_ice_zone_2022/data_release_sea_ice_drift_waves_in_ice_marginal_ice_zone_2022-master/Data/2022_March_East_Greenland/Instruments_V_2021a/generate_dict_data/all_trajectories_sealcruise_instrumentsv2021.pdf | github_github.com__jerabaul29_data_release_sea_ice_drift_waves_in_ice_marginal_ice_zone_2022/data_release_sea_ice_drift_waves_in_ice_marginal_ice_zone_2022-master/Data/2021_February_Barents/Instruments_V_2021a/generate_dict_data/cropped_all_trajectories_AeN2021_instrumentsv2021_Norway.png | github_github.com__jerabaul29_data_release_sea_ice_drift_waves_in_ice_marginal_ice_zone_2022/data_release_sea_ice_drift_waves_in_ice_marginal_ice_zone_2022-master/Data/2021_February_Barents/Instruments_V_2021a/generate_dict_data/all_trajectories_AeN2021_instrumentsv2021_Norway.pdf | github_github.com__jerabaul29_data_release_sea_ice_drift_waves_in_ice_marginal_ice_zone_2022/data_release_sea_ice_drift_waves_in_ice_marginal_ice_zone_2022-master/Data/2021_February_Barents/Instruments_V_2021a/generate_dict_data/all_trajectories_AeN2021_instrumentsv2021_Norway.png | github_github.com__jerabaul29_data_release_sea_ice_drift_waves_in_ice_marginal_ice_zone_2022/data_release_sea_ice_drift_waves_in_ice_marginal_ice_zone_2022-master/Data/2021_February_Barents/Instruments_V_2021a/generate_dict_data/cropped_all_trajectories_AeN2021_instrumentsv2021_Svalbard.png | github_github.com__jerabaul29_data_release_sea_ice_drift_waves_in_ice_marginal_ice_zone_2022/data_release_sea_ice_drift_waves_in_ice_marginal_ice_zone_2022-master/Data/2021_February_Barents/Instruments_V_2021a/generate_dict_data/all_trajectories_AeN2021_instrumentsv2021_Svalbard.pdf | github_github.com__jerabaul29_data_release_sea_ice_drift_waves_in_ice_marginal_ice_zone_2022/data_release_sea_ice_drift_waves_in_ice_marginal_ice_zone_2022-master/Data/2021_February_Barents/Instruments_V_2021a/generate_dict_data/all_trajectories_AeN2021_instrumentsv2021_Svalbard.png | github_github.com__jerabaul29_data_release_sea_ice_drift_waves_in_ice_marginal_ice_zone_2022/data_release_sea_ice_drift_waves_in_ice_marginal_ice_zone_2022-master/Data/2021_September_Laptev_sea/Instrument_v2021/generate_dict_data/all_trajectories_Laptev_instrumentsv2021.pdf | github_github.com__jerabaul29_data_release_sea_ice_drift_waves_in_ice_marginal_ice_zone_2022/data_release_sea_ice_drift_waves_in_ice_marginal_ice_zone_2022-master/Data/2021_September_Laptev_sea/Instrument_v2021/generate_dict_data/all_trajectories_Laptev_instrumentsv2021.png,,,modify_code,,,instrument_v2021_data,,,github_github.com__jerabaul29_data_release_sea_ice_drift_waves_in_ice_marginal_ice_zone_2022/data_release_sea_ice_drift_waves_in_ice_marginal_ice_zone_2022-master/Data/2022_March_East_Greenland/Instruments_V_2021a/generate_dict_data/all_trajectories_sealcruise_instrumentsv2021.png | github_github.com__jerabaul29_data_release_sea_ice_drift_waves_in_ice_marginal_ice_zone_2022/data_release_sea_ice_drift_waves_in_ice_marginal_ice_zone_2022-master/Data/2022_March_East_Greenland/Instruments_V_2021a/generate_dict_data/all_trajectories_sealcruise_instrumentsv2021.pdf | github_github.com__jerabaul29_data_release_sea_ice_drift_waves_in_ice_marginal_ice_zone_2022/data_release_sea_ice_drift_waves_in_ice_marginal_ice_zone_2022-master/Data/2021_February_Barents/Instruments_V_2021a/generate_dict_data/cropped_all_trajectories_AeN2021_instrumentsv2021_Norway.png | github_github.com__jerabaul29_data_release_sea_ice_drift_waves_in_ice_marginal_ice_zone_2022/data_release_sea_ice_drift_waves_in_ice_marginal_ice_zone_2022-master/Data/2021_February_Barents/Instruments_V_2021a/generate_dict_data/all_trajectories_AeN2021_instrumentsv2021_Norway.pdf | github_github.com__jerabaul29_data_release_sea_ice_drift_waves_in_ice_marginal_ice_zone_2022/data_release_sea_ice_drift_waves_in_ice_marginal_ice_zone_2022-master/Data/2021_February_Barents/Instruments_V_2021a/generate_dict_data/all_trajectories_AeN2021_instrumentsv2021_Norway.png | github_github.com__jerabaul29_data_release_sea_ice_drift_waves_in_ice_marginal_ice_zone_2022/data_release_sea_ice_drift_waves_in_ice_marginal_ice_zone_2022-master/Data/2021_February_Barents/Instruments_V_2021a/generate_dict_data/cropped_all_trajectories_AeN2021_instrumentsv2021_Svalbard.png | github_github.com__jerabaul29_data_release_sea_ice_drift_waves_in_ice_marginal_ice_zone_2022/data_release_sea_ice_drift_waves_in_ice_marginal_ice_zone_2022-master/Data/2021_February_Barents/Instruments_V_2021a/generate_dict_data/all_trajectories_AeN2021_instrumentsv2021_Svalbard.pdf | github_github.com__jerabaul29_data_release_sea_ice_drift_waves_in_ice_marginal_ice_zone_2022/data_release_sea_ice_drift_waves_in_ice_marginal_ice_zone_2022-master/Data/2021_February_Barents/Instruments_V_2021a/generate_dict_data/all_trajectories_AeN2021_instrumentsv2021_Svalbard.png | github_github.com__jerabaul29_data_release_sea_ice_drift_waves_in_ice_marginal_ice_zone_2022/data_release_sea_ice_drift_waves_in_ice_marginal_ice_zone_2022-master/Data/2021_September_Laptev_sea/Instrument_v2021/generate_dict_data/all_trajectories_Laptev_instrumentsv2021.pdf | github_github.com__jerabaul29_data_release_sea_ice_drift_waves_in_ice_marginal_ice_zone_2022/data_release_sea_ice_drift_waves_in_ice_marginal_ice_zone_2022-master/Data/2021_September_Laptev_sea/Instrument_v2021/generate_dict_data/all_trajectories_Laptev_instrumentsv2021.png,,ambiguous,lf_005,logical_file,2026-06-16T15:56:19.706360
ann_lf_006_grounding,grounding,,s41597-023-02160-9,github_github.com__jerabaul29_data_release_sea_ice_drift_waves_in_ice_marginal_ice_zone_2022/data_release_sea_ice_drift_waves_in_ice_marginal_ice_zone_2022-master/Data/2020_January_Antarctic_Davis/Spotter/generate_nc_dataset/data_Spotter_Antarctic_Davis_2020_01.nc | github_github.com__jerabaul29_data_release_sea_ice_drift_waves_in_ice_marginal_ice_zone_2022/data_release_sea_ice_drift_waves_in_ice_marginal_ice_zone_2022-master/Data/2021_September_Laptev_sea/Spotter/generate_nc_dataset/data_Spotter_Laptev_2021.nc,,,modify_code,,,Sofar_Spotter_data,,,github_github.com__jerabaul29_data_release_sea_ice_drift_waves_in_ice_marginal_ice_zone_2022/data_release_sea_ice_drift_waves_in_ice_marginal_ice_zone_2022-master/Data/2020_January_Antarctic_Davis/Spotter/generate_nc_dataset/data_Spotter_Antarctic_Davis_2020_01.nc | github_github.com__jerabaul29_data_release_sea_ice_drift_waves_in_ice_marginal_ice_zone_2022/data_release_sea_ice_drift_waves_in_ice_marginal_ice_zone_2022-master/Data/2021_September_Laptev_sea/Spotter/generate_nc_dataset/data_Spotter_Laptev_2021.nc,,ambiguous,lf_006,logical_file,2026-06-16T15:56:19.709987
ann_lf_007_grounding,grounding,,s41597-023-02160-9,github_github.com__jerabaul29_data_release_sea_ice_drift_waves_in_ice_marginal_ice_zone_2022/data_release_sea_ice_drift_waves_in_ice_marginal_ice_zone_2022-master/Data/2020_January_Antarctic_Davis/Spotter/generate_dict_data/generate_dict_data.py | github_github.com__jerabaul29_data_release_sea_ice_drift_waves_in_ice_marginal_ice_zone_2022/data_release_sea_ice_drift_waves_in_ice_marginal_ice_zone_2022-master/Data/2020_January_Antarctic_Davis/Spotter/generate_dict_data/dict_all_data.pkl | github_github.com__jerabaul29_data_release_sea_ice_drift_waves_in_ice_marginal_ice_zone_2022/data_release_sea_ice_drift_waves_in_ice_marginal_ice_zone_2022-master/Data/2022_March_East_Greenland/commercial_trackers/generate_nc_dataset/data_drift_2022.nc | github_github.com__jerabaul29_data_release_sea_ice_drift_waves_in_ice_marginal_ice_zone_2022/data_release_sea_ice_drift_waves_in_ice_marginal_ice_zone_2022-master/Data/2022_March_East_Greenland/Instruments_V_2021a/generate_dict_data/dict_all_data.pkl | github_github.com__jerabaul29_data_release_sea_ice_drift_waves_in_ice_marginal_ice_zone_2022/data_release_sea_ice_drift_waves_in_ice_marginal_ice_zone_2022-master/Data/2021_February_Barents/Instruments_V_2021a/generate_dict_data/dict_all_data.pkl | github_github.com__jerabaul29_data_release_sea_ice_drift_waves_in_ice_marginal_ice_zone_2022/data_release_sea_ice_drift_waves_in_ice_marginal_ice_zone_2022-master/Data/2018_September_Barents/UG_Probe/generate_dict_data/generate_dict_data.py | github_github.com__jerabaul29_data_release_sea_ice_drift_waves_in_ice_marginal_ice_zone_2022/data_release_sea_ice_drift_waves_in_ice_marginal_ice_zone_2022-master/Data/2018_September_Barents/UG_Probe/generate_dict_data/dict_pkl_data.pkl | github_github.com__jerabaul29_data_release_sea_ice_drift_waves_in_ice_marginal_ice_zone_2022/data_release_sea_ice_drift_waves_in_ice_marginal_ice_zone_2022-master/Data/2021_September_Laptev_sea/Spotter/generate_dict_data/generate_dict_data.py | github_github.com__jerabaul29_data_release_sea_ice_drift_waves_in_ice_marginal_ice_zone_2022/data_release_sea_ice_drift_waves_in_ice_marginal_ice_zone_2022-master/Data/2021_September_Laptev_sea/Spotter/generate_dict_data/dict_all_data.pkl | github_github.com__jerabaul29_data_release_sea_ice_drift_waves_in_ice_marginal_ice_zone_2022/data_release_sea_ice_drift_waves_in_ice_marginal_ice_zone_2022-master/Data/2021_September_Laptev_sea/Instrument_v2021/generate_dict_data/dict_all_data.pkl,,,modify_code,,,IWR_data,,,github_github.com__jerabaul29_data_release_sea_ice_drift_waves_in_ice_marginal_ice_zone_2022/data_release_sea_ice_drift_waves_in_ice_marginal_ice_zone_2022-master/Data/2020_January_Antarctic_Davis/Spotter/generate_dict_data/generate_dict_data.py | github_github.com__jerabaul29_data_release_sea_ice_drift_waves_in_ice_marginal_ice_zone_2022/data_release_sea_ice_drift_waves_in_ice_marginal_ice_zone_2022-master/Data/2020_January_Antarctic_Davis/Spotter/generate_dict_data/dict_all_data.pkl | github_github.com__jerabaul29_data_release_sea_ice_drift_waves_in_ice_marginal_ice_zone_2022/data_release_sea_ice_drift_waves_in_ice_marginal_ice_zone_2022-master/Data/2022_March_East_Greenland/commercial_trackers/generate_nc_dataset/data_drift_2022.nc | github_github.com__jerabaul29_data_release_sea_ice_drift_waves_in_ice_marginal_ice_zone_2022/data_release_sea_ice_drift_waves_in_ice_marginal_ice_zone_2022-master/Data/2022_March_East_Greenland/Instruments_V_2021a/generate_dict_data/dict_all_data.pkl | github_github.com__jerabaul29_data_release_sea_ice_drift_waves_in_ice_marginal_ice_zone_2022/data_release_sea_ice_drift_waves_in_ice_marginal_ice_zone_2022-master/Data/2021_February_Barents/Instruments_V_2021a/generate_dict_data/dict_all_data.pkl | github_github.com__jerabaul29_data_release_sea_ice_drift_waves_in_ice_marginal_ice_zone_2022/data_release_sea_ice_drift_waves_in_ice_marginal_ice_zone_2022-master/Data/2018_September_Barents/UG_Probe/generate_dict_data/generate_dict_data.py | github_github.com__jerabaul29_data_release_sea_ice_drift_waves_in_ice_marginal_ice_zone_2022/data_release_sea_ice_drift_waves_in_ice_marginal_ice_zone_2022-master/Data/2018_September_Barents/UG_Probe/generate_dict_data/dict_pkl_data.pkl | github_github.com__jerabaul29_data_release_sea_ice_drift_waves_in_ice_marginal_ice_zone_2022/data_release_sea_ice_drift_waves_in_ice_marginal_ice_zone_2022-master/Data/2021_September_Laptev_sea/Spotter/generate_dict_data/generate_dict_data.py | github_github.com__jerabaul29_data_release_sea_ice_drift_waves_in_ice_marginal_ice_zone_2022/data_release_sea_ice_drift_waves_in_ice_marginal_ice_zone_2022-master/Data/2021_September_Laptev_sea/Spotter/generate_dict_data/dict_all_data.pkl | github_github.com__jerabaul29_data_release_sea_ice_drift_waves_in_ice_marginal_ice_zone_2022/data_release_sea_ice_drift_waves_in_ice_marginal_ice_zone_2022-master/Data/2021_September_Laptev_sea/Instrument_v2021/generate_dict_data/dict_all_data.pkl,,ambiguous,lf_007,logical_file,2026-06-16T15:56:19.714125
ann_lf_008_grounding,grounding,,s41597-023-02160-9,github_github.com__jerabaul29_data_release_sea_ice_drift_waves_in_ice_marginal_ice_zone_2022/data_release_sea_ice_drift_waves_in_ice_marginal_ice_zone_2022-master/Data/2017_April_Spitsbergen_Bank/generate_dict_data/data_from_drifter_Ian.pkl | github_github.com__jerabaul29_data_release_sea_ice_drift_waves_in_ice_marginal_ice_zone_2022/data_release_sea_ice_drift_waves_in_ice_marginal_ice_zone_2022-master/Data/2018_Spitsbergen_Bank/generate_dict_data/data_from_drifter_Aleksey.pkl,,,modify_code,,,commercial_drifter_data,,,github_github.com__jerabaul29_data_release_sea_ice_drift_waves_in_ice_marginal_ice_zone_2022/data_release_sea_ice_drift_waves_in_ice_marginal_ice_zone_2022-master/Data/2017_April_Spitsbergen_Bank/generate_dict_data/data_from_drifter_Ian.pkl | github_github.com__jerabaul29_data_release_sea_ice_drift_waves_in_ice_marginal_ice_zone_2022/data_release_sea_ice_drift_waves_in_ice_marginal_ice_zone_2022-master/Data/2018_Spitsbergen_Bank/generate_dict_data/data_from_drifter_Aleksey.pkl,,ambiguous,lf_008,logical_file,2026-06-16T15:56:19.717750
ann_final_decision,final_decision,,s41597-023-02160-9,,,,,,,,,0.3125,,,,article,dataset,2026-06-16T15:56:19.721008
ann_lf_001_grounding,grounding,,s41597-023-02517-0,github_github.com__maja601_EuroCrops/EuroCrops-main/csvs/country_mappings/de.csv,,,needs_second_review,,,country_shapefile,,,github_github.com__maja601_EuroCrops/EuroCrops-main/csvs/country_mappings/de.csv,,weak_match,lf_001,logical_file,2026-06-16T15:56:20.638433
ann_lf_002_grounding,grounding,,s41597-023-02517-0,github_github.com__maja601_EuroCrops/EuroCrops-main/csvs/country_mappings/de.csv | github_github.com__maja601_EuroCrops/EuroCrops-main/hcat_core/HCAT2.csv | github_github.com__maja601_EuroCrops/EuroCrops-main/hcat_core/HCAT3.csv | github_github.com__maja601_EuroCrops/EuroCrops-main/hcat_core/HCAT2_HCAT_mapping.csv | github_github.com__maja601_EuroCrops/EuroCrops-main/hcat_core/HCAT3_HCAT_mapping.csv | github_github.com__maja601_EuroCrops/EuroCrops-main/hcat_core/HCAT2-2.csv | github_github.com__maja601_EuroCrops/EuroCrops-main/csvs/country_mappings/be_vlg_2021.csv | github_github.com__maja601_EuroCrops/EuroCrops-main/csvs/country_mappings/de_nrw_2021.csv | github_github.com__maja601_EuroCrops/EuroCrops-main/csvs/country_mappings/nl_2020.csv | github_github.com__maja601_EuroCrops/EuroCrops-main/csvs/country_mappings/at_2021.csv,,,needs_second_review,,,country_mapping_csv,,,github_github.com__maja601_EuroCrops/EuroCrops-main/csvs/country_mappings/de.csv,,weak_match,lf_002,logical_file,2026-06-16T15:56:20.643379
ann_lf_003_grounding,grounding,,s41597-023-02517-0,github_github.com__maja601_EuroCrops/EuroCrops-main/hcat_core/HCAT2.csv | github_github.com__maja601_EuroCrops/EuroCrops-main/hcat_core/HCAT3.csv | github_github.com__maja601_EuroCrops/EuroCrops-main/hcat_core/HCAT2_HCAT_mapping.csv | github_github.com__maja601_EuroCrops/EuroCrops-main/hcat_core/HCAT3_HCAT_mapping.csv | github_github.com__maja601_EuroCrops/EuroCrops-main/hcat_core/HCAT2-2.csv | github_github.com__maja601_EuroCrops/EuroCrops-main/csvs/country_mappings/be_vlg_2021.csv | github_github.com__maja601_EuroCrops/EuroCrops-main/csvs/country_mappings/de_nrw_2021.csv | github_github.com__maja601_EuroCrops/EuroCrops-main/csvs/country_mappings/nl_2020.csv | github_github.com__maja601_EuroCrops/EuroCrops-main/csvs/country_mappings/at_2021.csv | github_github.com__maja601_EuroCrops/EuroCrops-main/csvs/country_mappings/ie_2023.csv,,,modify_code,,,hcat_taxonomy,,,github_github.com__maja601_EuroCrops/EuroCrops-main/hcat_core/HCAT2.csv | github_github.com__maja601_EuroCrops/EuroCrops-main/hcat_core/HCAT3.csv | github_github.com__maja601_EuroCrops/EuroCrops-main/hcat_core/HCAT2_HCAT_mapping.csv | github_github.com__maja601_EuroCrops/EuroCrops-main/hcat_core/HCAT3_HCAT_mapping.csv | github_github.com__maja601_EuroCrops/EuroCrops-main/hcat_core/HCAT2-2.csv,,ambiguous,lf_003,logical_file,2026-06-16T15:56:20.649084
ann_lf_004_grounding,grounding,,s41597-023-02517-0,github_github.com__maja601_EuroCrops/EuroCrops-main/csvs/country_mappings/de.csv,,,needs_second_review,,,enriched_shapefile_attributes,,,github_github.com__maja601_EuroCrops/EuroCrops-main/csvs/country_mappings/de.csv,,weak_match,lf_004,logical_file,2026-06-16T15:56:20.654013
ann_final_decision,final_decision,,s41597-023-02517-0,,,,,,,,,0.3125,,,,article,dataset,2026-06-16T15:56:20.657874
ann_lf_001_grounding,grounding,,s41597-023-02724-9,github_github.com__balsedie_trilomorph/trilomorph-main/analyze_data.md | github_github.com__balsedie_trilomorph/trilomorph-main/References_main_table.csv | github_github.com__balsedie_trilomorph/trilomorph-main/contributors.csv,,,needs_second_review,,,main_metadata_table,,,github_github.com__balsedie_trilomorph/trilomorph-main/analyze_data.md,,weak_match,lf_001,logical_file,2026-06-16T15:56:21.790781
ann_lf_002_grounding,grounding,,s41597-023-02724-9,github_github.com__balsedie_trilomorph/trilomorph-main/References_main_table.csv | github_github.com__balsedie_trilomorph/trilomorph-main/contributors.csv,,,needs_second_review,,,bibliographic_references,,,github_github.com__balsedie_trilomorph/trilomorph-main/References_main_table.csv,,weak_match,lf_002,logical_file,2026-06-16T15:56:21.796596
ann_lf_004_grounding,grounding,,s41597-023-02724-9,github_github.com__balsedie_trilomorph/trilomorph-main/Pygidia/landmarks/USNM_208989C_P.txt | github_github.com__balsedie_trilomorph/trilomorph-main/Pygidia/images/USNM_208989C_P.png,,,modify_code,,,specimen_images,,,github_github.com__balsedie_trilomorph/trilomorph-main/Pygidia/landmarks/USNM_208989C_P.txt | github_github.com__balsedie_trilomorph/trilomorph-main/Pygidia/images/USNM_208989C_P.png,,ambiguous,lf_004,logical_file,2026-06-16T15:56:21.802126
ann_lf_005_grounding,grounding,,s41597-023-02724-9,,,,needs_second_review,,,cephalon_landmark_data,,,,,missing,lf_005,logical_file,2026-06-16T15:56:21.808164
ann_lf_006_grounding,grounding,,s41597-023-02724-9,,,,needs_second_review,,,pygidium_landmark_data,,,,,missing,lf_006,logical_file,2026-06-16T15:56:21.813281
ann_lf_007_grounding,grounding,,s41597-023-02724-9,,,,needs_second_review,,,metadata_yaml,,,,,missing,lf_007,logical_file,2026-06-16T15:56:21.817976
ann_lf_008_grounding,grounding,,s41597-023-02724-9,github_github.com__balsedie_trilomorph/trilomorph-main/TriloMorph-workflow.R | github_github.com__balsedie_trilomorph/trilomorph-main/trilomorph.yaml | github_github.com__balsedie_trilomorph/trilomorph-main/TriloMorph-funs.R | github_github.com__balsedie_trilomorph/trilomorph-main/TriloMorph.png,,,modify_code,,,analysis_functions,,,github_github.com__balsedie_trilomorph/trilomorph-main/TriloMorph-workflow.R | github_github.com__balsedie_trilomorph/trilomorph-main/trilomorph.yaml | github_github.com__balsedie_trilomorph/trilomorph-main/TriloMorph-funs.R | github_github.com__balsedie_trilomorph/trilomorph-main/TriloMorph.png,,ambiguous,lf_008,logical_file,2026-06-16T15:56:21.822301
ann_final_decision,final_decision,,s41597-023-02724-9,,,,,,,,,0.3125,,,,article,dataset,2026-06-16T15:56:21.826073
ann_lf_001_grounding,grounding,,s41597-023-02749-0,,,,needs_second_review,,,Kent Vale Thermal Images,,,,,missing,lf_001,logical_file,2026-06-16T15:56:22.995962
ann_lf_002_grounding,grounding,,s41597-023-02749-0,,,,needs_second_review,,,S16 Thermal Images,,,,,missing,lf_002,logical_file,2026-06-16T15:56:23.001354
ann_lf_003_grounding,grounding,,s41597-023-02749-0,,,,needs_second_review,,,Weather Station Data,,,,,missing,lf_003,logical_file,2026-06-16T15:56:23.006183
ann_lf_004_grounding,grounding,,s41597-023-02749-0,github_github.com__buds-lab_project-iris-dataset/project-iris-dataset-main/data/processed/2022-08-03/view_3/snap-2022-08-03T13-52-07.10.csv | github_github.com__buds-lab_project-iris-dataset/project-iris-dataset-main/data/processed/2022-08-03/view_3/snap-2022-08-03T13-51-18.58.csv | github_github.com__buds-lab_project-iris-dataset/project-iris-dataset-main/data/processed/2022-08-03/view_3/snap-2022-08-03T13-48-31.14.csv | github_github.com__buds-lab_project-iris-dataset/project-iris-dataset-main/data/processed/2022-08-03/view_3/snap-2022-08-03T13-50-54.66.csv | github_github.com__buds-lab_project-iris-dataset/project-iris-dataset-main/data/processed/2022-08-03/view_3/snap-2022-08-03T13-50-06.80.csv | github_github.com__buds-lab_project-iris-dataset/project-iris-dataset-main/data/processed/2022-08-03/view_3/snap-2022-08-03T13-49-18.96.csv | github_github.com__buds-lab_project-iris-dataset/project-iris-dataset-main/data/processed/2022-08-03/view_3/snap-2022-08-03T13-49-42.89.csv | github_github.com__buds-lab_project-iris-dataset/project-iris-dataset-main/data/processed/2022-08-03/view_3/snap-2022-08-03T13-48-55.06.csv | github_github.com__buds-lab_project-iris-dataset/project-iris-dataset-main/data/processed/2022-08-03/view_3/snap-2022-08-03T13-51-42.52.csv | github_github.com__buds-lab_project-iris-dataset/project-iris-dataset-main/data/processed/2022-08-03/view_3/snap-2022-08-03T13-50-30.74.csv,,,needs_second_review,,,CNN Classification Output,,,,,missing,lf_004,logical_file,2026-06-16T15:56:23.010749
ann_lf_005_grounding,grounding,,s41597-023-02749-0,github_github.com__buds-lab_project-iris-dataset/project-iris-dataset-main/data/processed/2022-08-03/view_3/snap-2022-08-03T13-52-07.10.csv | github_github.com__buds-lab_project-iris-dataset/project-iris-dataset-main/data/processed/2022-08-03/view_3/snap-2022-08-03T13-51-18.58.csv | github_github.com__buds-lab_project-iris-dataset/project-iris-dataset-main/data/processed/2022-08-03/view_3/snap-2022-08-03T13-48-31.14.csv | github_github.com__buds-lab_project-iris-dataset/project-iris-dataset-main/data/processed/2022-08-03/view_3/snap-2022-08-03T13-50-54.66.csv | github_github.com__buds-lab_project-iris-dataset/project-iris-dataset-main/data/processed/2022-08-03/view_3/snap-2022-08-03T13-50-06.80.csv | github_github.com__buds-lab_project-iris-dataset/project-iris-dataset-main/data/processed/2022-08-03/view_3/snap-2022-08-03T13-49-18.96.csv | github_github.com__buds-lab_project-iris-dataset/project-iris-dataset-main/data/processed/2022-08-03/view_3/snap-2022-08-03T13-49-42.89.csv | github_github.com__buds-lab_project-iris-dataset/project-iris-dataset-main/data/processed/2022-08-03/view_3/snap-2022-08-03T13-48-55.06.csv | github_github.com__buds-lab_project-iris-dataset/project-iris-dataset-main/data/processed/2022-08-03/view_3/snap-2022-08-03T13-51-42.52.csv | github_github.com__buds-lab_project-iris-dataset/project-iris-dataset-main/data/processed/2022-08-03/view_3/snap-2022-08-03T13-50-30.74.csv,,,needs_second_review,,,Surface Temperature Calibration Data,,,,,missing,lf_005,logical_file,2026-06-16T15:56:23.014617
ann_lf_006_grounding,grounding,,s41597-023-02749-0,github_github.com__buds-lab_project-iris-dataset/project-iris-dataset-main/data/processed/2022-08-03/view_3/snap-2022-08-03T13-52-07.10.csv | github_github.com__buds-lab_project-iris-dataset/project-iris-dataset-main/data/processed/2022-08-03/view_3/snap-2022-08-03T13-51-18.58.csv | github_github.com__buds-lab_project-iris-dataset/project-iris-dataset-main/data/processed/2022-08-03/view_3/snap-2022-08-03T13-48-31.14.csv | github_github.com__buds-lab_project-iris-dataset/project-iris-dataset-main/data/processed/2022-08-03/view_3/snap-2022-08-03T13-50-54.66.csv | github_github.com__buds-lab_project-iris-dataset/project-iris-dataset-main/data/processed/2022-08-03/view_3/snap-2022-08-03T13-50-06.80.csv | github_github.com__buds-lab_project-iris-dataset/project-iris-dataset-main/data/processed/2022-08-03/view_3/snap-2022-08-03T13-49-18.96.csv | github_github.com__buds-lab_project-iris-dataset/project-iris-dataset-main/data/processed/2022-08-03/view_3/snap-2022-08-03T13-49-42.89.csv | github_github.com__buds-lab_project-iris-dataset/project-iris-dataset-main/data/processed/2022-08-03/view_3/snap-2022-08-03T13-48-55.06.csv | github_github.com__buds-lab_project-iris-dataset/project-iris-dataset-main/data/processed/2022-08-03/view_3/snap-2022-08-03T13-51-42.52.csv | github_github.com__buds-lab_project-iris-dataset/project-iris-dataset-main/data/processed/2022-08-03/view_3/snap-2022-08-03T13-50-30.74.csv,,,needs_second_review,,,Building and Material Properties,,,,,missing,lf_006,logical_file,2026-06-16T15:56:23.018424
ann_final_decision,final_decision,,s41597-023-02749-0,,,,,,,,,0.0,,,,article,dataset,2026-06-16T15:56:23.021872
ann_lf_001_grounding,grounding,,s41597-024-03190-7,github_github.com__TomerFishman_MaterialIntensityEstimator/MaterialIntensityEstimator-main/MI_results/MI_ranges_20230905.xlsx | github_github.com__TomerFishman_MaterialIntensityEstimator/MaterialIntensityEstimator-main/MI_estimator.py | github_github.com__TomerFishman_MaterialIntensityEstimator/MaterialIntensityEstimator-main/postestimation/sample_ranges.png | github_github.com__TomerFishman_MaterialIntensityEstimator/MaterialIntensityEstimator-main/tests/effects_of_n/MI_ranges_n40_20230927.xlsx | github_github.com__TomerFishman_MaterialIntensityEstimator/MaterialIntensityEstimator-main/tests/effects_of_n/MI_ranges_n15_20230927.xlsx | github_github.com__TomerFishman_MaterialIntensityEstimator/MaterialIntensityEstimator-main/tests/effects_of_n/MI_ranges_n45_20230927.xlsx | github_github.com__TomerFishman_MaterialIntensityEstimator/MaterialIntensityEstimator-main/tests/effects_of_n/MI_ranges_n10_20230927.xlsx | github_github.com__TomerFishman_MaterialIntensityEstimator/MaterialIntensityEstimator-main/tests/effects_of_n/MI_ranges_n25_20230927.xlsx | github_github.com__TomerFishman_MaterialIntensityEstimator/MaterialIntensityEstimator-main/tests/effects_of_n/MI_ranges_n50_20230927.xlsx | github_github.com__TomerFishman_MaterialIntensityEstimator/MaterialIntensityEstimator-main/tests/effects_of_n/MI_ranges_n55_20230927.xlsx,,,needs_second_review,,,MI_ranges,,,github_github.com__TomerFishman_MaterialIntensityEstimator/MaterialIntensityEstimator-main/MI_results/MI_ranges_20230905.xlsx,,weak_match,lf_001,logical_file,2026-06-16T15:56:24.324960
ann_lf_002_grounding,grounding,,s41597-024-03190-7,github_github.com__TomerFishman_MaterialIntensityEstimator/MaterialIntensityEstimator-main/MI_results/MI_data_20230905.xlsx | github_github.com__TomerFishman_MaterialIntensityEstimator/MaterialIntensityEstimator-main/MI_estimator.py | github_github.com__TomerFishman_MaterialIntensityEstimator/MaterialIntensityEstimator-main/data_input_and_ml_processing/buildings_v2-structure_type_ML.xlsx | github_github.com__TomerFishman_MaterialIntensityEstimator/MaterialIntensityEstimator-main/data_input_and_ml_processing/buildings_v2_outliers.xlsx | github_github.com__TomerFishman_MaterialIntensityEstimator/MaterialIntensityEstimator-main/data_input_and_ml_processing/buildings_v2.xlsx | github_github.com__TomerFishman_MaterialIntensityEstimator/MaterialIntensityEstimator-main/data_input_and_ml_processing/dims_structure.xlsx | github_github.com__TomerFishman_MaterialIntensityEstimator/MaterialIntensityEstimator-main/tests/cross_validation/cross_validation_round_9_20230906.xlsx | github_github.com__TomerFishman_MaterialIntensityEstimator/MaterialIntensityEstimator-main/tests/cross_validation/cross_validation_round_14_20230906.xlsx | github_github.com__TomerFishman_MaterialIntensityEstimator/MaterialIntensityEstimator-main/tests/cross_validation/cross_validation_round_3_20230906.xlsx | github_github.com__TomerFishman_MaterialIntensityEstimator/MaterialIntensityEstimator-main/tests/cross_validation/cross_validation_round_10_20230906.xlsx,,,needs_second_review,,,MI_data,,,github_github.com__TomerFishman_MaterialIntensityEstimator/MaterialIntensityEstimator-main/MI_results/MI_data_20230905.xlsx,,weak_match,lf_002,logical_file,2026-06-16T15:56:24.328796
ann_lf_005_grounding,grounding,,s41597-024-03190-7,,,,needs_second_review,,,postestimation_outputs,,,,,missing,lf_005,logical_file,2026-06-16T15:56:24.332207
ann_lf_006_grounding,grounding,,s41597-024-03190-7,github_github.com__TomerFishman_MaterialIntensityEstimator/MaterialIntensityEstimator-main/tests/cross_validation/cross_validation_test MIs_percent_in_range_20230906.xlsx,,,needs_second_review,,,validation_test_results,,,github_github.com__TomerFishman_MaterialIntensityEstimator/MaterialIntensityEstimator-main/tests/cross_validation/cross_validation_test MIs_percent_in_range_20230906.xlsx,,weak_match,lf_006,logical_file,2026-06-16T15:56:24.335610
ann_final_decision,final_decision,,s41597-024-03190-7,,,,,,,,,0.4583,,,,article,dataset,2026-06-16T15:56:24.338884
ann_lf_001_grounding,grounding,,s41597-025-04681-x,github_github.com__ichalkiad_datadescriptor_uselections2020/datadescriptor_uselections2020-main/us2020data/data/cspan/KamalaHarris/rawtext_droptitles_KamalaHarris.tsv | github_github.com__ichalkiad_datadescriptor_uselections2020/datadescriptor_uselections2020-main/us2020data/data/cspan/KamalaHarris/rawtext_droptitles_KamalaHarris_edit1.tsv | github_github.com__ichalkiad_datadescriptor_uselections2020/datadescriptor_uselections2020-main/us2020data/data/cspan/KamalaHarris/rawtext_droptitles_KamalaHarris_edit2.tsv | github_github.com__ichalkiad_datadescriptor_uselections2020/datadescriptor_uselections2020-main/us2020data/data/cspan/KamalaHarris/rawtext_KamalaHarris.tsv | github_github.com__ichalkiad_datadescriptor_uselections2020/datadescriptor_uselections2020-main/us2020data/data/cspan/KamalaHarris/drop_speech_id.tsv | github_github.com__ichalkiad_datadescriptor_uselections2020/datadescriptor_uselections2020-main/us2020data/data/cspan/JoeBiden/rawtext_droptitles_JoeBiden_edit2.tsv | github_github.com__ichalkiad_datadescriptor_uselections2020/datadescriptor_uselections2020-main/us2020data/data/cspan/JoeBiden/rawtext_droptitles_JoeBiden.tsv | github_github.com__ichalkiad_datadescriptor_uselections2020/datadescriptor_uselections2020-main/us2020data/data/cspan/JoeBiden/rawtext_JoeBiden.tsv | github_github.com__ichalkiad_datadescriptor_uselections2020/datadescriptor_uselections2020-main/us2020data/data/cspan/JoeBiden/drop_speech_id.tsv | github_github.com__ichalkiad_datadescriptor_uselections2020/datadescriptor_uselections2020-main/us2020data/data/cspan/JoeBiden/rawtext_droptitles_JoeBiden_edit1.tsv,,,needs_second_review,,,raw_speech_texts,,,,,missing,lf_001,logical_file,2026-06-16T15:56:25.400446
ann_lf_002_grounding,grounding,,s41597-025-04681-x,github_github.com__ichalkiad_datadescriptor_uselections2020/datadescriptor_uselections2020-main/us2020data/data/cspan/KamalaHarris/rawtext_droptitles_KamalaHarris.tsv | github_github.com__ichalkiad_datadescriptor_uselections2020/datadescriptor_uselections2020-main/us2020data/data/cspan/KamalaHarris/rawtext_droptitles_KamalaHarris_edit1.tsv | github_github.com__ichalkiad_datadescriptor_uselections2020/datadescriptor_uselections2020-main/us2020data/data/cspan/KamalaHarris/rawtext_droptitles_KamalaHarris_edit2.tsv | github_github.com__ichalkiad_datadescriptor_uselections2020/datadescriptor_uselections2020-main/us2020data/data/cspan/KamalaHarris/rawtext_KamalaHarris.tsv | github_github.com__ichalkiad_datadescriptor_uselections2020/datadescriptor_uselections2020-main/us2020data/data/cspan/KamalaHarris/drop_speech_id.tsv | github_github.com__ichalkiad_datadescriptor_uselections2020/datadescriptor_uselections2020-main/us2020data/data/cspan/JoeBiden/rawtext_droptitles_JoeBiden_edit2.tsv | github_github.com__ichalkiad_datadescriptor_uselections2020/datadescriptor_uselections2020-main/us2020data/data/cspan/JoeBiden/rawtext_droptitles_JoeBiden.tsv | github_github.com__ichalkiad_datadescriptor_uselections2020/datadescriptor_uselections2020-main/us2020data/data/cspan/JoeBiden/rawtext_JoeBiden.tsv | github_github.com__ichalkiad_datadescriptor_uselections2020/datadescriptor_uselections2020-main/us2020data/data/cspan/JoeBiden/drop_speech_id.tsv | github_github.com__ichalkiad_datadescriptor_uselections2020/datadescriptor_uselections2020-main/us2020data/data/cspan/JoeBiden/rawtext_droptitles_JoeBiden_edit1.tsv,,,needs_second_review,,,clean_speech_texts,,,,,missing,lf_002,logical_file,2026-06-16T15:56:25.404344
ann_lf_003_grounding,grounding,,s41597-025-04681-x,github_github.com__ichalkiad_datadescriptor_uselections2020/datadescriptor_uselections2020-main/us2020data/stm/lexica/concisepolitics_oxford.csv | github_github.com__ichalkiad_datadescriptor_uselections2020/datadescriptor_uselections2020-main/us2020data/stm/lexica/supremecourt_oxford.csv | github_github.com__ichalkiad_datadescriptor_uselections2020/datadescriptor_uselections2020-main/us2020data/stm/lexica/sociology_oxford.csv | github_github.com__ichalkiad_datadescriptor_uselections2020/datadescriptor_uselections2020-main/us2020data/stm/lexica/contemporaryhistory_oxford.csv | github_github.com__ichalkiad_datadescriptor_uselections2020/datadescriptor_uselections2020-main/us2020data/stm/lexica/senatevocab.csv | github_github.com__ichalkiad_datadescriptor_uselections2020/datadescriptor_uselections2020-main/us2020data/stm/lexica/immigration_uscis.csv | github_github.com__ichalkiad_datadescriptor_uselections2020/datadescriptor_uselections2020-main/us2020data/stm/lexica/immigration_glossary.csv | github_github.com__ichalkiad_datadescriptor_uselections2020/datadescriptor_uselections2020-main/us2020data/stm/lexica/gender_oxford.csv | github_github.com__ichalkiad_datadescriptor_uselections2020/datadescriptor_uselections2020-main/us2020data/stm/lexica/StopwordsPoliticalScience.csv | github_github.com__ichalkiad_datadescriptor_uselections2020/datadescriptor_uselections2020-main/us2020data/stm/lexica/economics_oxford.csv,,,needs_second_review,,,cspan_search_metadata,,,,,missing,lf_003,logical_file,2026-06-16T15:56:25.408148
ann_lf_004_grounding,grounding,,s41597-025-04681-x,github_github.com__ichalkiad_datadescriptor_uselections2020/datadescriptor_uselections2020-main/us2020data/data/cspan/KamalaHarris/drop_speech_id.tsv | github_github.com__ichalkiad_datadescriptor_uselections2020/datadescriptor_uselections2020-main/us2020data/data/cspan/JoeBiden/drop_speech_id.tsv | github_github.com__ichalkiad_datadescriptor_uselections2020/datadescriptor_uselections2020-main/us2020data/data/cspan/DonaldTrump/drop_speech_id.tsv | github_github.com__ichalkiad_datadescriptor_uselections2020/datadescriptor_uselections2020-main/us2020data/data/cspan/MikePence/drop_speech_id.tsv | github_github.com__ichalkiad_datadescriptor_uselections2020/datadescriptor_uselections2020-main/us2020data/data/medium/KamalaHarris/drop_speech_id.tsv | github_github.com__ichalkiad_datadescriptor_uselections2020/datadescriptor_uselections2020-main/us2020data/data/medium/JoeBiden/drop_speech_id.tsv | github_github.com__ichalkiad_datadescriptor_uselections2020/datadescriptor_uselections2020-main/us2020data/data/votesmart/KamalaHarris/drop_speech_id.tsv | github_github.com__ichalkiad_datadescriptor_uselections2020/datadescriptor_uselections2020-main/us2020data/data/votesmart/JoeBiden/drop_speech_id.tsv | github_github.com__ichalkiad_datadescriptor_uselections2020/datadescriptor_uselections2020-main/us2020data/data/votesmart/DonaldTrump/drop_speech_id.tsv | github_github.com__ichalkiad_datadescriptor_uselections2020/datadescriptor_uselections2020-main/us2020data/data/votesmart/MikePence/drop_speech_id.tsv,,,modify_code,,,dropped_speech_ids,,,github_github.com__ichalkiad_datadescriptor_uselections2020/datadescriptor_uselections2020-main/us2020data/data/cspan/KamalaHarris/drop_speech_id.tsv | github_github.com__ichalkiad_datadescriptor_uselections2020/datadescriptor_uselections2020-main/us2020data/data/cspan/JoeBiden/drop_speech_id.tsv | github_github.com__ichalkiad_datadescriptor_uselections2020/datadescriptor_uselections2020-main/us2020data/data/cspan/DonaldTrump/drop_speech_id.tsv | github_github.com__ichalkiad_datadescriptor_uselections2020/datadescriptor_uselections2020-main/us2020data/data/cspan/MikePence/drop_speech_id.tsv | github_github.com__ichalkiad_datadescriptor_uselections2020/datadescriptor_uselections2020-main/us2020data/data/medium/KamalaHarris/drop_speech_id.tsv | github_github.com__ichalkiad_datadescriptor_uselections2020/datadescriptor_uselections2020-main/us2020data/data/medium/JoeBiden/drop_speech_id.tsv | github_github.com__ichalkiad_datadescriptor_uselections2020/datadescriptor_uselections2020-main/us2020data/data/votesmart/KamalaHarris/drop_speech_id.tsv | github_github.com__ichalkiad_datadescriptor_uselections2020/datadescriptor_uselections2020-main/us2020data/data/votesmart/JoeBiden/drop_speech_id.tsv | github_github.com__ichalkiad_datadescriptor_uselections2020/datadescriptor_uselections2020-main/us2020data/data/votesmart/DonaldTrump/drop_speech_id.tsv | github_github.com__ichalkiad_datadescriptor_uselections2020/datadescriptor_uselections2020-main/us2020data/data/votesmart/MikePence/drop_speech_id.tsv,,ambiguous,lf_004,logical_file,2026-06-16T15:56:25.412063
ann_lf_005_grounding,grounding,,s41597-025-04681-x,github_github.com__ichalkiad_datadescriptor_uselections2020/datadescriptor_uselections2020-main/us2020data/data/cspan/KamalaHarris/rawtext_droptitles_KamalaHarris_edit1.tsv | github_github.com__ichalkiad_datadescriptor_uselections2020/datadescriptor_uselections2020-main/us2020data/data/cspan/KamalaHarris/rawtext_droptitles_KamalaHarris_edit2.tsv | github_github.com__ichalkiad_datadescriptor_uselections2020/datadescriptor_uselections2020-main/us2020data/data/cspan/JoeBiden/rawtext_droptitles_JoeBiden_edit2.tsv | github_github.com__ichalkiad_datadescriptor_uselections2020/datadescriptor_uselections2020-main/us2020data/data/cspan/JoeBiden/rawtext_droptitles_JoeBiden_edit1.tsv | github_github.com__ichalkiad_datadescriptor_uselections2020/datadescriptor_uselections2020-main/us2020data/data/cspan/DonaldTrump/rawtext_droptitles_DonaldTrump_edit2.tsv | github_github.com__ichalkiad_datadescriptor_uselections2020/datadescriptor_uselections2020-main/us2020data/data/cspan/DonaldTrump/rawtext_droptitles_DonaldTrump_edit1.tsv | github_github.com__ichalkiad_datadescriptor_uselections2020/datadescriptor_uselections2020-main/us2020data/data/cspan/MikePence/rawtext_droptitles_MikePence_edit1.tsv | github_github.com__ichalkiad_datadescriptor_uselections2020/datadescriptor_uselections2020-main/us2020data/data/cspan/MikePence/rawtext_droptitles_MikePence_edit2.tsv,,,modify_code,,,intermediate_curation_files,,,github_github.com__ichalkiad_datadescriptor_uselections2020/datadescriptor_uselections2020-main/us2020data/data/cspan/KamalaHarris/rawtext_droptitles_KamalaHarris_edit1.tsv | github_github.com__ichalkiad_datadescriptor_uselections2020/datadescriptor_uselections2020-main/us2020data/data/cspan/KamalaHarris/rawtext_droptitles_KamalaHarris_edit2.tsv | github_github.com__ichalkiad_datadescriptor_uselections2020/datadescriptor_uselections2020-main/us2020data/data/cspan/JoeBiden/rawtext_droptitles_JoeBiden_edit2.tsv | github_github.com__ichalkiad_datadescriptor_uselections2020/datadescriptor_uselections2020-main/us2020data/data/cspan/JoeBiden/rawtext_droptitles_JoeBiden_edit1.tsv | github_github.com__ichalkiad_datadescriptor_uselections2020/datadescriptor_uselections2020-main/us2020data/data/cspan/DonaldTrump/rawtext_droptitles_DonaldTrump_edit2.tsv | github_github.com__ichalkiad_datadescriptor_uselections2020/datadescriptor_uselections2020-main/us2020data/data/cspan/DonaldTrump/rawtext_droptitles_DonaldTrump_edit1.tsv | github_github.com__ichalkiad_datadescriptor_uselections2020/datadescriptor_uselections2020-main/us2020data/data/cspan/MikePence/rawtext_droptitles_MikePence_edit1.tsv | github_github.com__ichalkiad_datadescriptor_uselections2020/datadescriptor_uselections2020-main/us2020data/data/cspan/MikePence/rawtext_droptitles_MikePence_edit2.tsv,,ambiguous,lf_005,logical_file,2026-06-16T15:56:25.415943
ann_lf_006_grounding,grounding,,s41597-025-04681-x,,,,needs_second_review,,,special_cleaning_needed_transcripts,,,,,missing,lf_006,logical_file,2026-06-16T15:56:25.419307
ann_lf_007_grounding,grounding,,s41597-025-04681-x,,,,needs_second_review,,,supporting_lexica,,,,,missing,lf_007,logical_file,2026-06-16T15:56:25.422552
ann_final_decision,final_decision,,s41597-025-04681-x,,,,,,,,,0.25,,,,article,dataset,2026-06-16T15:56:25.425747
ann_lf_003_grounding,grounding,,s41597-025-04696-4,github_github.com__kalab-oto_zoraptera-occurrence-dataset/zoraptera-occurrence-dataset-main/taxon_ranks.csv | github_github.com__kalab-oto_zoraptera-occurrence-dataset/zoraptera-occurrence-dataset-main/zoraptera_occs.csv,,,needs_second_review,,,taxonomic_reference,,,github_github.com__kalab-oto_zoraptera-occurrence-dataset/zoraptera-occurrence-dataset-main/taxon_ranks.csv,,weak_match,lf_003,logical_file,2026-06-16T15:56:26.628749
ann_final_decision,final_decision,,s41597-025-04696-4,,,,,,,,,0.9062,,,,article,dataset,2026-06-16T15:56:26.632312
ann_lf_001_grounding,grounding,,s41597-021-00878-y,github_github.com__IBM_wntrac/wntrac-master/data/ibm-wntrac-2021-10-05.zip | github_github.com__IBM_wntrac/wntrac-master/data/ibm-wntrac-2021-08-04.zip | github_github.com__IBM_wntrac/wntrac-master/data/ibm-wntrac-2021-01-07.zip | github_github.com__IBM_wntrac/wntrac-master/data/ibm-wntrac-2021-01-24.zip | github_github.com__IBM_wntrac/wntrac-master/data/ibm-wntrac-2020-10-13.zip | github_github.com__IBM_wntrac/wntrac-master/data/ibm-wntrac-2020-07-08.zip | github_github.com__IBM_wntrac/wntrac-master/data/ibm-wntrac-2021-01-31.zip | github_github.com__IBM_wntrac/wntrac-master/data/ibm-wntrac-2021-04-14.zip | github_github.com__IBM_wntrac/wntrac-master/data/ibm-wntrac-2020-11-30.zip | github_github.com__IBM_wntrac/wntrac-master/data/ibm-wntrac-2020-11-10.zip,,,modify_code,,,NPI Events,,,github_github.com__IBM_wntrac/wntrac-master/data/ibm-wntrac-2021-10-05.zip | github_github.com__IBM_wntrac/wntrac-master/data/ibm-wntrac-2021-08-04.zip | github_github.com__IBM_wntrac/wntrac-master/data/ibm-wntrac-2021-01-07.zip | github_github.com__IBM_wntrac/wntrac-master/data/ibm-wntrac-2021-01-24.zip | github_github.com__IBM_wntrac/wntrac-master/data/ibm-wntrac-2020-10-13.zip | github_github.com__IBM_wntrac/wntrac-master/data/ibm-wntrac-2020-07-08.zip | github_github.com__IBM_wntrac/wntrac-master/data/ibm-wntrac-2021-01-31.zip | github_github.com__IBM_wntrac/wntrac-master/data/ibm-wntrac-2021-04-14.zip | github_github.com__IBM_wntrac/wntrac-master/data/ibm-wntrac-2020-11-30.zip | github_github.com__IBM_wntrac/wntrac-master/data/ibm-wntrac-2020-11-10.zip | github_github.com__IBM_wntrac/wntrac-master/data/ibm-wntrac-2021-04-07.zip | github_github.com__IBM_wntrac/wntrac-master/data/ibm-wntrac-2020-08-08.zip | github_github.com__IBM_wntrac/wntrac-master/data/ibm-wntrac-2020-07-24.zip | github_github.com__IBM_wntrac/wntrac-master/data/ibm-wntrac-2021-02-22.zip | github_github.com__IBM_wntrac/wntrac-master/data/ibm-wntrac-2021-05-11.zip | github_github.com__IBM_wntrac/wntrac-master/data/ibm-wntrac-2021-09-02.zip | github_github.com__IBM_wntrac/wntrac-master/data/ibm-wntrac-2020-11-23.zip | github_github.com__IBM_wntrac/wntrac-master/data/ibm-wntrac-2020-09-02.zip | github_github.com__IBM_wntrac/wntrac-master/data/ibm-wntrac-2020-12-07.zip | github_github.com__IBM_wntrac/wntrac-master/data/ibm-wntrac-2020-09-23.zip | github_github.com__IBM_wntrac/wntrac-master/data/ibm-wntrac-2021-06-21.zip | github_github.com__IBM_wntrac/wntrac-master/data/ibm-wntrac-2020-10-31.zip | github_github.com__IBM_wntrac/wntrac-master/data/ibm-wntrac-2021-03-21.zip | github_github.com__IBM_wntrac/wntrac-master/data/ibm-wntrac-2020-08-18.zip | github_github.com__IBM_wntrac/wntrac-master/data/ibm-wntrac-2020-09-15.zip | github_github.com__IBM_wntrac/wntrac-master/data/ibm-wntrac-2021-06-03.zip | github_github.com__IBM_wntrac/wntrac-master/data/ibm-wntrac-2021-03-15.zip | github_github.com__IBM_wntrac/wntrac-master/data/ibm-wntrac-2021-02-15.zip | github_github.com__IBM_wntrac/wntrac-master/code/npi_index/WNTRAC_NPI_Index.ipynb,,ambiguous,lf_001,logical_file,2026-06-16T15:56:27.797603
ann_lf_002_grounding,grounding,,s41597-021-00878-y,github_github.com__IBM_wntrac/wntrac-master/data/ibm-wntrac-2021-10-05.zip | github_github.com__IBM_wntrac/wntrac-master/data/ibm-wntrac-2021-08-04.zip | github_github.com__IBM_wntrac/wntrac-master/data/ibm-wntrac-2021-01-07.zip | github_github.com__IBM_wntrac/wntrac-master/data/ibm-wntrac-2021-01-24.zip | github_github.com__IBM_wntrac/wntrac-master/data/ibm-wntrac-2020-10-13.zip | github_github.com__IBM_wntrac/wntrac-master/data/ibm-wntrac-2020-07-08.zip | github_github.com__IBM_wntrac/wntrac-master/data/ibm-wntrac-2021-01-31.zip | github_github.com__IBM_wntrac/wntrac-master/data/ibm-wntrac-2021-04-14.zip | github_github.com__IBM_wntrac/wntrac-master/data/ibm-wntrac-2020-11-30.zip | github_github.com__IBM_wntrac/wntrac-master/data/ibm-wntrac-2020-11-10.zip,,,modify_code,,,NPI Evidences,,,github_github.com__IBM_wntrac/wntrac-master/data/ibm-wntrac-2021-10-05.zip | github_github.com__IBM_wntrac/wntrac-master/data/ibm-wntrac-2021-08-04.zip | github_github.com__IBM_wntrac/wntrac-master/data/ibm-wntrac-2021-01-07.zip | github_github.com__IBM_wntrac/wntrac-master/data/ibm-wntrac-2021-01-24.zip | github_github.com__IBM_wntrac/wntrac-master/data/ibm-wntrac-2020-10-13.zip | github_github.com__IBM_wntrac/wntrac-master/data/ibm-wntrac-2020-07-08.zip | github_github.com__IBM_wntrac/wntrac-master/data/ibm-wntrac-2021-01-31.zip | github_github.com__IBM_wntrac/wntrac-master/data/ibm-wntrac-2021-04-14.zip | github_github.com__IBM_wntrac/wntrac-master/data/ibm-wntrac-2020-11-30.zip | github_github.com__IBM_wntrac/wntrac-master/data/ibm-wntrac-2020-11-10.zip | github_github.com__IBM_wntrac/wntrac-master/data/ibm-wntrac-2021-04-07.zip | github_github.com__IBM_wntrac/wntrac-master/data/ibm-wntrac-2020-08-08.zip | github_github.com__IBM_wntrac/wntrac-master/data/ibm-wntrac-2020-07-24.zip | github_github.com__IBM_wntrac/wntrac-master/data/ibm-wntrac-2021-02-22.zip | github_github.com__IBM_wntrac/wntrac-master/data/ibm-wntrac-2021-05-11.zip | github_github.com__IBM_wntrac/wntrac-master/data/ibm-wntrac-2021-09-02.zip | github_github.com__IBM_wntrac/wntrac-master/data/ibm-wntrac-2020-11-23.zip | github_github.com__IBM_wntrac/wntrac-master/data/ibm-wntrac-2020-09-02.zip | github_github.com__IBM_wntrac/wntrac-master/data/ibm-wntrac-2020-12-07.zip | github_github.com__IBM_wntrac/wntrac-master/data/ibm-wntrac-2020-09-23.zip | github_github.com__IBM_wntrac/wntrac-master/data/ibm-wntrac-2021-06-21.zip | github_github.com__IBM_wntrac/wntrac-master/data/ibm-wntrac-2020-10-31.zip | github_github.com__IBM_wntrac/wntrac-master/data/ibm-wntrac-2021-03-21.zip | github_github.com__IBM_wntrac/wntrac-master/data/ibm-wntrac-2020-08-18.zip | github_github.com__IBM_wntrac/wntrac-master/data/ibm-wntrac-2020-09-15.zip | github_github.com__IBM_wntrac/wntrac-master/data/ibm-wntrac-2021-06-03.zip | github_github.com__IBM_wntrac/wntrac-master/data/ibm-wntrac-2021-03-15.zip | github_github.com__IBM_wntrac/wntrac-master/data/ibm-wntrac-2021-02-15.zip | github_github.com__IBM_wntrac/wntrac-master/code/npi_index/WNTRAC_NPI_Index.ipynb,,ambiguous,lf_002,logical_file,2026-06-16T15:56:27.802587
ann_final_decision,final_decision,,s41597-021-00878-y,,,,,,,,,0.5,,,,article,dataset,2026-06-16T15:56:27.807418
ann_lf_001_grounding,grounding,,s41597-024-04051-z,github_github.com__pyrfume_pyrfume-data/pyrfume-data-main/wakayama_2019/stimuli.csv | github_github.com__pyrfume_pyrfume-data/pyrfume-data-main/scott_2014/stimuli.csv | github_github.com__pyrfume_pyrfume-data/pyrfume-data-main/ma_2012/stimuli.csv | github_github.com__pyrfume_pyrfume-data/pyrfume-data-main/bushdid_2014/stimuli.csv | github_github.com__pyrfume_pyrfume-data/pyrfume-data-main/weiss_2012/stimuli.csv | github_github.com__pyrfume_pyrfume-data/pyrfume-data-main/sigma_2014/stimuli.csv | github_github.com__pyrfume_pyrfume-data/pyrfume-data-main/burton_2022/stimuli.csv | github_github.com__pyrfume_pyrfume-data/pyrfume-data-main/goodscents/stimuli.csv | github_github.com__pyrfume_pyrfume-data/pyrfume-data-main/yu_2015/stimuli.csv | github_github.com__pyrfume_pyrfume-data/pyrfume-data-main/ahmed_2018/stimuli.csv,,,modify_code,,,stimuli,,,github_github.com__pyrfume_pyrfume-data/pyrfume-data-main/wakayama_2019/stimuli.csv | github_github.com__pyrfume_pyrfume-data/pyrfume-data-main/scott_2014/stimuli.csv | github_github.com__pyrfume_pyrfume-data/pyrfume-data-main/ma_2012/stimuli.csv | github_github.com__pyrfume_pyrfume-data/pyrfume-data-main/bushdid_2014/stimuli.csv | github_github.com__pyrfume_pyrfume-data/pyrfume-data-main/weiss_2012/stimuli.csv | github_github.com__pyrfume_pyrfume-data/pyrfume-data-main/sigma_2014/stimuli.csv | github_github.com__pyrfume_pyrfume-data/pyrfume-data-main/burton_2022/stimuli.csv | github_github.com__pyrfume_pyrfume-data/pyrfume-data-main/goodscents/stimuli.csv | github_github.com__pyrfume_pyrfume-data/pyrfume-data-main/yu_2015/stimuli.csv | github_github.com__pyrfume_pyrfume-data/pyrfume-data-main/ahmed_2018/stimuli.csv | github_github.com__pyrfume_pyrfume-data/pyrfume-data-main/nagappan_2021/stimuli.csv | github_github.com__pyrfume_pyrfume-data/pyrfume-data-main/aromadb/stimuli.csv | github_github.com__pyrfume_pyrfume-data/pyrfume-data-main/iurilli_2017/stimuli.csv | github_github.com__pyrfume_pyrfume-data/pyrfume-data-main/leon/stimuli.csv | github_github.com__pyrfume_pyrfume-data/pyrfume-data-main/keller_2016/stimuli.csv | github_github.com__pyrfume_pyrfume-data/pyrfume-data-main/nat_geo_1986/stimuli.csv | github_github.com__pyrfume_pyrfume-data/pyrfume-data-main/nhanes_2014/stimuli.csv | github_github.com__pyrfume_pyrfume-data/pyrfume-data-main/ifra_2019/stimuli.csv | github_github.com__pyrfume_pyrfume-data/pyrfume-data-main/flavornet/stimuli.csv | github_github.com__pyrfume_pyrfume-data/pyrfume-data-main/mayhew_2022/stimuli.csv | github_github.com__pyrfume_pyrfume-data/pyrfume-data-main/abraham_2012/stimuli.csv | github_github.com__pyrfume_pyrfume-data/pyrfume-data-main/snitz_2013/stimuli.csv | github_github.com__pyrfume_pyrfume-data/pyrfume-data-main/nakayama_2022/stimuli.csv | github_github.com__pyrfume_pyrfume-data/pyrfume-data-main/slone_2017/stimuli.csv | github_github.com__pyrfume_pyrfume-data/pyrfume-data-main/mainland_2015/stimuli.csv | github_github.com__pyrfume_pyrfume-data/pyrfume-data-main/keller_2012/stimuli.csv | github_github.com__pyrfume_pyrfume-data/pyrfume-data-main/flavordb/stimuli.csv | github_github.com__pyrfume_pyrfume-data/pyrfume-data-main/bolding_2018/stimuli.csv | github_github.com__pyrfume_pyrfume-data/pyrfume-data-main/arshamian_2022/stimuli.csv | github_github.com__pyrfume_pyrfume-data/pyrfume-data-main/soh_2013/stimuli.csv | github_github.com__pyrfume_pyrfume-data/pyrfume-data-main/chae_2019/stimuli.csv | github_github.com__pyrfume_pyrfume-data/pyrfume-data-main/ravia_2020/stimuli.csv | github_github.com__pyrfume_pyrfume-data/pyrfume-data-main/dravnieks_1985/stimuli.csv | github_github.com__pyrfume_pyrfume-data/pyrfume-data-main/jones_2019/stimuli.csv | github_github.com__pyrfume_pyrfume-data/pyrfume-data-main/manoel_2021/stimuli.csv | github_github.com__pyrfume_pyrfume-data/pyrfume-data-main/leffingwell/stimuli.csv | github_github.com__pyrfume_pyrfume-data/pyrfume-data-main/arctander_1960/stimuli.csv | github_github.com__pyrfume_pyrfume-data/pyrfume-data-main/snitz_2019/stimuli.csv | github_github.com__pyrfume_pyrfume-data/pyrfume-data-main/sharma_2021a/stimuli.csv | github_github.com__pyrfume_pyrfume-data/pyrfume-data-main/sharma_2021b/stimuli.csv | github_github.com__pyrfume_pyrfume-data/pyrfume-data-main/ma_2021/stimuli.csv,,ambiguous,lf_001,logical_file,2026-06-16T15:56:28.917327
ann_lf_002_grounding,grounding,,s41597-024-04051-z,github_github.com__pyrfume_pyrfume-data/pyrfume-data-main/wakayama_2019/molecules.csv | github_github.com__pyrfume_pyrfume-data/pyrfume-data-main/foodcomex/molecules.csv | github_github.com__pyrfume_pyrfume-data/pyrfume-data-main/scott_2014/molecules.csv | github_github.com__pyrfume_pyrfume-data/pyrfume-data-main/haddad_2008/molecules.csv | github_github.com__pyrfume_pyrfume-data/pyrfume-data-main/ma_2012/molecules.csv | github_github.com__pyrfume_pyrfume-data/pyrfume-data-main/bushdid_2014/molecules.csv | github_github.com__pyrfume_pyrfume-data/pyrfume-data-main/weiss_2012/molecules.csv | github_github.com__pyrfume_pyrfume-data/pyrfume-data-main/sigma_2014/molecules.csv | github_github.com__pyrfume_pyrfume-data/pyrfume-data-main/fragrancedb/molecules.csv | github_github.com__pyrfume_pyrfume-data/pyrfume-data-main/prestwick/molecules.csv,,,modify_code,,,molecules,,,github_github.com__pyrfume_pyrfume-data/pyrfume-data-main/wakayama_2019/molecules.csv | github_github.com__pyrfume_pyrfume-data/pyrfume-data-main/foodcomex/molecules.csv | github_github.com__pyrfume_pyrfume-data/pyrfume-data-main/scott_2014/molecules.csv | github_github.com__pyrfume_pyrfume-data/pyrfume-data-main/haddad_2008/molecules.csv | github_github.com__pyrfume_pyrfume-data/pyrfume-data-main/ma_2012/molecules.csv | github_github.com__pyrfume_pyrfume-data/pyrfume-data-main/bushdid_2014/molecules.csv | github_github.com__pyrfume_pyrfume-data/pyrfume-data-main/weiss_2012/molecules.csv | github_github.com__pyrfume_pyrfume-data/pyrfume-data-main/sigma_2014/molecules.csv | github_github.com__pyrfume_pyrfume-data/pyrfume-data-main/fragrancedb/molecules.csv | github_github.com__pyrfume_pyrfume-data/pyrfume-data-main/prestwick/molecules.csv | github_github.com__pyrfume_pyrfume-data/pyrfume-data-main/burton_2022/molecules.csv | github_github.com__pyrfume_pyrfume-data/pyrfume-data-main/goodscents/molecules.csv | github_github.com__pyrfume_pyrfume-data/pyrfume-data-main/molecules/molecules.csv | github_github.com__pyrfume_pyrfume-data/pyrfume-data-main/foodb/molecules.csv | github_github.com__pyrfume_pyrfume-data/pyrfume-data-main/yu_2015/molecules.csv | github_github.com__pyrfume_pyrfume-data/pyrfume-data-main/ahmed_2018/molecules.csv | github_github.com__pyrfume_pyrfume-data/pyrfume-data-main/nagappan_2021/molecules.csv | github_github.com__pyrfume_pyrfume-data/pyrfume-data-main/aromadb/molecules.csv | github_github.com__pyrfume_pyrfume-data/pyrfume-data-main/iurilli_2017/molecules.csv | github_github.com__pyrfume_pyrfume-data/pyrfume-data-main/knapsack/molecules.csv | github_github.com__pyrfume_pyrfume-data/pyrfume-data-main/gras/molecules.csv | github_github.com__pyrfume_pyrfume-data/pyrfume-data-main/leon/molecules.csv | github_github.com__pyrfume_pyrfume-data/pyrfume-data-main/sisson_2024/molecules.csv | github_github.com__pyrfume_pyrfume-data/pyrfume-data-main/keller_2016/molecules.csv | github_github.com__pyrfume_pyrfume-data/pyrfume-data-main/nat_geo_1986/molecules.csv | github_github.com__pyrfume_pyrfume-data/pyrfume-data-main/freesolve/molecules.csv | github_github.com__pyrfume_pyrfume-data/pyrfume-data-main/superscent/molecules.csv | github_github.com__pyrfume_pyrfume-data/pyrfume-data-main/ifra_2019/molecules.csv | github_github.com__pyrfume_pyrfume-data/pyrfume-data-main/flavornet/molecules.csv | github_github.com__pyrfume_pyrfume-data/pyrfume-data-main/mayhew_2022/molecules.csv | github_github.com__pyrfume_pyrfume-data/pyrfume-data-main/abraham_2012/molecules.csv | github_github.com__pyrfume_pyrfume-data/pyrfume-data-main/snitz_2013/molecules.csv | github_github.com__pyrfume_pyrfume-data/pyrfume-data-main/nakayama_2022/molecules.csv | github_github.com__pyrfume_pyrfume-data/pyrfume-data-main/slone_2017/molecules.csv | github_github.com__pyrfume_pyrfume-data/pyrfume-data-main/mainland_2015/molecules.csv | github_github.com__pyrfume_pyrfume-data/pyrfume-data-main/t3db/molecules.csv | github_github.com__pyrfume_pyrfume-data/pyrfume-data-main/optical_rotation/molecules.csv | github_github.com__pyrfume_pyrfume-data/pyrfume-data-main/keller_2012/molecules.csv | github_github.com__pyrfume_pyrfume-data/pyrfume-data-main/flavordb/molecules.csv | github_github.com__pyrfume_pyrfume-data/pyrfume-data-main/bolding_2018/molecules.csv | github_github.com__pyrfume_pyrfume-data/pyrfume-data-main/arshamian_2022/molecules.csv | github_github.com__pyrfume_pyrfume-data/pyrfume-data-main/soh_2013/molecules.csv | github_github.com__pyrfume_pyrfume-data/pyrfume-data-main/chae_2019/molecules.csv | github_github.com__pyrfume_pyrfume-data/pyrfume-data-main/ravia_2020/molecules.csv | github_github.com__pyrfume_pyrfume-data/pyrfume-data-main/dravnieks_1985/molecules.csv | github_github.com__pyrfume_pyrfume-data/pyrfume-data-main/jones_2019/molecules.csv | github_github.com__pyrfume_pyrfume-data/pyrfume-data-main/manoel_2021/molecules.csv | github_github.com__pyrfume_pyrfume-data/pyrfume-data-main/leffingwell/molecules.csv | github_github.com__pyrfume_pyrfume-data/pyrfume-data-main/arctander_1960/molecules.csv | github_github.com__pyrfume_pyrfume-data/pyrfume-data-main/snitz_2019/molecules.csv | github_github.com__pyrfume_pyrfume-data/pyrfume-data-main/sharma_2021a/molecules.csv | github_github.com__pyrfume_pyrfume-data/pyrfume-data-main/sharma_2021b/molecules.csv | github_github.com__pyrfume_pyrfume-data/pyrfume-data-main/ma_2021/molecules.csv,,ambiguous,lf_002,logical_file,2026-06-16T15:56:28.922317
ann_lf_003_grounding,grounding,,s41597-024-04051-z,github_github.com__pyrfume_pyrfume-data/pyrfume-data-main/wakayama_2019/behavior.csv | github_github.com__pyrfume_pyrfume-data/pyrfume-data-main/scott_2014/behavior.csv | github_github.com__pyrfume_pyrfume-data/pyrfume-data-main/bushdid_2014/behavior.csv | github_github.com__pyrfume_pyrfume-data/pyrfume-data-main/sigma_2014/behavior.csv | github_github.com__pyrfume_pyrfume-data/pyrfume-data-main/burton_2022/behavior.csv | github_github.com__pyrfume_pyrfume-data/pyrfume-data-main/goodscents/behavior.csv | github_github.com__pyrfume_pyrfume-data/pyrfume-data-main/yu_2015/behavior.csv | github_github.com__pyrfume_pyrfume-data/pyrfume-data-main/ahmed_2018/behavior.csv | github_github.com__pyrfume_pyrfume-data/pyrfume-data-main/nagappan_2021/behavior.csv | github_github.com__pyrfume_pyrfume-data/pyrfume-data-main/aromadb/behavior.csv,,,modify_code,,,behavior,,,github_github.com__pyrfume_pyrfume-data/pyrfume-data-main/wakayama_2019/behavior.csv | github_github.com__pyrfume_pyrfume-data/pyrfume-data-main/scott_2014/behavior.csv | github_github.com__pyrfume_pyrfume-data/pyrfume-data-main/bushdid_2014/behavior.csv | github_github.com__pyrfume_pyrfume-data/pyrfume-data-main/sigma_2014/behavior.csv | github_github.com__pyrfume_pyrfume-data/pyrfume-data-main/burton_2022/behavior.csv | github_github.com__pyrfume_pyrfume-data/pyrfume-data-main/goodscents/behavior.csv | github_github.com__pyrfume_pyrfume-data/pyrfume-data-main/yu_2015/behavior.csv | github_github.com__pyrfume_pyrfume-data/pyrfume-data-main/ahmed_2018/behavior.csv | github_github.com__pyrfume_pyrfume-data/pyrfume-data-main/nagappan_2021/behavior.csv | github_github.com__pyrfume_pyrfume-data/pyrfume-data-main/aromadb/behavior.csv | github_github.com__pyrfume_pyrfume-data/pyrfume-data-main/iurilli_2017/behavior.csv | github_github.com__pyrfume_pyrfume-data/pyrfume-data-main/keller_2016/behavior.csv | github_github.com__pyrfume_pyrfume-data/pyrfume-data-main/nat_geo_1986/behavior.csv | github_github.com__pyrfume_pyrfume-data/pyrfume-data-main/ifra_2019/behavior.csv | github_github.com__pyrfume_pyrfume-data/pyrfume-data-main/flavornet/behavior.csv | github_github.com__pyrfume_pyrfume-data/pyrfume-data-main/abraham_2012/behavior.csv | github_github.com__pyrfume_pyrfume-data/pyrfume-data-main/snitz_2013/behavior.csv | github_github.com__pyrfume_pyrfume-data/pyrfume-data-main/nakayama_2022/behavior.csv | github_github.com__pyrfume_pyrfume-data/pyrfume-data-main/mainland_2015/behavior.csv | github_github.com__pyrfume_pyrfume-data/pyrfume-data-main/flavordb/behavior.csv | github_github.com__pyrfume_pyrfume-data/pyrfume-data-main/bolding_2018/behavior.csv | github_github.com__pyrfume_pyrfume-data/pyrfume-data-main/soh_2013/behavior.csv | github_github.com__pyrfume_pyrfume-data/pyrfume-data-main/jones_2019/behavior.csv | github_github.com__pyrfume_pyrfume-data/pyrfume-data-main/manoel_2021/behavior.csv | github_github.com__pyrfume_pyrfume-data/pyrfume-data-main/leffingwell/behavior.csv | github_github.com__pyrfume_pyrfume-data/pyrfume-data-main/sharma_2021a/behavior.csv | github_github.com__pyrfume_pyrfume-data/pyrfume-data-main/ma_2021/behavior.csv,,ambiguous,lf_003,logical_file,2026-06-16T15:56:28.927175
ann_lf_004_grounding,grounding,,s41597-024-04051-z,github_github.com__pyrfume_pyrfume-data/pyrfume-data-main/burton_2022/subjects.csv | github_github.com__pyrfume_pyrfume-data/pyrfume-data-main/yu_2015/subjects.csv | github_github.com__pyrfume_pyrfume-data/pyrfume-data-main/ahmed_2018/subjects.csv | github_github.com__pyrfume_pyrfume-data/pyrfume-data-main/nagappan_2021/subjects.csv | github_github.com__pyrfume_pyrfume-data/pyrfume-data-main/iurilli_2017/subjects.csv | github_github.com__pyrfume_pyrfume-data/pyrfume-data-main/keller_2016/subjects.csv | github_github.com__pyrfume_pyrfume-data/pyrfume-data-main/nat_geo_1986/subjects.csv | github_github.com__pyrfume_pyrfume-data/pyrfume-data-main/slone_2017/subjects.csv | github_github.com__pyrfume_pyrfume-data/pyrfume-data-main/mainland_2015/subjects.csv | github_github.com__pyrfume_pyrfume-data/pyrfume-data-main/keller_2012/subjects.csv,,,modify_code,,,subjects,,,github_github.com__pyrfume_pyrfume-data/pyrfume-data-main/burton_2022/subjects.csv | github_github.com__pyrfume_pyrfume-data/pyrfume-data-main/yu_2015/subjects.csv | github_github.com__pyrfume_pyrfume-data/pyrfume-data-main/ahmed_2018/subjects.csv | github_github.com__pyrfume_pyrfume-data/pyrfume-data-main/nagappan_2021/subjects.csv | github_github.com__pyrfume_pyrfume-data/pyrfume-data-main/iurilli_2017/subjects.csv | github_github.com__pyrfume_pyrfume-data/pyrfume-data-main/keller_2016/subjects.csv | github_github.com__pyrfume_pyrfume-data/pyrfume-data-main/nat_geo_1986/subjects.csv | github_github.com__pyrfume_pyrfume-data/pyrfume-data-main/slone_2017/subjects.csv | github_github.com__pyrfume_pyrfume-data/pyrfume-data-main/mainland_2015/subjects.csv | github_github.com__pyrfume_pyrfume-data/pyrfume-data-main/keller_2012/subjects.csv | github_github.com__pyrfume_pyrfume-data/pyrfume-data-main/bolding_2018/subjects.csv | github_github.com__pyrfume_pyrfume-data/pyrfume-data-main/arshamian_2022/subjects.csv | github_github.com__pyrfume_pyrfume-data/pyrfume-data-main/chae_2019/subjects.csv | github_github.com__pyrfume_pyrfume-data/pyrfume-data-main/jones_2019/subjects.csv | github_github.com__pyrfume_pyrfume-data/pyrfume-data-main/snitz_2019/subjects.csv,,ambiguous,lf_004,logical_file,2026-06-16T15:56:28.931262
ann_lf_005_grounding,grounding,,s41597-024-04051-z,github_github.com__pyrfume_pyrfume-data/pyrfume-data-main/foodb/physics.csv | github_github.com__pyrfume_pyrfume-data/pyrfume-data-main/freesolve/physics.csv | github_github.com__pyrfume_pyrfume-data/pyrfume-data-main/mayhew_2022/physics.csv | github_github.com__pyrfume_pyrfume-data/pyrfume-data-main/snitz_2013/physics.csv | github_github.com__pyrfume_pyrfume-data/pyrfume-data-main/optical_rotation/physics.csv | github_github.com__pyrfume_pyrfume-data/pyrfume-data-main/sharma_2021b/physics.csv | github_github.com__pyrfume_pyrfume-data/pyrfume-data-main/lfs-cache.csv | github_github.com__pyrfume_pyrfume-data/pyrfume-data-main/wakayama_2019/stimuli.csv | github_github.com__pyrfume_pyrfume-data/pyrfume-data-main/wakayama_2019/molecules.csv | github_github.com__pyrfume_pyrfume-data/pyrfume-data-main/wakayama_2019/behavior.csv,,,modify_code,,,physics,,,github_github.com__pyrfume_pyrfume-data/pyrfume-data-main/foodb/physics.csv | github_github.com__pyrfume_pyrfume-data/pyrfume-data-main/freesolve/physics.csv | github_github.com__pyrfume_pyrfume-data/pyrfume-data-main/mayhew_2022/physics.csv | github_github.com__pyrfume_pyrfume-data/pyrfume-data-main/snitz_2013/physics.csv | github_github.com__pyrfume_pyrfume-data/pyrfume-data-main/optical_rotation/physics.csv | github_github.com__pyrfume_pyrfume-data/pyrfume-data-main/sharma_2021b/physics.csv,,ambiguous,lf_005,logical_file,2026-06-16T15:56:28.936128
ann_lf_006_grounding,grounding,,s41597-024-04051-z,github_github.com__pyrfume_pyrfume-data/pyrfume-data-main/wakayama_2019/manifest.toml | github_github.com__pyrfume_pyrfume-data/pyrfume-data-main/foodcomex/manifest.toml | github_github.com__pyrfume_pyrfume-data/pyrfume-data-main/scott_2014/manifest.toml | github_github.com__pyrfume_pyrfume-data/pyrfume-data-main/haddad_2008/manifest.toml | github_github.com__pyrfume_pyrfume-data/pyrfume-data-main/ma_2012/manifest.toml | github_github.com__pyrfume_pyrfume-data/pyrfume-data-main/bushdid_2014/manifest.toml | github_github.com__pyrfume_pyrfume-data/pyrfume-data-main/weiss_2012/manifest.toml | github_github.com__pyrfume_pyrfume-data/pyrfume-data-main/sigma_2014/manifest.toml | github_github.com__pyrfume_pyrfume-data/pyrfume-data-main/fragrancedb/manifest.toml | github_github.com__pyrfume_pyrfume-data/pyrfume-data-main/prestwick/manifest.toml,,,modify_code,,,manifest,,,github_github.com__pyrfume_pyrfume-data/pyrfume-data-main/wakayama_2019/manifest.toml | github_github.com__pyrfume_pyrfume-data/pyrfume-data-main/foodcomex/manifest.toml | github_github.com__pyrfume_pyrfume-data/pyrfume-data-main/scott_2014/manifest.toml | github_github.com__pyrfume_pyrfume-data/pyrfume-data-main/haddad_2008/manifest.toml | github_github.com__pyrfume_pyrfume-data/pyrfume-data-main/ma_2012/manifest.toml | github_github.com__pyrfume_pyrfume-data/pyrfume-data-main/bushdid_2014/manifest.toml | github_github.com__pyrfume_pyrfume-data/pyrfume-data-main/weiss_2012/manifest.toml | github_github.com__pyrfume_pyrfume-data/pyrfume-data-main/sigma_2014/manifest.toml | github_github.com__pyrfume_pyrfume-data/pyrfume-data-main/fragrancedb/manifest.toml | github_github.com__pyrfume_pyrfume-data/pyrfume-data-main/prestwick/manifest.toml | github_github.com__pyrfume_pyrfume-data/pyrfume-data-main/burton_2022/manifest.toml | github_github.com__pyrfume_pyrfume-data/pyrfume-data-main/goodscents/manifest.toml | github_github.com__pyrfume_pyrfume-data/pyrfume-data-main/foodb/manifest.toml | github_github.com__pyrfume_pyrfume-data/pyrfume-data-main/yu_2015/manifest.toml | github_github.com__pyrfume_pyrfume-data/pyrfume-data-main/ahmed_2018/manifest.toml | github_github.com__pyrfume_pyrfume-data/pyrfume-data-main/nagappan_2021/manifest.toml | github_github.com__pyrfume_pyrfume-data/pyrfume-data-main/aromadb/manifest.toml | github_github.com__pyrfume_pyrfume-data/pyrfume-data-main/iurilli_2017/manifest.toml | github_github.com__pyrfume_pyrfume-data/pyrfume-data-main/knapsack/manifest.toml | github_github.com__pyrfume_pyrfume-data/pyrfume-data-main/gras/manifest.toml | github_github.com__pyrfume_pyrfume-data/pyrfume-data-main/leon/manifest.toml | github_github.com__pyrfume_pyrfume-data/pyrfume-data-main/sisson_2024/manifest.toml | github_github.com__pyrfume_pyrfume-data/pyrfume-data-main/keller_2016/manifest.toml | github_github.com__pyrfume_pyrfume-data/pyrfume-data-main/nat_geo_1986/manifest.toml | github_github.com__pyrfume_pyrfume-data/pyrfume-data-main/nhanes_2014/manifest.toml | github_github.com__pyrfume_pyrfume-data/pyrfume-data-main/freesolve/manifest.toml | github_github.com__pyrfume_pyrfume-data/pyrfume-data-main/superscent/manifest.toml | github_github.com__pyrfume_pyrfume-data/pyrfume-data-main/ifra_2019/manifest.toml | github_github.com__pyrfume_pyrfume-data/pyrfume-data-main/flavornet/manifest.toml | github_github.com__pyrfume_pyrfume-data/pyrfume-data-main/mayhew_2022/manifest.toml | github_github.com__pyrfume_pyrfume-data/pyrfume-data-main/abraham_2012/manifest.toml | github_github.com__pyrfume_pyrfume-data/pyrfume-data-main/snitz_2013/manifest.toml | github_github.com__pyrfume_pyrfume-data/pyrfume-data-main/nakayama_2022/manifest.toml | github_github.com__pyrfume_pyrfume-data/pyrfume-data-main/slone_2017/manifest.toml | github_github.com__pyrfume_pyrfume-data/pyrfume-data-main/mainland_2015/manifest.toml | github_github.com__pyrfume_pyrfume-data/pyrfume-data-main/t3db/manifest.toml | github_github.com__pyrfume_pyrfume-data/pyrfume-data-main/optical_rotation/manifest.toml | github_github.com__pyrfume_pyrfume-data/pyrfume-data-main/keller_2012/manifest.toml | github_github.com__pyrfume_pyrfume-data/pyrfume-data-main/flavordb/manifest.toml | github_github.com__pyrfume_pyrfume-data/pyrfume-data-main/bolding_2018/manifest.toml | github_github.com__pyrfume_pyrfume-data/pyrfume-data-main/arshamian_2022/manifest.toml | github_github.com__pyrfume_pyrfume-data/pyrfume-data-main/soh_2013/manifest.toml | github_github.com__pyrfume_pyrfume-data/pyrfume-data-main/chae_2019/manifest.toml | github_github.com__pyrfume_pyrfume-data/pyrfume-data-main/ravia_2020/manifest.toml | github_github.com__pyrfume_pyrfume-data/pyrfume-data-main/dravnieks_1985/manifest.toml | github_github.com__pyrfume_pyrfume-data/pyrfume-data-main/jones_2019/manifest.toml | github_github.com__pyrfume_pyrfume-data/pyrfume-data-main/manoel_2021/manifest.toml | github_github.com__pyrfume_pyrfume-data/pyrfume-data-main/leffingwell/manifest.toml | github_github.com__pyrfume_pyrfume-data/pyrfume-data-main/arctander_1960/manifest.toml | github_github.com__pyrfume_pyrfume-data/pyrfume-data-main/snitz_2019/manifest.toml | github_github.com__pyrfume_pyrfume-data/pyrfume-data-main/prediction_targets/manifest.toml | github_github.com__pyrfume_pyrfume-data/pyrfume-data-main/sharma_2021a/manifest.toml | github_github.com__pyrfume_pyrfume-data/pyrfume-data-main/sharma_2021b/manifest.toml | github_github.com__pyrfume_pyrfume-data/pyrfume-data-main/ma_2021/manifest.toml,,ambiguous,lf_006,logical_file,2026-06-16T15:56:28.941594
ann_lf_007_grounding,grounding,,s41597-024-04051-z,github_github.com__pyrfume_pyrfume-data/pyrfume-data-main/wakayama_2019/main.py | github_github.com__pyrfume_pyrfume-data/pyrfume-data-main/foodcomex/main.py | github_github.com__pyrfume_pyrfume-data/pyrfume-data-main/scott_2014/main.py | github_github.com__pyrfume_pyrfume-data/pyrfume-data-main/haddad_2008/main.py | github_github.com__pyrfume_pyrfume-data/pyrfume-data-main/ma_2012/main.py | github_github.com__pyrfume_pyrfume-data/pyrfume-data-main/bushdid_2014/main.py | github_github.com__pyrfume_pyrfume-data/pyrfume-data-main/weiss_2012/main.py | github_github.com__pyrfume_pyrfume-data/pyrfume-data-main/sigma_2014/main.py | github_github.com__pyrfume_pyrfume-data/pyrfume-data-main/fragrancedb/main.py | github_github.com__pyrfume_pyrfume-data/pyrfume-data-main/prestwick/main.py,,,modify_code,,,processing_script,,,github_github.com__pyrfume_pyrfume-data/pyrfume-data-main/wakayama_2019/main.py | github_github.com__pyrfume_pyrfume-data/pyrfume-data-main/foodcomex/main.py | github_github.com__pyrfume_pyrfume-data/pyrfume-data-main/scott_2014/main.py | github_github.com__pyrfume_pyrfume-data/pyrfume-data-main/haddad_2008/main.py | github_github.com__pyrfume_pyrfume-data/pyrfume-data-main/ma_2012/main.py | github_github.com__pyrfume_pyrfume-data/pyrfume-data-main/bushdid_2014/main.py | github_github.com__pyrfume_pyrfume-data/pyrfume-data-main/weiss_2012/main.py | github_github.com__pyrfume_pyrfume-data/pyrfume-data-main/sigma_2014/main.py | github_github.com__pyrfume_pyrfume-data/pyrfume-data-main/fragrancedb/main.py | github_github.com__pyrfume_pyrfume-data/pyrfume-data-main/prestwick/main.py | github_github.com__pyrfume_pyrfume-data/pyrfume-data-main/burton_2022/main.py | github_github.com__pyrfume_pyrfume-data/pyrfume-data-main/goodscents/main.py | github_github.com__pyrfume_pyrfume-data/pyrfume-data-main/molecules/main.py | github_github.com__pyrfume_pyrfume-data/pyrfume-data-main/foodb/main.py | github_github.com__pyrfume_pyrfume-data/pyrfume-data-main/yu_2015/main.py | github_github.com__pyrfume_pyrfume-data/pyrfume-data-main/ahmed_2018/main.py | github_github.com__pyrfume_pyrfume-data/pyrfume-data-main/nagappan_2021/main.py | github_github.com__pyrfume_pyrfume-data/pyrfume-data-main/aromadb/main.py | github_github.com__pyrfume_pyrfume-data/pyrfume-data-main/iurilli_2017/main.py | github_github.com__pyrfume_pyrfume-data/pyrfume-data-main/knapsack/main.py | github_github.com__pyrfume_pyrfume-data/pyrfume-data-main/gras/main.py | github_github.com__pyrfume_pyrfume-data/pyrfume-data-main/leon/main.py | github_github.com__pyrfume_pyrfume-data/pyrfume-data-main/nat_geo_1986/main.py | github_github.com__pyrfume_pyrfume-data/pyrfume-data-main/nhanes_2014/main.py | github_github.com__pyrfume_pyrfume-data/pyrfume-data-main/freesolve/main.py | github_github.com__pyrfume_pyrfume-data/pyrfume-data-main/superscent/main.py | github_github.com__pyrfume_pyrfume-data/pyrfume-data-main/ifra_2019/main.py | github_github.com__pyrfume_pyrfume-data/pyrfume-data-main/flavornet/main.py | github_github.com__pyrfume_pyrfume-data/pyrfume-data-main/mayhew_2022/main.py | github_github.com__pyrfume_pyrfume-data/pyrfume-data-main/abraham_2012/main.py | github_github.com__pyrfume_pyrfume-data/pyrfume-data-main/snitz_2013/main.py | github_github.com__pyrfume_pyrfume-data/pyrfume-data-main/nakayama_2022/main.py | github_github.com__pyrfume_pyrfume-data/pyrfume-data-main/slone_2017/main.py | github_github.com__pyrfume_pyrfume-data/pyrfume-data-main/mainland_2015/main.py | github_github.com__pyrfume_pyrfume-data/pyrfume-data-main/t3db/main.py | github_github.com__pyrfume_pyrfume-data/pyrfume-data-main/optical_rotation/main.py | github_github.com__pyrfume_pyrfume-data/pyrfume-data-main/keller_2012/main.py | github_github.com__pyrfume_pyrfume-data/pyrfume-data-main/flavordb/main.py | github_github.com__pyrfume_pyrfume-data/pyrfume-data-main/bolding_2018/main.py | github_github.com__pyrfume_pyrfume-data/pyrfume-data-main/arshamian_2022/main.py | github_github.com__pyrfume_pyrfume-data/pyrfume-data-main/soh_2013/main.py | github_github.com__pyrfume_pyrfume-data/pyrfume-data-main/chae_2019/main.py | github_github.com__pyrfume_pyrfume-data/pyrfume-data-main/ravia_2020/main.py | github_github.com__pyrfume_pyrfume-data/pyrfume-data-main/dravnieks_1985/main.py | github_github.com__pyrfume_pyrfume-data/pyrfume-data-main/jones_2019/main.py | github_github.com__pyrfume_pyrfume-data/pyrfume-data-main/manoel_2021/main.py | github_github.com__pyrfume_pyrfume-data/pyrfume-data-main/leffingwell/main.py | github_github.com__pyrfume_pyrfume-data/pyrfume-data-main/arctander_1960/main.py | github_github.com__pyrfume_pyrfume-data/pyrfume-data-main/snitz_2019/main.py | github_github.com__pyrfume_pyrfume-data/pyrfume-data-main/sharma_2021a/main.py | github_github.com__pyrfume_pyrfume-data/pyrfume-data-main/sharma_2021b/main.py | github_github.com__pyrfume_pyrfume-data/pyrfume-data-main/ma_2021/main.py,,ambiguous,lf_007,logical_file,2026-06-16T15:56:28.946415
ann_lf_008_grounding,grounding,,s41597-024-04051-z,github_github.com__pyrfume_pyrfume-data/pyrfume-data-main/optical_rotation/raw_data.csv | github_github.com__pyrfume_pyrfume-data/pyrfume-data-main/qian_2022/sfig3/qed/data.csv | github_github.com__pyrfume_pyrfume-data/pyrfume-data-main/qian_2022/sfig3/logp/data.csv | github_github.com__pyrfume_pyrfume-data/pyrfume-data-main/qian_2022/sfig3/esol/data.csv | github_github.com__pyrfume_pyrfume-data/pyrfume-data-main/qian_2022/fig1/c_Dravnieks/data.csv | github_github.com__pyrfume_pyrfume-data/pyrfume-data-main/qian_2022/fig1/n_Oliferenko_et_al/data.csv | github_github.com__pyrfume_pyrfume-data/pyrfume-data-main/qian_2022/fig1/g_del_Ma╠ürmol_et_al/data.csv | github_github.com__pyrfume_pyrfume-data/pyrfume-data-main/qian_2022/fig1/h_Keller_et_al/data.csv | github_github.com__pyrfume_pyrfume-data/pyrfume-data-main/qian_2022/fig1/k_Hallem_and_Carlson/data.csv | github_github.com__pyrfume_pyrfume-data/pyrfume-data-main/qian_2022/fig1/a_MacWilliam_et_al/data.csv,,,modify_code,,,raw_data,,,github_github.com__pyrfume_pyrfume-data/pyrfume-data-main/optical_rotation/raw_data.csv | github_github.com__pyrfume_pyrfume-data/pyrfume-data-main/qian_2022/sfig3/qed/data.csv | github_github.com__pyrfume_pyrfume-data/pyrfume-data-main/qian_2022/sfig3/logp/data.csv | github_github.com__pyrfume_pyrfume-data/pyrfume-data-main/qian_2022/sfig3/esol/data.csv | github_github.com__pyrfume_pyrfume-data/pyrfume-data-main/qian_2022/fig1/c_Dravnieks/data.csv | github_github.com__pyrfume_pyrfume-data/pyrfume-data-main/qian_2022/fig1/n_Oliferenko_et_al/data.csv | github_github.com__pyrfume_pyrfume-data/pyrfume-data-main/qian_2022/fig1/g_del_Ma╠ürmol_et_al/data.csv | github_github.com__pyrfume_pyrfume-data/pyrfume-data-main/qian_2022/fig1/h_Keller_et_al/data.csv | github_github.com__pyrfume_pyrfume-data/pyrfume-data-main/qian_2022/fig1/k_Hallem_and_Carlson/data.csv | github_github.com__pyrfume_pyrfume-data/pyrfume-data-main/qian_2022/fig1/a_MacWilliam_et_al/data.csv | github_github.com__pyrfume_pyrfume-data/pyrfume-data-main/qian_2022/fig1/d_Wei_et_al/data.csv | github_github.com__pyrfume_pyrfume-data/pyrfume-data-main/qian_2022/fig1/i_Carey_et_al/data.csv | github_github.com__pyrfume_pyrfume-data/pyrfume-data-main/qian_2022/fig1/b_Xu_et_al/data.csv | github_github.com__pyrfume_pyrfume-data/pyrfume-data-main/qian_2022/fig4_essential_oil/data.csv | github_github.com__pyrfume_pyrfume-data/pyrfume-data-main/qian_2022/fig23_metabolic_network/data.csv | github_github.com__pyrfume_pyrfume-data/pyrfume-data-main/qian_2022/embeddings/data.csv,,ambiguous,lf_008,logical_file,2026-06-16T15:56:28.950796
ann_final_decision,final_decision,,s41597-024-04051-z,,,,,,,,,0.5,,,,article,dataset,2026-06-16T15:56:28.954348
