annotation_needs_review,article_id,column_coverage,column_score,column_status,documented_path_or_pattern,expected_format,failed_dimensions,format_score,format_status,grounding_status,header_load_status,human_review_needed,identity_evidence_type,identity_score,logical_file_id,logical_name,matched_or_candidate_path,num_documented_columns,num_matched_columns,num_observed_columns,observed_suffix,presentation_grounding_score,role,role_score,role_status,schema_type,uncertain_dimensions
True,s41597-019-0035-4,,,not_applicable_file_not_confirmed,anatomical_iqms.csv,csv,identity|role,1.0,supported,missing,success,True,format_only,0.2,lf_001,anatomical_iqms,T2w_curated.csv,5,0,0,.csv,0.4,derived_data,0.0,not_supported,tabular,
True,s41597-019-0035-4,,,not_applicable_file_not_confirmed,functional_iqms.csv,csv,identity|role,1.0,supported,missing,success,True,format_only,0.2,lf_002,functional_iqms,T2w_curated.csv,5,0,0,.csv,0.4,derived_data,0.0,not_supported,tabular,
True,s41597-019-0035-4,,,not_applicable_file_not_confirmed,expert_ratings.csv,csv,identity|role,1.0,supported,weak_match,success,True,stem_contains,0.65,lf_003,expert_ratings,rating.csv,5,0,0,.csv,0.6571,annotation,0.0,not_supported,tabular,
True,s41597-019-0035-4,,,not_applicable_file_not_confirmed,iqm_metadata.json,json,format|identity|role,0.0,no_physical_candidate,missing,,True,no_candidate,0.0,lf_004,iqm_metadata,,5,0,0,,0.0,metadata,0.0,no_physical_candidate,hierarchical,
True,s41597-019-0035-4,,,not_applicable_file_not_confirmed,anatomical_iqms_curated.csv,csv,identity,1.0,supported,ambiguous,success,True,token_overlap_low,0.45,lf_005,curated_anatomical_iqms,T2w_curated.csv,5,0,0,.csv,0.5457,derived_data,0.02,weakly_supported,tabular,role
True,s41597-019-0035-4,,,not_applicable_file_not_confirmed,RESTful API endpoint,json,format|identity|role,0.0,no_physical_candidate,unsupported_non_file_claim,,True,no_candidate,0.0,lf_006,api_data_stream,,5,0,0,,0.0,primary_data,0.0,no_physical_candidate,hierarchical,
False,s41597-020-00688-8,1.0,1.0,supported,covid-testing-all-observations.csv,csv,,1.0,supported,resolved,success,False,exact_relative_path,1.0,lf_001,testing_time_series,covid-testing-all-observations.csv,5,5,16,.csv,0.9059,primary_data,0.0588,weakly_supported,tabular,role
False,s41597-020-00688-8,0.8,0.8,supported,covid-testing-all-observations.csv,csv,,1.0,supported,resolved,success,False,exact_relative_path,1.0,lf_002,testing_time_series_derived,covid-testing-all-observations.csv,5,4,16,.csv,0.8459,derived_data,0.0588,weakly_supported,tabular,role
False,s41597-020-00688-8,1.0,1.0,supported,covid-testing-source-details.csv,csv,,1.0,supported,resolved,success,False,exact_relative_path,1.0,lf_003,testing_metadata,covid-testing-source-details.csv,5,5,8,.csv,0.905,metadata,0.05,weakly_supported,tabular,role
False,s41597-020-00688-8,1.0,1.0,supported,raw-collected-data.csv,csv,,1.0,supported,resolved,success,False,exact_relative_path,1.0,lf_004,raw_collected_data,raw-collected-data.csv,5,5,9,.csv,0.9158,primary_data,0.1579,weakly_supported,tabular,role
False,s41597-020-00688-8,0.6667,0.6667,partially_supported,un-2020-population.csv,csv,,1.0,supported,resolved,success,False,exact_relative_path,1.0,lf_005,population_reference_data,un-2020-population.csv,3,2,2,.csv,0.8111,metadata,0.1111,weakly_supported,tabular,columns|role
True,s41597-020-00688-8,,,not_applicable_file_not_confirmed,covid-testing-latest-data-source-details.csv,csv,identity,1.0,supported,weak_match,success,True,token_overlap_high,0.6,lf_006,latest_source_details,covid-testing-source-details.csv,5,0,0,.csv,0.6422,metadata,0.0952,weakly_supported,tabular,role
True,s41597-020-00788-5,,,not_applicable_file_not_confirmed,herbitraits_v1.2.csv,csv,identity,0.65,tabular_family_mismatch,ambiguous,success,True,stem_contains,0.65,lf_001,HerbiTraits Trait Data,github_github.com__MegaPast2Future_HerbiTraits/HerbiTraits-master/Data/Version_1/HerbiTraits_V1/HerbiTraits_v1.xlsx,5,0,0,.xlsx,0.5739,primary_data,0.1176,weakly_supported,tabular,format|role
True,s41597-020-00788-5,,,not_applicable_file_not_confirmed,herbitraits_metadata_v1.2.csv,csv,identity,1.0,supported,ambiguous,success,True,stem_contains,0.65,lf_002,HerbiTraits Metadata,github_github.com__MegaPast2Future_HerbiTraits/HerbiTraits-master/Data/Version_1/HerbiTraits_V1/HerbiTraits_Metadata_v1.csv,5,0,0,.csv,0.675,metadata,0.125,weakly_supported,tabular,role
True,s41597-020-00788-5,,,not_applicable_file_not_confirmed,herbitraits_references_v1.2.csv,csv,identity,1.0,supported,ambiguous,success,True,stem_contains,0.65,lf_003,HerbiTraits References,github_github.com__MegaPast2Future_HerbiTraits/HerbiTraits-master/Data/Version_1/HerbiTraits_V1/HerbiTraits_References_v1.csv,5,0,0,.csv,0.673,annotation,0.1111,weakly_supported,tabular,role
True,s41597-020-00788-5,,,no_documented_columns,herbitraits_v1.2.xlsx,xlsx,identity,1.0,supported,weak_match,success,True,stem_contains,0.65,lf_004,HerbiTraits Excel Workbook,github_github.com__MegaPast2Future_HerbiTraits/HerbiTraits-master/Data/Version_1/HerbiTraits_V1/HerbiTraits_v1.xlsx,0,0,0,.xlsx,0.673,primary_data,0.1111,weakly_supported,tabular,role
True,s41597-020-00788-5,,,not_applicable_file_not_confirmed,incomplete_traits_v*.csv,csv,identity,0.65,tabular_family_mismatch,ambiguous,success,True,stem_contains,0.65,lf_005,Incomplete Traits Data,github_github.com__MegaPast2Future_HerbiTraits/HerbiTraits-master/Data/Version_1/Incomplete_Traits_V1/Incomplete_Traits_V1.xlsx,5,0,0,.xlsx,0.581,derived_data,0.1667,weakly_supported,tabular,format|role
True,s41597-020-00788-5,,,not_applicable_file_not_confirmed,incomplete_traits_metadata.csv,csv,identity,1.0,supported,ambiguous,success,True,stem_contains,0.65,lf_006,Incomplete Traits Metadata,github_github.com__MegaPast2Future_HerbiTraits/HerbiTraits-master/Data/Version_1/Incomplete_Traits_V1/Incomplete_Traits_Metadata_V1.csv,3,0,0,.csv,0.681,metadata,0.1667,weakly_supported,tabular,role
True,s41597-020-00788-5,,,not_applicable_file_not_confirmed,incomplete_traits_references.csv,csv,identity,1.0,supported,ambiguous,success,True,stem_contains,0.65,lf_007,Incomplete Traits References,github_github.com__MegaPast2Future_HerbiTraits/HerbiTraits-master/Data/Version_1/Incomplete_Traits_V1/Incomplete_Traits_References_V1.csv,3,0,0,.csv,0.6724,annotation,0.1071,weakly_supported,tabular,role
True,s41597-021-01069-5,,,not_applicable_file_not_confirmed,numerical_bbb_curated.csv,csv,format|identity,0.0,mismatch,weak_match,not_tabular_or_unsupported_for_header,True,token_overlap_low,0.45,lf_001,numerical_bbb_data,github_github.com__theochem_B3DB/B3DB-main/notebooks/numerical_data_analysis.ipynb,5,0,0,.ipynb,0.2791,primary_data,0.1538,weakly_supported,tabular,role
True,s41597-021-01069-5,,,not_applicable_file_not_confirmed,categorical_bbb_curated.csv,csv,format|identity|role,0.0,no_physical_candidate,missing,,True,no_candidate,0.0,lf_002,categorical_bbb_data,,5,0,0,,0.0,primary_data,0.0,no_physical_candidate,tabular,
True,s41597-021-01069-5,,,not_applicable_file_not_confirmed,numerical_bbb_extended.csv,csv,format|identity,0.0,mismatch,weak_match,not_tabular_or_unsupported_for_header,True,token_overlap_low,0.45,lf_003,extended_numerical_data,github_github.com__theochem_B3DB/B3DB-main/notebooks/numerical_data_analysis.ipynb,5,0,0,.ipynb,0.2791,derived_data,0.1538,weakly_supported,tabular,role
True,s41597-021-01069-5,,,not_applicable_file_not_confirmed,categorical_bbb_extended.csv,csv,format|identity|role,0.0,no_physical_candidate,missing,,True,no_candidate,0.0,lf_004,extended_categorical_data,,5,0,0,,0.0,derived_data,0.0,no_physical_candidate,tabular,
False,s41597-021-01069-5,0.2,0.2,weakly_supported,raw_data_summary.tsv,tsv,,1.0,supported,resolved,success,False,exact_basename,0.95,lf_005,raw_data_summary,github_github.com__theochem_B3DB/B3DB-main/data_curation/raw_data/raw_data_summary.tsv,5,1,3,.tsv,0.6588,metadata,0.1875,weakly_supported,tabular,columns|role
False,s41597-022-01146-3,0.8,0.8,supported,fish_id_dat.csv,csv,,1.0,supported,resolved,success,False,exact_basename,0.95,lf_001,settlement_stage_fish_ids,github_github.com__open-AIMS_tropical_ucrit_data/tropical_ucrit_data-main/clean_data/fish_id_dat.csv,5,4,13,.csv,0.8297,primary_data,0.0968,weakly_supported,tabular,role
False,s41597-022-01146-3,0.4,0.4,weakly_supported,ucrit_sett_dat.csv,csv,,1.0,supported,resolved,success,False,exact_basename,0.95,lf_002,settlement_stage_swimming_data,github_github.com__open-AIMS_tropical_ucrit_data/tropical_ucrit_data-main/clean_data/ucrit_sett_dat.csv,5,2,3,.csv,0.705,primary_data,0.05,weakly_supported,tabular,columns|role
False,s41597-022-01146-3,0.2,0.2,weakly_supported,morph_sett_dat.csv,csv,,1.0,supported,resolved,success,False,exact_basename,0.95,lf_003,settlement_stage_morphology_data,github_github.com__open-AIMS_tropical_ucrit_data/tropical_ucrit_data-main/clean_data/morph_sett_dat.csv,5,1,12,.csv,0.6432,primary_data,0.0323,weakly_supported,tabular,columns|role
False,s41597-022-01146-3,0.6,0.6,partially_supported,dev_sample_dat.csv,csv,,1.0,supported,resolved,success,False,exact_basename,0.95,lf_004,developmental_sample_data,github_github.com__open-AIMS_tropical_ucrit_data/tropical_ucrit_data-main/clean_data/dev_sample_dat.csv,5,3,7,.csv,0.7687,primary_data,0.087,weakly_supported,tabular,columns|role
False,s41597-022-01146-3,0.4,0.4,weakly_supported,ucrit_dev_dat.csv,csv,,1.0,supported,resolved,success,False,exact_basename,0.95,lf_005,developmental_swimming_data,github_github.com__open-AIMS_tropical_ucrit_data/tropical_ucrit_data-main/clean_data/ucrit_dev_dat.csv,5,2,3,.csv,0.7053,primary_data,0.0526,weakly_supported,tabular,columns|role
False,s41597-022-01146-3,0.2,0.2,weakly_supported,morph_dev_dat.csv,csv,,1.0,supported,resolved,success,False,exact_basename,0.95,lf_006,developmental_morphology_data,github_github.com__open-AIMS_tropical_ucrit_data/tropical_ucrit_data-main/clean_data/morph_dev_dat.csv,5,1,7,.csv,0.644,primary_data,0.04,weakly_supported,tabular,columns|role
True,s41597-022-01146-3,,,not_applicable_file_not_confirmed,"site_data.csv, species_data.csv",csv,identity,1.0,supported,ambiguous,success,True,stem_contains,0.65,lf_007,site_and_species_metadata,github_github.com__open-AIMS_tropical_ucrit_data/tropical_ucrit_data-main/clean_data/site_dat.csv,5,0,0,.csv,0.6639,metadata,0.0476,weakly_supported,tabular,role
False,s41597-022-01146-3,0.6,0.6,partially_supported,image_data.csv,csv,,1.0,supported,resolved,success,False,exact_basename,0.95,lf_008,image_data,github_github.com__open-AIMS_tropical_ucrit_data/tropical_ucrit_data-main/clean_data/image_data.csv,5,3,4,.csv,0.7718,annotation,0.1176,weakly_supported,tabular,columns|role
False,s41597-022-01473-5,0.6,0.6,partially_supported,records.csv,csv,role,1.0,supported,resolved,success,False,exact_basename,0.95,lf_001,resource_level_traits,github_github.com__RiesLabGU_LepTraits/LepTraits-main/records/records.csv,5,3,39,.csv,0.76,primary_data,0.0,not_supported,tabular,columns
False,s41597-022-01473-5,0.8,0.8,supported,consensus.csv,csv,,1.0,supported,resolved,success,False,exact_basename,0.95,lf_002,species_consensus_traits,github_github.com__RiesLabGU_LepTraits/LepTraits-main/consensus/consensus.csv,5,4,43,.csv,0.8244,derived_data,0.0435,weakly_supported,tabular,role
False,s41597-022-01473-5,0.4,0.4,weakly_supported,book_data.csv,csv,,1.0,supported,resolved,success,False,exact_basename,0.95,lf_003,resource_metadata,github_github.com__RiesLabGU_LepTraits/LepTraits-main/misc/miscData/book_data.csv,5,2,6,.csv,0.705,metadata,0.05,weakly_supported,tabular,columns|role
False,s41597-022-01473-5,0.0,0.0,not_supported,habitat_recordDictionary.csv,csv,columns,1.0,supported,resolved,success,False,exact_basename,0.95,lf_004,habitat_dictionary,github_github.com__RiesLabGU_LepTraits/LepTraits-main/records/habitat_recordDictionary.csv,5,0,1,.csv,0.5836,annotation,0.0357,weakly_supported,tabular,role
False,s41597-022-01473-5,0.3333,0.3333,weakly_supported,habitat_recordKey.csv,csv,,1.0,supported,resolved,success,False,exact_basename,0.95,lf_005,habitat_code_key,github_github.com__RiesLabGU_LepTraits/LepTraits-main/records/habitat_recordKey.csv,3,1,5,.csv,0.6905,annotation,0.1053,weakly_supported,tabular,columns|role
True,s41597-022-01696-6,,,not_applicable_file_not_confirmed,wind_farm_*.xlsx,xlsx,identity,1.0,supported,weak_match,success,True,stem_contains,0.65,lf_001,wind_farm_raw_data,Wind farm site 1 (Nominal capacity-99MW).xlsx,5,0,0,.xlsx,0.6653,primary_data,0.0571,weakly_supported,tabular,role
True,s41597-022-01696-6,,,not_applicable_file_not_confirmed,solar_station_*.xlsx,xlsx,identity,1.0,supported,weak_match,success,True,stem_contains,0.65,lf_002,solar_station_raw_data,Solar station site 1 (Nominal capacity-50MW).xlsx,5,0,0,.xlsx,0.6667,primary_data,0.0667,weakly_supported,tabular,role
True,s41597-022-01696-6,,,not_applicable_file_not_confirmed,wind_farm_*.xlsx,xlsx,identity,1.0,supported,ambiguous,success,True,stem_contains,0.65,lf_003,wind_farm_processed_data,Wind farm site 1 (Nominal capacity-99MW).xlsx,5,0,0,.xlsx,0.6653,derived_data,0.0571,weakly_supported,tabular,role
True,s41597-022-01696-6,,,not_applicable_file_not_confirmed,solar_station_*.xlsx,xlsx,identity,1.0,supported,ambiguous,success,True,stem_contains,0.65,lf_004,solar_station_processed_data,Solar station site 1 (Nominal capacity-50MW).xlsx,5,0,0,.xlsx,0.6667,derived_data,0.0667,weakly_supported,tabular,role
True,s41597-022-01696-6,,,not_applicable_file_not_confirmed,Table_1.xlsx,xlsx,identity,1.0,supported,weak_match,success,True,token_overlap_low,0.45,lf_005,wind_farm_metadata,Wind farm site 1 (Nominal capacity-99MW).xlsx,5,0,0,.xlsx,0.5515,metadata,0.0606,weakly_supported,tabular,role
True,s41597-022-01696-6,,,not_applicable_file_not_confirmed,Table_4.xlsx,xlsx,identity,1.0,supported,weak_match,success,True,token_overlap_low,0.45,lf_006,solar_station_metadata,Solar station site 1 (Nominal capacity-50MW).xlsx,5,0,0,.xlsx,0.5531,metadata,0.0714,weakly_supported,tabular,role
False,s41597-023-02060-y,0.0,0.0,no_observed_headers,all_data.csv.zip,csv,columns|format,0.0,mismatch,resolved,not_tabular_or_unsupported_for_header,False,exact_basename,0.95,lf_001,all_data_combined,github_github.com__0oshowero0_HealthyCitiesDataset/HealthyCitiesDataset-main/all_data.csv.zip,5,0,0,.zip,0.3967,primary_data,0.1667,weakly_supported,tabular,role
True,s41597-023-02060-y,,,not_applicable_file_not_confirmed,life_expectancy.csv,csv,identity,1.0,supported,ambiguous,success,True,stem_contains,0.65,lf_002,life_expectancy_data,github_github.com__0oshowero0_HealthyCitiesDataset/HealthyCitiesDataset-main/health_outcome/life_expectancy/life_expectancy_msoa.csv,5,0,0,.csv,0.6701,primary_data,0.0909,weakly_supported,tabular,role
True,s41597-023-02060-y,,,not_applicable_file_not_confirmed,physical_mental_health.csv,csv,identity,0.65,tabular_family_mismatch,weak_match,success,True,token_overlap_low,0.45,lf_003,health_expenditures_data,github_github.com__0oshowero0_HealthyCitiesDataset/HealthyCitiesDataset-main/health_outcome/mental_health/metadata_mental_health_prescribing.xlsx,5,0,0,.xlsx,0.4504,primary_data,0.0526,weakly_supported,tabular,format|role
True,s41597-023-02060-y,,,not_applicable_file_not_confirmed,covid19_cases.csv,csv,identity|role,1.0,supported,missing,success,True,format_only,0.2,lf_004,covid19_cases_data,github_github.com__0oshowero0_HealthyCitiesDataset/HealthyCitiesDataset-main/msoa_look_up_table.csv,4,0,0,.csv,0.4,primary_data,0.0,not_supported,tabular,
True,s41597-023-02060-y,,,not_applicable_file_not_confirmed,basic_stats.csv,csv,identity|role,1.0,supported,missing,success,True,format_only,0.2,lf_005,basic_statistics_data,github_github.com__0oshowero0_HealthyCitiesDataset/HealthyCitiesDataset-main/msoa_look_up_table.csv,5,0,0,.csv,0.4,primary_data,0.0,not_supported,tabular,
True,s41597-023-02060-y,,,not_applicable_file_not_confirmed,behaviour_environment.csv,csv,identity|role,1.0,supported,missing,success,True,format_only,0.2,lf_006,behaviour_environment_data,github_github.com__0oshowero0_HealthyCitiesDataset/HealthyCitiesDataset-main/msoa_look_up_table.csv,5,0,0,.csv,0.4,primary_data,0.0,not_supported,tabular,
True,s41597-023-02060-y,,,not_applicable_file_not_confirmed,built_environment.csv,csv,identity|role,1.0,supported,missing,success,True,format_only,0.2,lf_007,built_environment_data,github_github.com__0oshowero0_HealthyCitiesDataset/HealthyCitiesDataset-main/msoa_look_up_table.csv,5,0,0,.csv,0.4,primary_data,0.0,not_supported,tabular,
True,s41597-023-02060-y,,,not_applicable_file_not_confirmed,natural_environment.csv,csv,identity|role,1.0,supported,missing,success,True,format_only,0.2,lf_008,natural_environment_data,github_github.com__0oshowero0_HealthyCitiesDataset/HealthyCitiesDataset-main/msoa_look_up_table.csv,5,0,0,.csv,0.4,primary_data,0.0,not_supported,tabular,
True,s41597-023-02070-w,,,not_applicable_file_not_confirmed,MOSAIC_v1.0.0.csv,csv,identity|role,1.0,supported,missing,success,True,format_only,0.2,lf_001,Primary Trait Data,mosaic_climate.csv,5,0,0,.csv,0.4,primary_data,0.0,not_supported,tabular,
True,s41597-023-02070-w,,,not_applicable_file_not_confirmed,climate_data.csv,csv,identity,1.0,supported,weak_match,success,True,token_overlap_low,0.45,lf_002,Climate Data,mosaic_climate.csv,5,0,0,.csv,0.5486,derived_data,0.04,weakly_supported,tabular,role
True,s41597-023-02070-w,,,no_documented_columns,phylogeny.phylo,text,identity,1.0,supported,missing,not_tabular_or_unsupported_for_header,True,format_only,0.2,lf_003,Phylogenetic Tree,mosaic_animal_tree.txt,0,0,0,.txt,0.4204,metadata,0.1429,weakly_supported,hierarchical,role
True,s41597-023-02070-w,,,not_applicable_file_not_confirmed,metaMOSAIC.csv,csv,identity|role,1.0,supported,missing,success,True,format_only,0.2,lf_004,metaMOSAIC,mosaic_climate.csv,5,0,0,.csv,0.4,metadata,0.0,not_supported,tabular,
True,s41597-023-02070-w,,,no_documented_columns,mosaicdatabase_userguidelines_*.pdf,text,identity|role,1.0,supported,missing,not_tabular_or_unsupported_for_header,True,format_only,0.2,lf_005,User Guide,mosaic_animal_tree.txt,0,0,0,.txt,0.4,metadata,0.0,not_supported,text,
True,s41597-023-02094-2,,,not_applicable_file_not_confirmed,hourly_*.csv,csv,identity,1.0,supported,weak_match,success,True,stem_contains,0.65,lf_001,hourly_power_generation,CarbonMonitor_Power_Data_hourly.csv,5,0,0,.csv,0.6901,primary_data,0.2308,weakly_supported,tabular,role
True,s41597-023-02094-2,,,not_applicable_file_not_confirmed,daily_*.csv,csv,identity,1.0,supported,weak_match,success,True,stem_contains,0.65,lf_002,daily_power_generation,CarbonMonitor_Power_Data_daily.csv,5,0,0,.csv,0.6901,primary_data,0.2308,weakly_supported,tabular,role
True,s41597-023-02094-2,,,not_applicable_file_not_confirmed,metadata_sources.csv,csv,identity,1.0,supported,missing,success,True,format_only,0.2,lf_003,metadata_country_sources,CarbonMonitor_Power_Data_daily.csv,4,0,0,.csv,0.411,metadata,0.0769,weakly_supported,tabular,role
True,s41597-023-02094-2,,,no_documented_columns,*.py,text,format|identity|role,0.0,no_physical_candidate,missing,,True,no_candidate,0.0,lf_004,code_processing_scripts,,0,0,0,,0.0,derived_data,0.0,no_physical_candidate,text,
True,s41597-023-02094-2,,,no_documented_columns,README.md,text,format|identity|role,0.0,no_physical_candidate,missing,,True,no_candidate,0.0,lf_005,readme_documentation,,0,0,0,,0.0,metadata,0.0,no_physical_candidate,text,
True,s41597-023-02576-3,,,not_applicable_file_not_confirmed,basic_geographic_stats_*.csv,csv,format|identity|role,0.0,mismatch,weak_match,not_tabular_or_unsupported_for_header,True,stem_contains,0.65,lf_001,Basic Geographic Statistics,github_github.com__axin1301_Satellite-imagery-dataset/Satellite-imagery-dataset-main/Satellite_Imagery_and_Visual_Attributes/object_detection/t.py,5,0,0,.py,0.3714,primary_data,0.0,not_supported,tabular,
True,s41597-023-02576-3,,,not_applicable_file_not_confirmed,visual_attributes_objects_*.csv,csv,format|identity,0.0,mismatch,weak_match,not_tabular_or_unsupported_for_header,True,stem_contains,0.65,lf_002,Satellite Imagery Visual Attributes - Object Counts,github_github.com__axin1301_Satellite-imagery-dataset/Satellite-imagery-dataset-main/Satellite_Imagery_and_Visual_Attributes/object_detection/t.py,5,0,0,.py,0.4134,derived_data,0.2941,supported,tabular,
True,s41597-023-02576-3,,,not_applicable_file_not_confirmed,visual_attributes_landcover_*.csv,csv,format|identity,0.0,mismatch,weak_match,not_tabular_or_unsupported_for_header,True,stem_contains,0.65,lf_003,Satellite Imagery Visual Attributes - Land Cover Semantics,github_github.com__axin1301_Satellite-imagery-dataset/Satellite-imagery-dataset-main/Satellite_Imagery_and_Visual_Attributes/object_detection/t.py,5,0,0,.py,0.4015,derived_data,0.2105,weakly_supported,tabular,role
True,s41597-023-02576-3,,,not_applicable_file_not_confirmed,sdg1_poverty_*.csv,csv,format|identity|role,0.0,mismatch,weak_match,not_tabular_or_unsupported_for_header,True,stem_contains,0.65,lf_004,SDG 1 - No Poverty Indicators,github_github.com__axin1301_Satellite-imagery-dataset/Satellite-imagery-dataset-main/Satellite_Imagery_and_Visual_Attributes/object_detection/t.py,5,0,0,.py,0.3714,primary_data,0.0,not_supported,tabular,
True,s41597-023-02576-3,,,not_applicable_file_not_confirmed,sdg3_health_*.csv,csv,format|identity,0.0,mismatch,weak_match,not_tabular_or_unsupported_for_header,True,stem_contains,0.65,lf_005,SDG 3 - Good Health and Well-being Indicators,github_github.com__axin1301_Satellite-imagery-dataset/Satellite-imagery-dataset-main/Satellite_Imagery_and_Visual_Attributes/object_detection/t.py,5,0,0,.py,0.3779,primary_data,0.0455,weakly_supported,tabular,role
True,s41597-023-02576-3,,,not_applicable_file_not_confirmed,sdg4_education_*.csv,csv,format|identity|role,0.0,mismatch,weak_match,not_tabular_or_unsupported_for_header,True,stem_contains,0.65,lf_006,SDG 4 - Quality Education Indicators,github_github.com__axin1301_Satellite-imagery-dataset/Satellite-imagery-dataset-main/Satellite_Imagery_and_Visual_Attributes/object_detection/t.py,5,0,0,.py,0.3714,primary_data,0.0,not_supported,tabular,
True,s41597-023-02576-3,,,not_applicable_file_not_confirmed,sdg10_inequality_*.csv,csv,format|identity|role,0.0,mismatch,weak_match,not_tabular_or_unsupported_for_header,True,stem_contains,0.65,lf_007,SDG 10 - Reduced Inequalities Indicators,github_github.com__axin1301_Satellite-imagery-dataset/Satellite-imagery-dataset-main/Satellite_Imagery_and_Visual_Attributes/object_detection/t.py,4,0,0,.py,0.3714,primary_data,0.0,not_supported,tabular,
True,s41597-023-02576-3,,,not_applicable_file_not_confirmed,sdg11_cities_*.csv,csv,format|identity|role,0.0,mismatch,weak_match,not_tabular_or_unsupported_for_header,True,stem_contains,0.65,lf_008,SDG 11 - Sustainable Cities Indicators,github_github.com__axin1301_Satellite-imagery-dataset/Satellite-imagery-dataset-main/Satellite_Imagery_and_Visual_Attributes/object_detection/t.py,5,0,0,.py,0.3714,primary_data,0.0,not_supported,tabular,
False,s41597-023-02717-8,0.0,0.0,no_observed_headers,Avian Clock Gene Dataset (Star Compatible).xls,xlsx,columns|role,0.9,compatible_excel_family,resolved,unsupported_xls_header_without_xlrd,False,exact_relative_path,1.0,lf_001,Master Workbook,Avian Clock Gene Dataset (Star Compatible).xls,5,0,0,.xls,0.58,primary_data,0.0,not_supported,tabular,
True,s41597-023-02717-8,,,not_applicable_file_not_confirmed,"Sheet named after species (e.g., Hirundo rustica)",xlsx,identity,1.0,supported,missing,success,True,format_only,0.2,lf_002,Species Allele Data Sheet,Avian Clock Gene Dataset.xlsx,5,0,0,.xlsx,0.4075,primary_data,0.0526,weakly_supported,tabular,role
True,s41597-023-02717-8,,,not_applicable_file_not_confirmed,*.csv,csv,identity,1.0,supported,ambiguous,success,True,glob_pattern,0.9,lf_003,Individual Species CSV Files,American Redstart.csv,5,0,0,.csv,0.8179,primary_data,0.125,weakly_supported,tabular,role
True,s41597-023-02717-8,,,not_applicable_file_not_confirmed,Index,xlsx,identity,0.65,tabular_family_mismatch,weak_match,success,True,stem_contains,0.65,lf_004,Index Sheet,0. Index.csv,5,0,0,.csv,0.5667,metadata,0.0667,weakly_supported,tabular,format|role
True,s41597-023-02717-8,,,no_documented_columns,README,text,format|identity|role,0.0,no_physical_candidate,missing,,True,no_candidate,0.0,lf_005,README,,0,0,0,,0.0,metadata,0.0,no_physical_candidate,text,
True,s41597-024-03120-7,,,not_applicable_file_not_confirmed,opendengue_v*.csv,csv,format|identity,0.0,mismatch,weak_match,not_tabular_or_unsupported_for_header,True,stem_contains,0.65,lf_001,main_case_data,github_github.com__OpenDengue_master-repo/master-repo-main/scripts/Checking_OpenDengue_V1.3_release_KJ.R,5,0,0,.r,0.381,primary_data,0.0667,weakly_supported,tabular,role
True,s41597-024-03120-7,,,not_applicable_file_not_confirmed,sourcedata_V*.csv,csv,identity,1.0,supported,ambiguous,success,True,glob_pattern,0.9,lf_002,source_data,github_github.com__OpenDengue_master-repo/master-repo-main/data/raw_data/sourcedata_V1.2.csv,5,0,0,.csv,0.8179,metadata,0.125,weakly_supported,tabular,role
True,s41597-024-03120-7,,,not_applicable_file_not_confirmed,opendengue_national_v*.csv,csv,format|identity,0.0,mismatch,ambiguous,not_tabular_or_unsupported_for_header,True,token_overlap_high,0.6,lf_003,national_extract,github_github.com__OpenDengue_master-repo/master-repo-main/data/releases/V1.2.1/National_extract_V1_2_1.zip,5,0,0,.zip,0.3735,derived_data,0.2143,weakly_supported,tabular,role
True,s41597-024-03120-7,,,not_applicable_file_not_confirmed,opendengue_temporal_v*.csv,csv,format|identity,0.0,mismatch,ambiguous,not_tabular_or_unsupported_for_header,True,token_overlap_high,0.6,lf_004,temporal_extract,github_github.com__OpenDengue_master-repo/master-repo-main/data/releases/V1.2.1/Temporal_extract_V1_2_1.zip,5,0,0,.zip,0.3735,derived_data,0.2143,weakly_supported,tabular,role
True,s41597-024-03120-7,,,not_applicable_file_not_confirmed,opendengue_spatial_v*.csv,csv,format|identity,0.0,mismatch,ambiguous,not_tabular_or_unsupported_for_header,True,token_overlap_high,0.6,lf_005,spatial_extract,github_github.com__OpenDengue_master-repo/master-repo-main/data/releases/V1.2.1/Spatial_extract_V1_2_1.zip,5,0,0,.zip,0.3735,derived_data,0.2143,weakly_supported,tabular,role
True,s41597-024-03120-7,,,not_applicable_file_not_confirmed,metadata_opendengue_*.json,json,identity,1.0,supported,ambiguous,not_tabular_or_unsupported_for_header,True,stem_contains,0.65,lf_006,metadata_main_dataset,github_github.com__OpenDengue_master-repo/master-repo-main/assets/metadata.json,5,0,0,.json,0.6831,metadata,0.1818,weakly_supported,hierarchical,role
True,s41597-024-03120-7,,,not_applicable_file_not_confirmed,metadata_sourcedata_*.json,json,identity,1.0,supported,ambiguous,not_tabular_or_unsupported_for_header,True,stem_contains,0.65,lf_007,metadata_source_data,github_github.com__OpenDengue_master-repo/master-repo-main/assets/metadata.json,5,0,0,.json,0.669,metadata,0.0833,weakly_supported,hierarchical,role
True,s41597-024-03120-7,,,not_applicable_file_not_confirmed,*.Rmd,text,format|identity|role,0.0,mismatch,ambiguous,not_tabular_or_unsupported_for_header,True,glob_pattern,0.9,lf_008,processing_code,github_github.com__OpenDengue_master-repo/master-repo-main/docs/archived/contribute.Rmd,5,0,0,.rmd,0.5143,annotation,0.0,not_supported,text,
True,sdata2018310,,,not_applicable_file_not_confirmed,{MoleculeName}_{A}.db,text,format|identity|role,0.0,no_physical_candidate,missing,,True,no_candidate,0.0,lf_001,DB-format conformer files,,5,0,0,,0.0,primary_data,0.0,no_physical_candidate,hierarchical,
True,sdata2018310,,,not_applicable_file_not_confirmed,{MoleculeName}_{B}.xyz,text,format|identity|role,0.0,no_physical_candidate,missing,,True,no_candidate,0.0,lf_002,XYZ-format conformer files,,5,0,0,,0.0,primary_data,0.0,no_physical_candidate,text,
True,sdata2018310,,,not_applicable_file_not_confirmed,summary.csv,csv,identity,1.0,supported,missing,success,True,format_only,0.2,lf_003,CSV summary file per directory,PEPCONF/Cyclic/Cyclic.csv,3,0,0,.csv,0.4102,derived_data,0.0714,weakly_supported,tabular,role
False,s41597-020-00676-y,0.8,0.8,supported,diet_data.csv,csv,,1.0,supported,resolved,success,False,exact_basename,0.95,lf_001,Diet data,github_github.com__mcarolinegraham_North_Pacific_Marine_Salmon_Diet_Database/North_Pacific_Marine_Salmon_Diet_Database-master/data/diet_data.csv,5,4,70,.csv,0.8234,primary_data,0.0339,weakly_supported,tabular,role
False,s41597-020-00676-y,0.6,0.6,partially_supported,predator_biological_data.csv,csv,,1.0,supported,resolved,success,False,exact_basename,0.95,lf_002,Predator biological data,github_github.com__mcarolinegraham_North_Pacific_Marine_Salmon_Diet_Database/North_Pacific_Marine_Salmon_Diet_Database-master/data/predator_biological_data.csv,5,3,55,.csv,0.765,primary_data,0.05,weakly_supported,tabular,columns|role
False,s41597-020-00676-y,0.2,0.2,weakly_supported,prey_biological_data.csv,csv,,1.0,supported,resolved,success,False,exact_basename,0.95,lf_003,Prey biological data,github_github.com__mcarolinegraham_North_Pacific_Marine_Salmon_Diet_Database/North_Pacific_Marine_Salmon_Diet_Database-master/data/prey_biological_data.csv,5,1,82,.csv,0.645,primary_data,0.05,weakly_supported,tabular,columns|role
False,s41597-020-00676-y,0.0,0.0,not_supported,environmental_data.csv,csv,columns,1.0,supported,resolved,success,False,exact_basename,0.95,lf_004,Environmental data,github_github.com__mcarolinegraham_North_Pacific_Marine_Salmon_Diet_Database/North_Pacific_Marine_Salmon_Diet_Database-master/data/environmental_data.csv,5,0,29,.csv,0.585,primary_data,0.05,weakly_supported,tabular,role
False,s41597-020-00676-y,1.0,1.0,supported,sources.csv,csv,,1.0,supported,resolved,success,False,exact_basename,0.95,lf_005,Sources,github_github.com__mcarolinegraham_North_Pacific_Marine_Salmon_Diet_Database/North_Pacific_Marine_Salmon_Diet_Database-master/data/sources.csv,5,5,19,.csv,0.8827,metadata,0.027,weakly_supported,tabular,role
False,s41597-020-00676-y,1.0,1.0,supported,gear_type_predator.csv,csv,,1.0,supported,resolved,success,False,exact_basename,0.95,lf_006,Gear type predator,github_github.com__mcarolinegraham_North_Pacific_Marine_Salmon_Diet_Database/North_Pacific_Marine_Salmon_Diet_Database-master/data/gear_type_predator.csv,2,2,31,.csv,0.8891,metadata,0.0909,weakly_supported,tabular,role
False,s41597-020-00676-y,1.0,1.0,supported,gear_type_prey.csv,csv,,1.0,supported,resolved,success,False,exact_basename,0.95,lf_007,Gear type prey,github_github.com__mcarolinegraham_North_Pacific_Marine_Salmon_Diet_Database/North_Pacific_Marine_Salmon_Diet_Database-master/data/gear_type_prey.csv,2,2,31,.csv,0.8891,metadata,0.0909,weakly_supported,tabular,role
True,s41597-020-00676-y,,,no_documented_columns,msdd_mysql_database_dump.zip,binary,format|identity,0.0,mismatch,weak_match,not_tabular_or_unsupported_for_header,True,stem_contains,0.65,lf_008,MySQL database dump,github_github.com__mcarolinegraham_North_Pacific_Marine_Salmon_Diet_Database/North_Pacific_Marine_Salmon_Diet_Database-master/npmsdd/npmsdd_mysql_database_dump.zip,0,0,0,.zip,0.3966,primary_data,0.1765,weakly_supported,hierarchical,role
False,s41597-020-00682-0,0.0,0.0,no_observed_headers,contextuals.csv,csv,columns|format,0.0,mismatch,resolved,not_tabular_or_unsupported_for_header,False,stem_match,0.85,lf_001,contextuals,github_github.com__datadrivenenvirolab_ClimActor/ClimActor-master/data/contextuals.rda,5,0,0,.rda,0.36,primary_data,0.2,weakly_supported,tabular,role
False,s41597-020-00682-0,0.0,0.0,no_observed_headers,key_dict.csv,csv,columns|format,0.0,mismatch,resolved,not_tabular_or_unsupported_for_header,False,stem_match,0.85,lf_002,key_dict,github_github.com__datadrivenenvirolab_ClimActor/ClimActor-master/data/key_dict.rda,5,0,0,.rda,0.3582,metadata,0.1818,weakly_supported,tabular,role
False,s41597-020-00682-0,0.0,0.0,no_observed_headers,country_dict.csv,csv,columns|format,0.0,mismatch,resolved,not_tabular_or_unsupported_for_header,False,stem_match,0.85,lf_003,country_dict,github_github.com__datadrivenenvirolab_ClimActor/ClimActor-master/data/country_dict.rda,2,0,0,.rda,0.3582,metadata,0.1818,weakly_supported,tabular,role
True,s41597-020-00682-0,,,not_applicable_file_not_confirmed,participation_*.csv,csv,format|identity,0.0,mismatch,weak_match,not_tabular_or_unsupported_for_header,True,token_overlap_high,0.6,lf_004,participation_data,github_github.com__datadrivenenvirolab_ClimActor/ClimActor-master/R/data.R,5,0,0,.r,0.3587,primary_data,0.1111,weakly_supported,tabular,role
True,s41597-020-00682-0,,,not_applicable_file_not_confirmed,geolocation.csv,csv,format|identity,0.0,mismatch,weak_match,not_tabular_or_unsupported_for_header,True,token_overlap_high,0.6,lf_005,geolocation_data,github_github.com__datadrivenenvirolab_ClimActor/ClimActor-master/R/data.R,5,0,0,.r,0.3587,derived_data,0.1111,weakly_supported,tabular,role
True,s41597-020-00682-0,,,no_documented_columns,*.RData,binary,format|identity|role,0.0,no_physical_candidate,missing,,True,no_candidate,0.0,lf_006,Rdata_objects,,0,0,0,,0.0,primary_data,0.0,no_physical_candidate,unknown,
True,s41597-020-00682-0,,,no_documented_columns,vignette.Rmd,text,format|identity,0.0,mismatch,weak_match,not_tabular_or_unsupported_for_header,True,stem_contains,0.65,lf_007,vignette_workflow,github_github.com__datadrivenenvirolab_ClimActor/ClimActor-master/vignettes/climactor_vignette_v100.Rmd,0,0,0,.rmd,0.3833,metadata,0.0833,weakly_supported,text,role
False,s41597-021-00844-8,0.6,0.6,partially_supported,dataset_EN.csv,csv,role,1.0,supported,resolved,success,False,exact_relative_path,1.0,lf_001,primary_line_list_data,dataset_EN.csv,5,3,29,.csv,0.78,primary_data,0.0,not_supported,tabular,columns
False,s41597-021-00844-8,0.6667,0.6667,partially_supported,data_sources.csv,csv,,1.0,supported,resolved,success,False,exact_relative_path,1.0,lf_002,data_sources_metadata,data_sources.csv,3,2,7,.csv,0.8167,metadata,0.1667,weakly_supported,tabular,columns|role
False,s41597-021-00844-8,0.25,0.25,weakly_supported,reasons_for_missing_data.csv,csv,,1.0,supported,resolved,success,False,exact_relative_path,1.0,lf_003,missing_data_reasons,reasons_for_missing_data.csv,4,1,4,.csv,0.6964,metadata,0.2143,weakly_supported,tabular,columns|role
False,s41597-021-00844-8,1.0,1.0,supported,dataset_EN.csv,csv,,1.0,supported,resolved,success,False,exact_relative_path,1.0,lf_004,original_text_corpus,dataset_EN.csv,1,1,29,.csv,0.9048,annotation,0.0476,weakly_supported,text,role
True,s41597-021-00844-8,,,no_documented_columns,CCIE.zip,binary,format|identity|role,0.0,no_physical_candidate,missing,,True,no_candidate,0.0,lf_005,ai_model_artifact,,0,0,0,,0.0,derived_data,0.0,no_physical_candidate,unknown,
True,s41597-021-00844-8,,,no_documented_columns,chinese_roberta_wwm_ext_L-12_H-768_A-12,binary,format|identity|role,0.0,no_physical_candidate,missing,,True,no_candidate,0.0,lf_006,pretrained_language_model_dependency,,0,0,0,,0.0,metadata,0.0,no_physical_candidate,unknown,
True,s41597-021-00844-8,,,no_documented_columns,Front Page.jpg,image,format|identity|role,0.0,no_physical_candidate,missing,,True,no_candidate,0.0,lf_007,front_page_visual,,0,0,0,,0.0,annotation,0.0,no_physical_candidate,image,
False,s41597-022-01850-0,0.4,0.4,weakly_supported,lpr_data_*.csv,csv,,1.0,supported,resolved,success,False,stem_match,0.85,lf_001,Short-term anonymized LPR data,github_github.com__sysuits_City-Scale-Holographic-Traffic-Flow-Data-based-on-Vehicular-Trajectory-Resampling/City-Scale-Holographic-Traffic-Flow-Data-based-on-Vehicular-Trajectory-Resampling-master/data/lpr_data.csv,5,2,4,.csv,0.6677,primary_data,0.0769,weakly_supported,tabular,columns|role
True,s41597-022-01850-0,,,not_applicable_file_not_confirmed,loop_data_*.csv,csv,identity,1.0,supported,missing,success,True,format_only,0.2,lf_002,Long-term resampled loop data,github_github.com__sysuits_City-Scale-Holographic-Traffic-Flow-Data-based-on-Vehicular-Trajectory-Resampling/City-Scale-Holographic-Traffic-Flow-Data-based-on-Vehicular-Trajectory-Resampling-master/data/xc_net_with_len.csv,5,0,0,.csv,0.4046,derived_data,0.0323,weakly_supported,tabular,role
True,s41597-022-01850-0,,,not_applicable_file_not_confirmed,fcd_data_*.csv,csv,identity,1.0,supported,missing,success,True,format_only,0.2,lf_003,Long-term resampled FCD,github_github.com__sysuits_City-Scale-Holographic-Traffic-Flow-Data-based-on-Vehicular-Trajectory-Resampling/City-Scale-Holographic-Traffic-Flow-Data-based-on-Vehicular-Trajectory-Resampling-master/data/xc_net_with_len.csv,5,0,0,.csv,0.4046,derived_data,0.0323,weakly_supported,tabular,role
True,s41597-022-01850-0,,,not_applicable_file_not_confirmed,road_network.geojson,json,format|identity,0.0,mismatch,weak_match,not_tabular_or_unsupported_for_header,True,stem_contains,0.65,lf_004,Road network data,github_github.com__sysuits_City-Scale-Holographic-Traffic-Flow-Data-based-on-Vehicular-Trajectory-Resampling/City-Scale-Holographic-Traffic-Flow-Data-based-on-Vehicular-Trajectory-Resampling-master/traj/network.py,5,0,0,.py,0.385,metadata,0.0952,weakly_supported,hierarchical,role
True,s41597-022-01850-0,,,no_documented_columns,holo_traj_*.bin,binary,format|identity|role,0.0,no_physical_candidate,missing,,True,no_candidate,0.0,lf_005,Encrypted holographic trajectories,,0,0,0,,0.0,primary_data,0.0,no_physical_candidate,array,
True,s41597-022-01850-0,,,not_applicable_file_not_confirmed,resampling_config.properties,text,format|identity|role,0.0,no_physical_candidate,missing,,True,no_candidate,0.0,lf_006,Resampling software configuration,,5,0,0,,0.0,metadata,0.0,no_physical_candidate,text,
True,s41597-022-01850-0,,,no_documented_columns,*.py,text,format|identity|role,0.0,mismatch,ambiguous,not_tabular_or_unsupported_for_header,True,glob_pattern,0.9,lf_007,Reconstruction code,github_github.com__sysuits_City-Scale-Holographic-Traffic-Flow-Data-based-on-Vehicular-Trajectory-Resampling/City-Scale-Holographic-Traffic-Flow-Data-based-on-Vehicular-Trajectory-Resampling-master/traj/network.py,0,0,0,.py,0.5143,annotation,0.0,not_supported,text,
False,s41597-022-01850-0,,,no_documented_columns,*.ipynb,json,format,0.0,mismatch,resolved,not_tabular_or_unsupported_for_header,False,glob_pattern,0.9,lf_008,Data processing notebooks,github_github.com__sysuits_City-Scale-Holographic-Traffic-Flow-Data-based-on-Vehicular-Trajectory-Resampling/City-Scale-Holographic-Traffic-Flow-Data-based-on-Vehicular-Trajectory-Resampling-master/demo_instructions.ipynb,0,0,0,.ipynb,0.5208,annotation,0.0455,weakly_supported,hierarchical,role
False,s41597-020-00609-9,1.0,1.0,supported,COVID19_non-pharmaceutical-interventions_version2_utf8.csv,csv,,1.0,supported,resolved,success,False,exact_basename,0.95,lf_001,primary_interventions_data,github_github.com__amel-github_covid19-interventionmeasures/covid19-interventionmeasures-master/COVID19_non-pharmaceutical-interventions_version2_utf8.csv,5,5,13,.csv,0.8835,primary_data,0.0345,weakly_supported,tabular,role
False,s41597-020-00609-9,1.0,1.0,supported,Master_list_CCCSL_v2_ordered.csv,csv,,1.0,supported,resolved,success,False,exact_basename,0.95,lf_002,master_list_of_codes,github_github.com__amel-github_covid19-interventionmeasures/covid19-interventionmeasures-master/Master_list_CCCSL_v2_ordered.csv,4,4,4,.csv,0.89,metadata,0.1,weakly_supported,tabular,role
False,s41597-020-00609-9,1.0,1.0,supported,Master-List-with-Unique-LinkType-and-value.csv,csv,,1.0,supported,resolved,success,False,exact_basename,0.95,lf_003,code_hierarchy_with_frequency,github_github.com__amel-github_covid19-interventionmeasures/covid19-interventionmeasures-master/Master-List-with-Unique-LinkType-and-value.csv,4,4,4,.csv,0.8848,metadata,0.0476,weakly_supported,tabular,role
True,s41597-020-00609-9,,,not_applicable_file_not_confirmed,COVID19_non-pharmaceutical-interventions_version2_utf8_static_*.csv,csv,identity|role,1.0,supported,ambiguous,success,True,stem_contains,0.65,lf_004,static_dataset_snapshot,github_github.com__amel-github_covid19-interventionmeasures/covid19-interventionmeasures-master/COVID19_non-pharmaceutical-interventions_version2_utf8.csv,5,0,0,.csv,0.6571,primary_data,0.0,not_supported,tabular,
True,s41597-020-00609-9,,,no_documented_columns,Glossary of Codes,unknown,identity,0.25,expected_format_unknown,weak_match,not_tabular_or_unsupported_for_header,True,stem_contains,0.65,lf_005,glossary_of_codes,github_github.com__amel-github_covid19-interventionmeasures/covid19-interventionmeasures-master/CCCSL_Glossary of codes.docx,0,0,0,.docx,0.4758,metadata,0.2308,weakly_supported,text,format|role
True,s41597-020-00609-9,,,no_documented_columns,"*.R, *.Rmd",text,format|identity|role,0.0,mismatch,ambiguous,not_tabular_or_unsupported_for_header,True,stem_contains,0.65,lf_006,r_analysis_codebase,github_github.com__amel-github_covid19-interventionmeasures/covid19-interventionmeasures-master/Description_changes_v2_20201216.pdf,0,0,0,.pdf,0.3714,derived_data,0.0,not_supported,script,
True,s41597-020-00609-9,,,no_documented_columns,Zotero group library,unknown,format|identity|role,0.0,no_physical_candidate,missing,,True,no_candidate,0.0,lf_007,zotero_source_library,,0,0,0,,0.0,annotation,0.0,no_physical_candidate,metadata,
True,s41597-020-00609-9,,,no_documented_columns,CCCSLgraph,unknown,format|identity|role,0.0,no_physical_candidate,missing,,True,no_candidate,0.0,lf_008,interactive_visualization_tool,,0,0,0,,0.0,annotation,0.0,no_physical_candidate,web_application,
True,s41597-023-01947-0,,,not_applicable_file_not_confirmed,"study-1-names.csv, study-1-names.rds",csv,identity,1.0,supported,ambiguous,success,True,stem_contains,0.65,lf_001,study_1_names,github_github.com__jaeyk_validated_names/validated_names-main/services/names.csv,5,0,0,.csv,0.6673,primary_data,0.0714,weakly_supported,tabular,role
True,s41597-023-01947-0,,,not_applicable_file_not_confirmed,"study-2-names.csv, study-2-names.rds",csv,identity,1.0,supported,ambiguous,success,True,stem_contains,0.65,lf_002,study_2_names,github_github.com__jaeyk_validated_names/validated_names-main/services/names.csv,5,0,0,.csv,0.6673,primary_data,0.0714,weakly_supported,tabular,role
True,s41597-023-01947-0,,,not_applicable_file_not_confirmed,"study-3-names.csv, study-3-names.rds",csv,identity,1.0,supported,ambiguous,success,True,stem_contains,0.65,lf_003,study_3_names,github_github.com__jaeyk_validated_names/validated_names-main/services/names.csv,5,0,0,.csv,0.6673,primary_data,0.0714,weakly_supported,tabular,role
True,s41597-023-01947-0,,,not_applicable_file_not_confirmed,"names.csv, names.rds",csv,identity,1.0,supported,ambiguous,success,True,stem_contains,0.65,lf_004,names,github_github.com__jaeyk_validated_names/validated_names-main/services/names.csv,5,0,0,.csv,0.6681,derived_data,0.0769,weakly_supported,tabular,role
True,s41597-023-01947-0,,,not_applicable_file_not_confirmed,"study123.csv, study123.rds, study123.rda",csv,identity,1.0,supported,ambiguous,success,True,stem_contains,0.65,lf_005,combined_study_data,github_github.com__jaeyk_validated_names/validated_names-main/data_outputs/study123.csv,5,0,0,.csv,0.6658,derived_data,0.0606,weakly_supported,tabular,role
True,s41597-023-02310-z,,,not_applicable_file_not_confirmed,ALL_INVIVO_MEANS.csv,csv,identity|role,1.0,supported,missing,success,True,format_only,0.2,lf_001,Mean Imaginary Refractive Indices by Phytoplankton Group,study-1-names.csv,5,0,0,.csv,0.4,primary_data,0.0,not_supported,tabular,
True,s41597-023-02310-z,,,not_applicable_file_not_confirmed,*.csv,csv,identity|role,1.0,supported,ambiguous,success,True,glob_pattern,0.9,lf_002,Phytoplankton Group IOPs,study-1-names.csv,5,0,0,.csv,0.8,primary_data,0.0,not_supported,tabular,
True,s41597-020-0455-1,,,not_applicable_file_not_confirmed,cvt_db.sql,sql,format|identity,0.0,mismatch,ambiguous,not_tabular_or_unsupported_for_header,True,stem_contains,0.65,lf_001,CvT_database_dump,github_github.com__USEPA_CompTox-PK-CvTdb/CompTox-PK-CvTdb-master/archive/v1.1.0/cvt_db_20210607.sql,5,0,0,.sql,0.3794,primary_data,0.0556,weakly_supported,tabular,role
True,s41597-020-0455-1,,,not_applicable_file_not_confirmed,conc_time_values,sql,format|identity,0.0,mismatch,ambiguous,success,True,token_overlap_low,0.45,lf_002,CvT_time_series_data,github_github.com__USEPA_CompTox-PK-CvTdb/CompTox-PK-CvTdb-master/archive/template_forms/CvT_data_template_articles.xlsx,5,0,0,.xlsx,0.2686,primary_data,0.08,weakly_supported,tabular,role
True,s41597-020-0455-1,,,not_applicable_file_not_confirmed,tk_parameters,sql,format|identity|role,0.0,no_physical_candidate,missing,,True,no_candidate,0.0,lf_003,derived_TK_parameters,,5,0,0,,0.0,derived_data,0.0,no_physical_candidate,tabular,
True,s41597-020-0455-1,,,not_applicable_file_not_confirmed,documents,sql,format|identity|role,0.0,no_physical_candidate,missing,,True,no_candidate,0.0,lf_004,literature_sources,,5,0,0,,0.0,metadata,0.0,no_physical_candidate,tabular,
False,s41597-020-0455-1,0.0,0.0,no_observed_headers,CvT_unextracted_sources.csv,csv,columns|format,0.0,mismatch,resolved,not_tabular_or_unsupported_for_header,False,stem_match,0.85,lf_005,unextracted_sources_list,github_github.com__USEPA_CompTox-PK-CvTdb/CompTox-PK-CvTdb-master/archive/CvT_unextracted_sources.zip,5,0,0,.zip,0.3533,metadata,0.1333,weakly_supported,tabular,role
True,s41597-020-0455-1,,,not_applicable_file_not_confirmed,CvT_data_template.xlsx,xlsx,identity,1.0,supported,ambiguous,success,True,stem_contains,0.65,lf_006,study_metadata_template,github_github.com__USEPA_CompTox-PK-CvTdb/CompTox-PK-CvTdb-master/archive/template_forms/CvT_data_template_articles.xlsx,5,0,0,.xlsx,0.6629,annotation,0.04,weakly_supported,tabular,role
True,s41597-020-0455-1,,,not_applicable_file_not_confirmed,cvt_audit.parquet,parquet,identity,1.0,supported,missing,header_read_failed,True,format_only,0.2,lf_007,audit_log_parquet,github_github.com__USEPA_CompTox-PK-CvTdb/CompTox-PK-CvTdb-master/v2.0.0/cvtdb_v2_0_0_audit.parquet,5,0,0,.parquet,0.422,metadata,0.1538,weakly_supported,tabular,role
False,s41597-020-0455-1,0.2,0.2,weakly_supported,routes_and_species_per_chemical.csv,csv,,1.0,supported,resolved,success,False,exact_basename,0.95,lf_008,routes_and_species_summary,github_github.com__USEPA_CompTox-PK-CvTdb/CompTox-PK-CvTdb-master/archive/routes_and_species_per_chemical.csv,5,1,10,.csv,0.6497,derived_data,0.0968,weakly_supported,tabular,columns|role
False,s41597-020-00610-2,1.0,1.0,supported,hit-covid-longdata.csv,csv,,1.0,supported,resolved,success,False,exact_basename,0.95,lf_001,main_intervention_data,github_github.com__HopkinsIDD_hit-covid/hit-covid-master/data/hit-covid-longdata.csv,5,5,29,.csv,0.8842,primary_data,0.0417,weakly_supported,tabular,role
False,s41597-020-00610-2,1.0,1.0,supported,hit-covid-completeness.csv,csv,,1.0,supported,resolved,success,False,exact_basename,0.95,lf_002,completeness_assessment_data,github_github.com__HopkinsIDD_hit-covid/hit-covid-master/data/hit-covid-completeness.csv,5,5,6,.csv,0.8905,metadata,0.1053,weakly_supported,tabular,role
True,s41597-020-00610-2,,,no_documented_columns,Supplementary_File_1_Data_Entry_Manual.pdf,pdf,format|identity|role,0.0,no_physical_candidate,missing,,True,no_candidate,0.0,lf_003,data_entry_manual,,0,0,0,,0.0,metadata,0.0,no_physical_candidate,text,
True,s41597-020-00610-2,,,not_applicable_file_not_confirmed,codebook.csv,csv,format|identity,0.0,mismatch,ambiguous,not_tabular_or_unsupported_for_header,True,stem_contains,0.65,lf_004,codebook,github_github.com__HopkinsIDD_hit-covid/hit-covid-master/documentation/codebook_2020-06-04.pdf,2,0,0,.pdf,0.3816,metadata,0.0714,weakly_supported,tabular,role
False,s41597-020-00712-x,0.0,0.0,not_supported,metadata.csv,csv,columns,1.0,supported,resolved,success,False,exact_basename,0.95,lf_001,building_metadata,github_github.com__buds-lab_building-data-genome-project-2/building-data-genome-project-2-master/data/metadata/metadata.csv,5,0,1,.csv,0.5911,metadata,0.1111,weakly_supported,tabular,role
False,s41597-020-00712-x,0.0,0.0,not_supported,weather.csv,csv,columns,1.0,supported,resolved,success,False,exact_basename,0.95,lf_002,weather_data,github_github.com__buds-lab_building-data-genome-project-2/building-data-genome-project-2-master/data/weather/weather.csv,5,0,1,.csv,0.5905,primary_data,0.1053,weakly_supported,tabular,role
False,s41597-020-00712-x,0.0,0.0,not_supported,electricity.csv,csv,columns,1.0,supported,resolved,success,False,exact_basename,0.95,lf_003,raw_meter_data_electricity,github_github.com__buds-lab_building-data-genome-project-2/building-data-genome-project-2-master/data/meters/raw/electricity.csv,2,0,1,.csv,0.5936,primary_data,0.1364,weakly_supported,tabular,role
False,s41597-020-00712-x,0.0,0.0,not_supported,gas.csv,csv,columns,1.0,supported,resolved,success,False,exact_basename,0.95,lf_004,raw_meter_data_gas,github_github.com__buds-lab_building-data-genome-project-2/building-data-genome-project-2-master/data/meters/raw/gas.csv,2,0,1,.csv,0.5936,primary_data,0.1364,weakly_supported,tabular,role
False,s41597-020-00712-x,0.0,0.0,not_supported,water.csv,csv,columns,1.0,supported,resolved,success,False,exact_basename,0.95,lf_005,raw_meter_data_water,github_github.com__buds-lab_building-data-genome-project-2/building-data-genome-project-2-master/data/meters/raw/water.csv,2,0,1,.csv,0.5936,primary_data,0.1364,weakly_supported,tabular,role
True,s41597-020-00712-x,,,not_applicable_file_not_confirmed,*.csv,csv,identity,1.0,supported,ambiguous,success,True,glob_pattern,0.9,lf_006,cleaned_meter_data,github_github.com__buds-lab_building-data-genome-project-2/building-data-genome-project-2-master/data/weather/weather.csv,1,0,0,.csv,0.8068,derived_data,0.0476,weakly_supported,tabular,role
False,s41597-020-00712-x,0.0,0.0,not_supported,kaggle.csv,csv,columns,1.0,supported,resolved,success,False,exact_basename,0.95,lf_007,kaggle_meter_data,github_github.com__buds-lab_building-data-genome-project-2/building-data-genome-project-2-master/data/meters/kaggle/kaggle.csv,5,0,1,.csv,0.5895,derived_data,0.0952,weakly_supported,tabular,role
False,s41597-020-00757-y,0.0,0.0,no_observed_headers,Gov_Responses_Covid19_last.(dta|xls),stata | xlsx,columns|format|role,0.0,mismatch,resolved,not_tabular_or_unsupported_for_header,False,stem_match,0.85,lf_001,primary_data,github_github.com__simonporcher_COVID-19-Governments-Responses/COVID-19-Governments-Responses-master/Latest version/Gov_Responses_Covid19_last.dta,5,0,0,.dta,0.34,primary_data,0.0,not_supported,tabular,
False,s41597-020-00757-y,0.0,0.0,no_observed_headers,Gov_Responses_Sources.(xls),xlsx,columns,1.0,supported,resolved,success,False,stem_match,0.85,lf_002,sources_reference,github_github.com__simonporcher_COVID-19-Governments-Responses/COVID-19-Governments-Responses-master/Latest version/Gov_Responses_Sources.xlsx,3,0,0,.xlsx,0.5463,metadata,0.0625,weakly_supported,tabular,role
True,s41597-020-00757-y,,,no_documented_columns,script.do,text,format|identity,0.0,mismatch,ambiguous,not_tabular_or_unsupported_for_header,True,stem_contains,0.65,lf_003,data_generation_script,github_github.com__simonporcher_COVID-19-Governments-Responses/COVID-19-Governments-Responses-master/Latest version/script_final.do,0,0,0,.do,0.3798,derived_data,0.0588,weakly_supported,text,role
False,s41597-020-00757-y,,,no_documented_columns,verif.do,text,format|role,0.0,mismatch,resolved,not_tabular_or_unsupported_for_header,False,exact_basename,0.95,lf_004,verification_script,github_github.com__simonporcher_COVID-19-Governments-Responses/COVID-19-Governments-Responses-master/Former versions/verif.do,0,0,0,.do,0.5429,metadata,0.0,not_supported,text,
True,s41597-021-00816-y,,,not_applicable_file_not_confirmed,ancientmetagenome-hostassociated.tsv,tsv,format|identity|role,0.0,mismatch,ambiguous,not_tabular_or_unsupported_for_header,True,stem_contains,0.65,lf_001,host-associated metagenomes,github_github.com__SPAAM-community_AncientMetagenomeDir/AncientMetagenomeDir-master/ancientmetagenome-hostassociated/dates/ancientmetagenome-hostassociated_dates_schema.json,5,0,0,.json,0.3714,metadata,0.0,not_supported,tabular,
True,s41597-021-00816-y,,,not_applicable_file_not_confirmed,ancientsinglegenome-hostassociated.tsv,tsv,identity|role,1.0,supported,ambiguous,success,True,stem_contains,0.65,lf_002,host-associated single genomes,github_github.com__SPAAM-community_AncientMetagenomeDir/AncientMetagenomeDir-master/ancientsinglegenome-hostassociated/dates/ancientsinglegenome-hostassociated_dates.tsv,5,0,0,.tsv,0.6571,metadata,0.0,not_supported,tabular,
True,s41597-021-00816-y,,,not_applicable_file_not_confirmed,ancientmetagenome-environmental.tsv,tsv,identity,1.0,supported,ambiguous,success,True,stem_contains,0.65,lf_003,environmental metagenomes,github_github.com__SPAAM-community_AncientMetagenomeDir/AncientMetagenomeDir-master/ancientmetagenome-environmental/libraries/ancientmetagenome-environmental_libraries.tsv,5,0,0,.tsv,0.6609,metadata,0.0263,weakly_supported,tabular,role
True,s41597-022-01141-8,,,not_applicable_file_not_confirmed,material_database.xlsx,xlsx,identity,1.0,supported,missing,success,True,format_only,0.2,lf_001,building_material_data,github_github.com__alexwolson_A-Construction-Classification-System-Database-for-Understanding-Resource-Use-in-Buildings/A-Construction-Classification-System-Database-for-Understanding-Resource-Use-in-Buildings-main/Conversion/Mapping material names_October 2021 update.xlsx,5,0,0,.xlsx,0.4055,primary_data,0.0385,weakly_supported,tabular,role
True,s41597-022-01141-8,,,not_applicable_file_not_confirmed,data_record_code,unknown,format|identity|role,0.0,no_physical_candidate,missing,,True,no_candidate,0.0,lf_002,material_takeoff_record,,5,0,0,,0.0,primary_data,0.0,no_physical_candidate,hierarchical,
True,s41597-022-01141-8,,,not_applicable_file_not_confirmed,uncertainty_scores,xlsx,identity|role,1.0,supported,missing,success,True,format_only,0.2,lf_003,uncertainty_assessment,github_github.com__alexwolson_A-Construction-Classification-System-Database-for-Understanding-Resource-Use-in-Buildings/A-Construction-Classification-System-Database-for-Understanding-Resource-Use-in-Buildings-main/Conversion/Mapping material names_October 2021 update.xlsx,5,0,0,.xlsx,0.4,derived_data,0.0,not_supported,tabular,
True,s41597-022-01141-8,,,not_applicable_file_not_confirmed,uniformat_masterformat_extensions,xlsx,identity,1.0,supported,missing,success,True,format_only,0.2,lf_004,classification_system_mapping,github_github.com__alexwolson_A-Construction-Classification-System-Database-for-Understanding-Resource-Use-in-Buildings/A-Construction-Classification-System-Database-for-Understanding-Resource-Use-in-Buildings-main/Conversion/Mapping material names_October 2021 update.xlsx,5,0,0,.xlsx,0.4179,metadata,0.125,weakly_supported,tabular,role
True,s41597-022-01141-8,,,no_documented_columns,heeren_fishman_translation.py,text,identity|role,1.0,supported,missing,not_tabular_or_unsupported_for_header,True,format_only,0.2,lf_005,translation_script,github_github.com__alexwolson_A-Construction-Classification-System-Database-for-Understanding-Resource-Use-in-Buildings/A-Construction-Classification-System-Database-for-Understanding-Resource-Use-in-Buildings-main/Sample Code/requirements.txt,0,0,0,.txt,0.4,derived_data,0.0,not_supported,text,
True,s41597-022-01141-8,,,no_documented_columns,sample_python_code.py,text,format|identity,0.0,mismatch,ambiguous,not_tabular_or_unsupported_for_header,True,stem_contains,0.65,lf_006,analysis_code,github_github.com__alexwolson_A-Construction-Classification-System-Database-for-Understanding-Resource-Use-in-Buildings/A-Construction-Classification-System-Database-for-Understanding-Resource-Use-in-Buildings-main/Sample Code/Sample.pdf,0,0,0,.pdf,0.3782,derived_data,0.0476,weakly_supported,text,role
True,s41597-022-01141-8,,,not_applicable_file_not_confirmed,building_characteristics,xlsx,identity|role,1.0,supported,missing,success,True,format_only,0.2,lf_007,building_metadata,github_github.com__alexwolson_A-Construction-Classification-System-Database-for-Understanding-Resource-Use-in-Buildings/A-Construction-Classification-System-Database-for-Understanding-Resource-Use-in-Buildings-main/Conversion/Mapping material names_October 2021 update.xlsx,5,0,0,.xlsx,0.4,metadata,0.0,not_supported,tabular,
True,s41597-022-01141-8,,,no_documented_columns,CONTRIBUTING.md,text,identity|role,1.0,supported,missing,not_tabular_or_unsupported_for_header,True,format_only,0.2,lf_008,contributor_guidelines,github_github.com__alexwolson_A-Construction-Classification-System-Database-for-Understanding-Resource-Use-in-Buildings/A-Construction-Classification-System-Database-for-Understanding-Resource-Use-in-Buildings-main/Sample Code/requirements.txt,0,0,0,.txt,0.4,metadata,0.0,not_supported,text,
False,s41597-022-01255-z,0.8,0.8,supported,knee.csv,csv,,1.0,supported,resolved,success,False,exact_basename,0.95,lf_001,knee_annotations,github_github.com__microsoft_fastmri-plus/fastmri-plus-main/Annotations/knee.csv,5,4,8,.csv,0.8311,annotation,0.1111,weakly_supported,tabular,role
False,s41597-022-01255-z,0.8,0.8,supported,brain.csv,csv,,1.0,supported,resolved,success,False,exact_basename,0.95,lf_002,brain_annotations,github_github.com__microsoft_fastmri-plus/fastmri-plus-main/Annotations/brain.csv,5,4,8,.csv,0.8311,annotation,0.1111,weakly_supported,tabular,role
False,s41597-022-01255-z,0.0,0.0,not_supported,knee_file_list.csv,csv,columns,1.0,supported,resolved,success,False,exact_basename,0.95,lf_003,knee_file_list,github_github.com__microsoft_fastmri-plus/fastmri-plus-main/Annotations/knee_file_list.csv,1,0,1,.csv,0.6014,metadata,0.2143,weakly_supported,tabular,role
False,s41597-022-01255-z,0.0,0.0,not_supported,brain_file_list.csv,csv,columns,1.0,supported,resolved,success,False,exact_basename,0.95,lf_004,brain_file_list,github_github.com__microsoft_fastmri-plus/fastmri-plus-main/Annotations/brain_file_list.csv,1,0,1,.csv,0.5988,metadata,0.1875,weakly_supported,tabular,role
False,s41597-022-01255-z,,,no_documented_columns,fastmri_to_dicom.py,text,format,0.0,mismatch,resolved,not_tabular_or_unsupported_for_header,False,exact_basename,0.95,lf_005,dicom_conversion_script,github_github.com__microsoft_fastmri-plus/fastmri-plus-main/ExampleScripts/fastmri_to_dicom.py,0,0,0,.py,0.5524,derived_data,0.0667,weakly_supported,text,role
False,s41597-022-01255-z,,,no_documented_columns,example.ipynb,json,format,0.0,mismatch,resolved,not_tabular_or_unsupported_for_header,False,exact_basename,0.95,lf_006,example_usage_notebook,github_github.com__microsoft_fastmri-plus/fastmri-plus-main/ExampleScripts/example.ipynb,0,0,0,.ipynb,0.5531,derived_data,0.0714,weakly_supported,text,role
False,s41597-022-01432-0,0.0,0.0,no_observed_headers,cldf/wordlist-metadata.json,json,columns,1.0,supported,resolved,not_tabular_or_unsupported_for_header,False,exact_basename,0.95,lf_001,wordlist_data,github_github.com__lexibank_lexibank-analysed/lexibank-analysed-main/cldf/wordlist-metadata.json,5,0,0,.json,0.5883,primary_data,0.0833,weakly_supported,tabular,role
False,s41597-022-01432-0,0.0,0.0,no_observed_headers,cldf/phonology-metadata.json,json,columns|role,1.0,supported,resolved,not_tabular_or_unsupported_for_header,False,exact_basename,0.95,lf_002,phonological_features,github_github.com__lexibank_lexibank-analysed/lexibank-analysed-main/cldf/phonology-metadata.json,4,0,0,.json,0.58,derived_data,0.0,not_supported,tabular,
False,s41597-022-01432-0,0.0,0.0,no_observed_headers,cldf/lexicon-metadata.json,json,columns|role,1.0,supported,resolved,not_tabular_or_unsupported_for_header,False,exact_basename,0.95,lf_003,lexical_features,github_github.com__lexibank_lexibank-analysed/lexibank-analysed-main/cldf/lexicon-metadata.json,4,0,0,.json,0.58,derived_data,0.0,not_supported,tabular,
False,s41597-022-01432-0,0.0,0.0,no_observed_headers,cldf/phonemes-metadata.json,json,columns|role,1.0,supported,resolved,not_tabular_or_unsupported_for_header,False,exact_basename,0.95,lf_004,phoneme_inventory,github_github.com__lexibank_lexibank-analysed/lexibank-analysed-main/cldf/phonemes-metadata.json,4,0,0,.json,0.58,derived_data,0.0,not_supported,tabular,
False,s41597-022-01432-0,0.5,0.5,partially_supported,etc/lexibank.csv,csv,,0.65,tabular_family_mismatch,resolved,success,False,stem_match,0.85,lf_005,dataset_inventory,github_github.com__lexibank_lexibank-analysed/lexibank-analysed-main/etc/lexibank.tsv,4,2,12,.tsv,0.6246,metadata,0.0455,weakly_supported,tabular,columns|format|role
True,s41597-022-01432-0,,,no_documented_columns,README or documentation,text,format|identity|role,0.0,mismatch,ambiguous,not_tabular_or_unsupported_for_header,True,stem_contains,0.65,lf_006,core_subset_definitions,github_github.com__lexibank_lexibank-analysed/lexibank-analysed-main/README.md,0,0,0,.md,0.3714,metadata,0.0,not_supported,text,
False,s41597-022-01437-9,1.0,1.0,supported,PPI_country_m1.csv,csv,,1.0,supported,resolved,success,False,exact_basename,0.95,lf_001,Country-level PPI aggregates (Method 1),github_github.com__COVID-policy-response-lab_PPI-data/PPI-data-main/data/PPI_country_m1.csv,5,5,64,.csv,0.8864,derived_data,0.0638,weakly_supported,tabular,role
False,s41597-022-01437-9,1.0,1.0,supported,PPI_country_m2.csv,csv,,1.0,supported,resolved,success,False,exact_basename,0.95,lf_002,Country-level PPI aggregates (Method 2),github_github.com__COVID-policy-response-lab_PPI-data/PPI-data-main/data/PPI_country_m2.csv,5,5,64,.csv,0.8864,derived_data,0.0638,weakly_supported,tabular,role
True,s41597-022-01437-9,,,not_applicable_file_not_confirmed,PPI_regions_XX_m1.csv,csv,format|identity,0.0,mismatch,ambiguous,not_tabular_or_unsupported_for_header,True,token_overlap_low,0.45,lf_003,Subnational PPI by country (Method 1),github_github.com__COVID-policy-response-lab_PPI-data/PPI-data-main/data/PPI_regions_m1_dta.zip,5,0,0,.zip,0.2722,primary_data,0.1053,weakly_supported,tabular,role
True,s41597-022-01437-9,,,not_applicable_file_not_confirmed,PPI_regions_XX_m2.csv,csv,identity,1.0,supported,ambiguous,success,True,token_overlap_low,0.45,lf_004,Subnational PPI by country (Method 2),github_github.com__COVID-policy-response-lab_PPI-data/PPI-data-main/data/PPI_country_m2.csv,5,0,0,.csv,0.552,primary_data,0.0638,weakly_supported,tabular,role
False,s41597-022-01437-9,0.8,0.8,supported,changes_regions_m1.csv,csv,,1.0,supported,resolved,success,False,exact_basename,0.95,lf_005,Policy change log (Method 1),github_github.com__COVID-policy-response-lab_PPI-data/PPI-data-main/data/changes_regions_m1.csv,5,4,15,.csv,0.8259,annotation,0.0588,weakly_supported,tabular,role
False,s41597-022-01704-9,0.6,0.6,partially_supported,Raw_data.csv,csv,,1.0,supported,resolved,success,False,exact_basename,0.95,lf_001,raw_data,github_github.com__p-pottier_Amphibian_upper_thermal_limits/Amphibian_upper_thermal_limits-main/data/Raw_data.csv,5,3,84,.csv,0.7629,primary_data,0.029,weakly_supported,tabular,columns|role
False,s41597-022-01704-9,0.2,0.2,weakly_supported,Curated_data.csv,csv,,1.0,supported,resolved,success,False,exact_basename,0.95,lf_002,curated_data,github_github.com__p-pottier_Amphibian_upper_thermal_limits/Amphibian_upper_thermal_limits-main/data/Curated_data.csv,5,1,84,.csv,0.6429,derived_data,0.029,weakly_supported,tabular,columns|role
False,s41597-022-01704-9,0.2,0.2,weakly_supported,Metadata.csv,csv,,1.0,supported,resolved,success,False,exact_basename,0.95,lf_003,metadata,github_github.com__p-pottier_Amphibian_upper_thermal_limits/Amphibian_upper_thermal_limits-main/data/Metadata.csv,5,1,2,.csv,0.6477,metadata,0.0769,weakly_supported,tabular,columns|role
False,s41597-022-01704-9,,,no_documented_columns,amph_shl_new_Consensus_7238.tre,text,format|role,0.0,mismatch,resolved,not_tabular_or_unsupported_for_header,False,exact_basename,0.95,lf_004,phylogenetic_tree,github_github.com__p-pottier_Amphibian_upper_thermal_limits/Amphibian_upper_thermal_limits-main/data/amph_shl_new_Consensus_7238.tre,0,0,0,.tre,0.5429,annotation,0.0,not_supported,hierarchical,
False,s41597-022-01704-9,0.4,0.4,weakly_supported,amph_shl_new_Classification.csv,csv,,1.0,supported,resolved,success,False,exact_basename,0.95,lf_005,taxonomic_classification,github_github.com__p-pottier_Amphibian_upper_thermal_limits/Amphibian_upper_thermal_limits-main/data/amph_shl_new_Classification.csv,5,2,9,.csv,0.7039,annotation,0.0385,weakly_supported,tabular,columns|role
False,s41597-022-01704-9,,,no_documented_columns,Data_curation.Rmd,text,format,0.0,mismatch,resolved,not_tabular_or_unsupported_for_header,False,exact_basename,0.95,lf_006,data_curation_script,github_github.com__p-pottier_Amphibian_upper_thermal_limits/Amphibian_upper_thermal_limits-main/R/Data_curation.Rmd,0,0,0,.rmd,0.5633,derived_data,0.1429,weakly_supported,text,role
False,s41597-022-01704-9,,,no_documented_columns,Figures_data_descriptor,unknown,,0.25,expected_format_unknown,resolved,not_tabular_or_unsupported_for_header,False,stem_match,0.85,lf_007,figures_code,github_github.com__p-pottier_Amphibian_upper_thermal_limits/Amphibian_upper_thermal_limits-main/R/Figures_data_descriptor.Rmd,0,0,0,.rmd,0.5762,derived_data,0.1333,weakly_supported,unknown,format|role
False,s41597-022-01704-9,,,no_documented_columns,All_references.ris,text,format,0.0,mismatch,resolved,not_tabular_or_unsupported_for_header,False,exact_basename,0.95,lf_008,bibliographic_references,github_github.com__p-pottier_Amphibian_upper_thermal_limits/Amphibian_upper_thermal_limits-main/references/All_references.ris,0,0,0,.ris,0.5531,metadata,0.0714,weakly_supported,hierarchical,role
False,s41597-022-01788-3,1.0,1.0,supported,SARS-Cov2_RNA_monitoring_ww_scotland.csv,csv,,1.0,supported,resolved,success,False,exact_basename,0.95,lf_001,main_raw_data,github_github.com__BioRDM_COVID-Wastewater-Scotland/COVID-Wastewater-Scotland-main/data/SARS-Cov2_RNA_monitoring_ww_scotland.csv,5,5,18,.csv,0.8841,primary_data,0.0408,weakly_supported,tabular,role
False,s41597-022-01788-3,1.0,1.0,supported,SARS-Cov2_RNA_monitoring_ww_scotland_full.csv,csv,,1.0,supported,resolved,success,False,exact_basename,0.95,lf_002,enriched_site_data,github_github.com__BioRDM_COVID-Wastewater-Scotland/COVID-Wastewater-Scotland-main/data/SARS-Cov2_RNA_monitoring_ww_scotland_full.csv,5,5,22,.csv,0.8836,derived_data,0.0364,weakly_supported,tabular,role
False,s41597-022-01788-3,1.0,1.0,supported,prevalence_timeseries.csv,csv,,1.0,supported,resolved,success,False,exact_basename,0.95,lf_003,wide_format_time_series,github_github.com__BioRDM_COVID-Wastewater-Scotland/COVID-Wastewater-Scotland-main/data/prevalence_timeseries.csv,3,3,438,.csv,0.8819,derived_data,0.0189,weakly_supported,tabular,role
False,s41597-022-01788-3,1.0,1.0,supported,norm_prevalence_timeseries.csv,csv,,1.0,supported,resolved,success,False,exact_basename,0.95,lf_004,normalized_wide_time_series,github_github.com__BioRDM_COVID-Wastewater-Scotland/COVID-Wastewater-Scotland-main/data/norm_prevalence_timeseries.csv,3,3,438,.csv,0.8819,derived_data,0.0185,weakly_supported,tabular,role
False,s41597-022-01788-3,1.0,1.0,supported,weekly_prevalence_timeseries.csv,csv,,1.0,supported,resolved,success,False,exact_basename,0.95,lf_005,weekly_averaged_data,github_github.com__BioRDM_COVID-Wastewater-Scotland/COVID-Wastewater-Scotland-main/data/weekly_prevalence_timeseries.csv,3,3,96,.csv,0.8829,derived_data,0.029,weakly_supported,tabular,role
False,s41597-022-01788-3,1.0,1.0,supported,weekly_norm_prevalence_timeseries.csv,csv,,1.0,supported,resolved,success,False,exact_basename,0.95,lf_006,weekly_normalized_averaged_data,github_github.com__BioRDM_COVID-Wastewater-Scotland/COVID-Wastewater-Scotland-main/data/weekly_norm_prevalence_timeseries.csv,3,3,96,.csv,0.8828,derived_data,0.0282,weakly_supported,tabular,role
True,s41597-022-01788-3,,,not_applicable_file_not_confirmed,smapling_sites.csv,csv,identity|role,1.0,supported,missing,success,True,format_only,0.2,lf_007,site_metadata,github_github.com__BioRDM_COVID-Wastewater-Scotland/COVID-Wastewater-Scotland-main/data/classification_thresholds.csv,4,0,0,.csv,0.4,metadata,0.0,not_supported,tabular,
True,s41597-022-01788-3,,,not_applicable_file_not_confirmed,categories_thresholds.csv,csv,identity,1.0,supported,weak_match,success,True,token_overlap_high,0.6,lf_008,classification_thresholds,github_github.com__BioRDM_COVID-Wastewater-Scotland/COVID-Wastewater-Scotland-main/data/classification_thresholds.csv,3,0,0,.csv,0.6436,metadata,0.1053,weakly_supported,tabular,role
True,s41597-023-02676-0,,,no_documented_columns,WNV_News_yyyy_#.pdf,pdf,format|identity|role,0.0,no_physical_candidate,missing,,True,no_candidate,0.0,lf_001,bulletins,,0,0,0,,0.0,primary_data,0.0,no_physical_candidate,text,
True,s41597-023-02676-0,,,not_applicable_file_not_confirmed,wn-ita-national-trend-yyyy.csv,csv,identity,1.0,supported,ambiguous,success,True,token_overlap_high,0.6,lf_002,national_trend,github_github.com__fbranda_west-nile/west-nile-main/2020/national-trend/wn-ita-national-trend-2020.csv,5,0,0,.csv,0.649,derived_data,0.1429,weakly_supported,tabular,role
True,s41597-023-02676-0,,,not_applicable_file_not_confirmed,wn-ita-regions-human-surveillance-yyyy.csv,csv,identity,1.0,supported,ambiguous,success,True,token_overlap_high,0.6,lf_003,human_surveillance_regions,github_github.com__fbranda_west-nile/west-nile-main/2020/human-surveillance/wn-ita-regions-human-surveillance-2020.csv,5,0,0,.csv,0.649,primary_data,0.1429,weakly_supported,tabular,role
True,s41597-023-02676-0,,,not_applicable_file_not_confirmed,wn-ita-provinces-human-surveillance-yyyy.csv,csv,identity,1.0,supported,ambiguous,success,True,token_overlap_high,0.6,lf_004,human_surveillance_provinces,github_github.com__fbranda_west-nile/west-nile-main/2020/human-surveillance/wn-ita-regions-human-surveillance-2020.csv,5,0,0,.csv,0.6433,primary_data,0.1034,weakly_supported,tabular,role
True,s41597-023-02676-0,,,not_applicable_file_not_confirmed,wn-ita-mosquito-surveillance-yyyy.csv,csv,identity,1.0,supported,ambiguous,success,True,token_overlap_high,0.6,lf_005,mosquito_surveillance,github_github.com__fbranda_west-nile/west-nile-main/2020/mosquito-surveillance/wn-ita-mosquito-surveillance-2020.csv,5,0,0,.csv,0.6444,primary_data,0.1111,weakly_supported,tabular,role
True,s41597-023-02676-0,,,not_applicable_file_not_confirmed,wn-ita-equids-surveillance-yyyy.csv,csv,identity,1.0,supported,ambiguous,success,True,token_overlap_high,0.6,lf_006,equids_surveillance,github_github.com__fbranda_west-nile/west-nile-main/2020/equids-surveillance/wn-ita-equids-surveillance-2020.csv,5,0,0,.csv,0.6429,primary_data,0.1,weakly_supported,tabular,role
True,s41597-023-02676-0,,,not_applicable_file_not_confirmed,wn-ita-*-birds-surveillance-yyyy.csv,csv,identity,1.0,supported,ambiguous,success,True,token_overlap_high,0.6,lf_007,birds_surveillance,github_github.com__fbranda_west-nile/west-nile-main/2020/birds-surveillance/wn-ita-wild-birds-surveillance-2020.csv,5,0,0,.csv,0.6433,primary_data,0.1034,weakly_supported,tabular,role
False,s41597-023-02676-0,1.0,1.0,supported,latest-wnv.csv,csv,,1.0,supported,resolved,success,False,exact_basename,0.95,lf_008,latest_combined_dataset,github_github.com__fbranda_west-nile/west-nile-main/latest-wnv.csv,5,5,12,.csv,0.8874,derived_data,0.0741,weakly_supported,tabular,role
False,s41597-024-03368-z,0.8,0.8,supported,APD_traits_input.csv,csv,,1.0,supported,resolved,success,False,exact_basename,0.95,lf_001,APD_traits_input,github_github.com__traitecoevo_APD/APD-master/data/APD_traits_input.csv,5,4,46,.csv,0.8264,metadata,0.0638,weakly_supported,tabular,role
False,s41597-024-03368-z,0.6,0.6,partially_supported,APD_categorical_values_input.csv,csv,,1.0,supported,resolved,success,False,exact_basename,0.95,lf_002,APD_categorical_values_input,github_github.com__traitecoevo_APD/APD-master/data/APD_categorical_values_input.csv,5,3,4,.csv,0.7835,annotation,0.2353,weakly_supported,tabular,columns|role
False,s41597-024-03368-z,0.4,0.4,weakly_supported,APD_trait_hierarchy.csv,csv,,1.0,supported,resolved,success,False,exact_basename,0.95,lf_003,APD_trait_hierarchy,github_github.com__traitecoevo_APD/APD-master/data/APD_trait_hierarchy.csv,5,2,10,.csv,0.7177,metadata,0.1765,weakly_supported,tabular,columns|role
False,s41597-024-03368-z,0.2,0.2,weakly_supported,APD_glossary.csv,csv,,1.0,supported,resolved,success,False,exact_basename,0.95,lf_004,APD_glossary,github_github.com__traitecoevo_APD/APD-master/data/APD_glossary.csv,5,1,3,.csv,0.6554,metadata,0.1538,weakly_supported,tabular,columns|role
False,s41597-024-03368-z,0.2,0.2,weakly_supported,APD_references.csv,csv,,1.0,supported,resolved,success,False,exact_basename,0.95,lf_005,APD_references,github_github.com__traitecoevo_APD/APD-master/data/APD_references.csv,5,1,5,.csv,0.6533,metadata,0.1333,weakly_supported,tabular,columns|role
False,s41597-024-03368-z,0.2,0.2,weakly_supported,APD_reviewers.csv,csv,,1.0,supported,resolved,success,False,exact_basename,0.95,lf_006,APD_reviewers,github_github.com__traitecoevo_APD/APD-master/data/APD_reviewers.csv,5,1,3,.csv,0.6554,metadata,0.1538,weakly_supported,tabular,columns|role
False,s41597-024-03368-z,0.6,0.6,partially_supported,APD_units.csv,csv,,1.0,supported,resolved,success,False,exact_basename,0.95,lf_007,APD_units,github_github.com__traitecoevo_APD/APD-master/data/APD_units.csv,5,3,17,.csv,0.7677,metadata,0.0769,weakly_supported,tabular,columns|role
True,s41597-024-03368-z,,,no_documented_columns,"APD.ttl, APD.nt, APD.nq, APD.json",unknown,identity,0.25,expected_format_unknown,ambiguous,not_tabular_or_unsupported_for_header,True,stem_contains,0.65,lf_008,APD_rdf_serializations,github_github.com__traitecoevo_APD/APD-master/APD.json,0,0,0,.json,0.4558,derived_data,0.0909,weakly_supported,hierarchical,format|role
True,s41597-024-03414-w,,,not_applicable_file_not_confirmed,AssayMethod.csv,csv,identity,1.0,supported,ambiguous,success,True,exact_basename,0.95,lf_001,AssayMethod,github_github.com__OntarioWastewaterSurveillanceConsortium_sars-cov-2-data/sars-cov-2-data-main/CSV/TorontoMetropolitanUniversity/AssayMethod.csv,5,0,0,.csv,0.8337,metadata,0.0357,weakly_supported,tabular,role
True,s41597-024-03414-w,,,not_applicable_file_not_confirmed,Instrument.csv,csv,identity,1.0,supported,ambiguous,success,True,exact_basename,0.95,lf_002,Instrument,github_github.com__OntarioWastewaterSurveillanceConsortium_sars-cov-2-data/sars-cov-2-data-main/CSV/TorontoMetropolitanUniversity/Instrument.csv,5,0,0,.csv,0.8361,metadata,0.0526,weakly_supported,tabular,role
True,s41597-024-03414-w,,,not_applicable_file_not_confirmed,Lab.csv,csv,identity,1.0,supported,ambiguous,success,True,exact_basename,0.95,lf_003,Lab,github_github.com__OntarioWastewaterSurveillanceConsortium_sars-cov-2-data/sars-cov-2-data-main/CSV/TorontoMetropolitanUniversity/Lab.csv,5,0,0,.csv,0.8361,metadata,0.0526,weakly_supported,tabular,role
True,s41597-024-03414-w,,,not_applicable_file_not_confirmed,Sample.csv,csv,identity,1.0,supported,ambiguous,success,True,exact_basename,0.95,lf_004,Sample,github_github.com__OntarioWastewaterSurveillanceConsortium_sars-cov-2-data/sars-cov-2-data-main/CSV/TorontoMetropolitanUniversity/Sample.csv,5,0,0,.csv,0.8348,metadata,0.0435,weakly_supported,tabular,role
True,s41597-024-03414-w,,,not_applicable_file_not_confirmed,Site.csv,csv,identity,1.0,supported,ambiguous,success,True,exact_basename,0.95,lf_005,Site,github_github.com__OntarioWastewaterSurveillanceConsortium_sars-cov-2-data/sars-cov-2-data-main/CSV/TorontoMetropolitanUniversity/Site.csv,5,0,0,.csv,0.8351,metadata,0.0455,weakly_supported,tabular,role
True,s41597-024-03414-w,,,not_applicable_file_not_confirmed,SiteMeasure.csv,csv,identity,1.0,supported,ambiguous,success,True,exact_basename,0.95,lf_006,SiteMeasure,github_github.com__OntarioWastewaterSurveillanceConsortium_sars-cov-2-data/sars-cov-2-data-main/CSV/TorontoMetropolitanUniversity/SiteMeasure.csv,5,0,0,.csv,0.8396,primary_data,0.0769,weakly_supported,tabular,role
True,s41597-024-03414-w,,,not_applicable_file_not_confirmed,WWMeasure.csv,csv,identity,1.0,supported,ambiguous,success,True,exact_basename,0.95,lf_007,WWMeasure,github_github.com__OntarioWastewaterSurveillanceConsortium_sars-cov-2-data/sars-cov-2-data-main/CSV/TorontoMetropolitanUniversity/WWMeasure.csv,5,0,0,.csv,0.8378,primary_data,0.0645,weakly_supported,tabular,role
True,s41597-024-03414-w,,,not_applicable_file_not_confirmed,Reporter.csv,csv,identity,1.0,supported,ambiguous,success,True,exact_basename,0.95,lf_008,Reporter,github_github.com__OntarioWastewaterSurveillanceConsortium_sars-cov-2-data/sars-cov-2-data-main/CSV/TorontoMetropolitanUniversity/Reporter.csv,4,0,0,.csv,0.8365,metadata,0.0556,weakly_supported,tabular,role
False,s41597-024-04232-w,1.0,1.0,supported,dataset_final.csv,csv,,1.0,supported,resolved,success,False,exact_basename,0.95,lf_001,final_dataset,github_github.com__j-adamczyk_ApisTox_dataset/ApisTox_dataset-master/outputs/dataset_final.csv,5,5,13,.csv,0.8871,primary_data,0.0714,weakly_supported,tabular,role
False,s41597-024-04232-w,0.2,0.2,weakly_supported,ecotox.csv,tsv,,0.65,tabular_family_mismatch,resolved,success,False,exact_basename,0.95,lf_002,ecotox_raw,github_github.com__j-adamczyk_ApisTox_dataset/ApisTox_dataset-master/raw_data/ecotox.csv,5,1,74,.csv,0.5771,primary_data,0.0714,weakly_supported,tabular,columns|format|role
False,s41597-024-04232-w,1.0,1.0,supported,ppdb.csv,csv,,1.0,supported,resolved,success,False,exact_basename,0.95,lf_003,ppdb_raw,github_github.com__j-adamczyk_ApisTox_dataset/ApisTox_dataset-master/raw_data/ppdb.csv,5,5,12,.csv,0.8915,primary_data,0.1154,weakly_supported,tabular,role
False,s41597-024-04232-w,1.0,1.0,supported,bpdb.csv,csv,,1.0,supported,resolved,success,False,exact_basename,0.95,lf_004,bpdb_raw,github_github.com__j-adamczyk_ApisTox_dataset/ApisTox_dataset-master/raw_data/bpdb.csv,5,5,12,.csv,0.8911,primary_data,0.1111,weakly_supported,tabular,role
False,s41597-024-04232-w,0.6,0.6,partially_supported,ecotox_cleaned_data.csv,csv,,1.0,supported,resolved,success,False,exact_basename,0.95,lf_005,ecotox_cleaned,github_github.com__j-adamczyk_ApisTox_dataset/ApisTox_dataset-master/outputs/ecotox_cleaned_data.csv,5,3,12,.csv,0.7707,derived_data,0.1071,weakly_supported,tabular,columns|role
False,s41597-024-04232-w,0.2,0.2,weakly_supported,excluded_data.csv,csv,,1.0,supported,resolved,success,False,exact_basename,0.95,lf_006,excluded_data,github_github.com__j-adamczyk_ApisTox_dataset/ApisTox_dataset-master/outputs/excluded_data.csv,5,1,6,.csv,0.6491,metadata,0.0909,weakly_supported,tabular,columns|role
True,s41597-024-04232-w,,,not_applicable_file_not_confirmed,"random_train.csv, random_test.csv, time_train.csv, time_test.csv, maxmin_train.csv, maxmin_test.csv",csv,identity,1.0,supported,ambiguous,success,True,stem_contains,0.65,lf_007,train_test_splits,github_github.com__j-adamczyk_ApisTox_dataset/ApisTox_dataset-master/outputs/splits/maxmin_train.csv,5,0,0,.csv,0.6664,derived_data,0.0645,weakly_supported,tabular,role
False,s41597-024-04232-w,0.0,0.0,not_supported,dataset_final.csv,csv,columns|role,1.0,supported,resolved,success,False,exact_basename,0.95,lf_008,molecular_properties,github_github.com__j-adamczyk_ApisTox_dataset/ApisTox_dataset-master/outputs/dataset_final.csv,5,0,13,.csv,0.58,derived_data,0.0,not_supported,tabular,
True,s41597-025-05156-9,,,not_applicable_file_not_confirmed,LWOW_*.csv,csv,format|identity|role,0.0,mismatch,weak_match,not_tabular_or_unsupported_for_header,True,stem_contains,0.65,lf_001,LLM Free Association Responses,github_github.com__LLMWorldOfWords_LWOW/LWOW-main/readme_images/LWOW Logo.jpg,5,0,0,.jpg,0.3714,primary_data,0.0,not_supported,tabular,
True,s41597-025-05156-9,,,not_applicable_file_not_confirmed,*_edges.csv,csv,identity,1.0,supported,missing,success,True,format_only,0.2,lf_002,Semantic Network Edge Lists,github_github.com__LLMWorldOfWords_LWOW/LWOW-main/reproducibility/data/mapping_tables/country.csv,4,0,0,.csv,0.4075,derived_data,0.0526,weakly_supported,tabular,role
True,s41597-025-05156-9,,,not_applicable_file_not_confirmed,SWOW-EN.R100.csv,csv,identity,1.0,supported,missing,success,True,format_only,0.2,lf_003,Human Free Association Norms (SWOW),github_github.com__LLMWorldOfWords_LWOW/LWOW-main/reproducibility/data/mapping_tables/country.csv,3,0,0,.csv,0.4071,primary_data,0.05,weakly_supported,tabular,role
True,s41597-025-05156-9,,,not_applicable_file_not_confirmed,Human_processed.csv,csv,identity,1.0,supported,missing,success,True,format_only,0.2,lf_004,Processed Human Dataset,github_github.com__LLMWorldOfWords_LWOW/LWOW-main/reproducibility/data/mapping_tables/country.csv,4,0,0,.csv,0.4079,derived_data,0.0556,weakly_supported,tabular,role
True,s41597-025-05156-9,,,not_applicable_file_not_confirmed,primingLDT_data.csv,csv,identity,1.0,supported,missing,success,True,format_only,0.2,lf_005,Semantic Priming Validation Data,github_github.com__LLMWorldOfWords_LWOW/LWOW-main/reproducibility/data/mapping_tables/country.csv,5,0,0,.csv,0.4079,metadata,0.0556,weakly_supported,tabular,role
False,s41597-025-05156-9,,,no_documented_columns,FA_build_Networks.py,text,format|role,0.0,mismatch,resolved,not_tabular_or_unsupported_for_header,False,exact_basename,0.95,lf_006,Network Construction Scripts,github_github.com__LLMWorldOfWords_LWOW/LWOW-main/reproducibility/FA_build_Networks.py,0,0,0,.py,0.5429,metadata,0.0,not_supported,text,
False,s41597-025-05156-9,,,no_documented_columns,FA_data_Cleaning.py,text,format,0.0,mismatch,resolved,not_tabular_or_unsupported_for_header,False,exact_basename,0.95,lf_007,Data Cleaning Scripts,github_github.com__LLMWorldOfWords_LWOW/LWOW-main/reproducibility/FA_data_Cleaning.py,0,0,0,.py,0.5648,metadata,0.1538,weakly_supported,text,role
False,s41597-025-05156-9,,,no_documented_columns,FA_spreadr.r,text,format|role,0.0,mismatch,resolved,not_tabular_or_unsupported_for_header,False,exact_basename,0.95,lf_008,Spreading Activation Analysis,github_github.com__LLMWorldOfWords_LWOW/LWOW-main/reproducibility/FA_spreadr.r,0,0,0,.r,0.5429,derived_data,0.0,not_supported,text,
True,s41597-020-00702-z,,,not_applicable_file_not_confirmed,lcvp_data.*,text,format|identity,0.0,mismatch,ambiguous,not_tabular_or_unsupported_for_header,True,stem_contains,0.65,lf_001,LCVP plant names dataset,github_github.com__idiv-biodiversity_lcvplants/lcvplants-master/docs/reference/LCVP.html,5,0,0,.html,0.3804,primary_data,0.0625,weakly_supported,tabular,role
True,s41597-020-00702-z,,,not_applicable_file_not_confirmed,literature_references.*,text,format|identity|role,0.0,mismatch,weak_match,not_tabular_or_unsupported_for_header,True,stem_contains,0.65,lf_002,Literature bibliography,github_github.com__idiv-biodiversity_lcvplants/lcvplants-master/.github/workflows/r.yml,5,0,0,.yml,0.3714,metadata,0.0,not_supported,hierarchical,
True,s41597-020-00702-z,,,not_applicable_file_not_confirmed,taxa_literature_mapping.*,tsv,format|identity|role,0.0,mismatch,weak_match,not_tabular_or_unsupported_for_header,True,stem_contains,0.65,lf_003,Taxa-literature linkage table,github_github.com__idiv-biodiversity_lcvplants/lcvplants-master/.github/workflows/r.yml,5,0,0,.yml,0.3714,annotation,0.0,not_supported,tabular,
True,s41597-020-00702-z,,,no_documented_columns,LCVP_*.tar.gz,binary,format|identity,0.0,mismatch,ambiguous,not_tabular_or_unsupported_for_header,True,stem_contains,0.65,lf_004,R package - LCVP data,github_github.com__idiv-biodiversity_lcvplants/lcvplants-master/docs/reference/LCVP.html,0,0,0,.html,0.3816,primary_data,0.0714,weakly_supported,hierarchical,role
True,s41597-020-00702-z,,,no_documented_columns,lcvplants_*.tar.gz,binary,format|identity,0.0,mismatch,ambiguous,not_tabular_or_unsupported_for_header,True,stem_contains,0.65,lf_005,R package - lcvplants tool,github_github.com__idiv-biodiversity_lcvplants/lcvplants-master/lcvplants.Rproj,0,0,0,.rproj,0.3833,derived_data,0.0833,weakly_supported,hierarchical,role
True,s41597-020-00702-z,,,not_applicable_file_not_confirmed,metadata.*,text,format|identity,0.0,mismatch,ambiguous,not_tabular_or_unsupported_for_header,True,token_overlap_low,0.45,lf_006,Metadata description file,github_github.com__idiv-biodiversity_lcvplants/lcvplants-master/DESCRIPTION,5,0,0,,0.2714,metadata,0.1,weakly_supported,text,role
True,s41597-021-00929-4,,,not_applicable_file_not_confirmed,meta_inventory.*,csv,identity|role,1.0,supported,missing,success,True,format_only,0.2,lf_001,Meta-Inventory,github_github.com__lisavirginia_clinical-abbreviations/clinical-abbreviations-master/sources/5-wikipedia/wikipedia_abbreviation_database.csv,5,0,0,.csv,0.4,primary_data,0.0,not_supported,tabular,
True,s41597-021-00929-4,,,not_applicable_file_not_confirmed,meta_inventory_auxiliary.*,csv,identity|role,1.0,supported,missing,success,True,format_only,0.2,lf_002,Meta-Inventory with Auxiliary Fields,github_github.com__lisavirginia_clinical-abbreviations/clinical-abbreviations-master/sources/5-wikipedia/wikipedia_abbreviation_database.csv,5,0,0,.csv,0.4,derived_data,0.0,not_supported,tabular,
True,s41597-021-00929-4,,,not_applicable_file_not_confirmed,source_*.csv,csv,identity|role,1.0,supported,missing,success,True,format_only,0.2,lf_003,Source Inventories,github_github.com__lisavirginia_clinical-abbreviations/clinical-abbreviations-master/sources/5-wikipedia/wikipedia_abbreviation_database.csv,5,0,0,.csv,0.4,metadata,0.0,not_supported,tabular,
True,s41597-021-00929-4,,,not_applicable_file_not_confirmed,modified_retired_records.*,csv,identity|role,1.0,supported,missing,success,True,format_only,0.2,lf_004,Modified and Retired Records,github_github.com__lisavirginia_clinical-abbreviations/clinical-abbreviations-master/sources/5-wikipedia/wikipedia_abbreviation_database.csv,5,0,0,.csv,0.4,annotation,0.0,not_supported,tabular,
True,s41597-021-00929-4,,,not_applicable_file_not_confirmed,training_pairs_*.csv,csv,format|identity|role,0.0,mismatch,weak_match,not_tabular_or_unsupported_for_header,True,stem_contains,0.65,lf_005,Training Data for Cross-Mapping,github_github.com__lisavirginia_clinical-abbreviations/clinical-abbreviations-master/code/Step4_RemoveRedundancy/bert/train.py,5,0,0,.py,0.3714,derived_data,0.0,not_supported,tabular,
True,s41597-021-00929-4,,,no_documented_columns,"*.py, *.sh, *.ipynb",text,identity|role,1.0,supported,missing,not_tabular_or_unsupported_for_header,True,format_only,0.2,lf_006,Code and Scripts,github_github.com__lisavirginia_clinical-abbreviations/clinical-abbreviations-master/LICENSE.txt,0,0,0,.txt,0.4,metadata,0.0,not_supported,text,
True,s41597-021-00929-4,,,no_documented_columns,"README.md, data_dictionary.*",text,format|identity|role,0.0,mismatch,ambiguous,not_tabular_or_unsupported_for_header,True,stem_contains,0.65,lf_007,Data Dictionary,github_github.com__lisavirginia_clinical-abbreviations/clinical-abbreviations-master/README.md,0,0,0,.md,0.3714,metadata,0.0,not_supported,text,
True,s41597-021-00929-4,,,no_documented_columns,zenodo_archive.zip,binary,format|identity|role,0.0,no_physical_candidate,missing,,True,no_candidate,0.0,lf_008,Zenodo Archive,,0,0,0,,0.0,primary_data,0.0,no_physical_candidate,unknown,
False,s41597-022-01543-8,1.0,1.0,supported,sars_ani_data.csv,csv,,1.0,supported,resolved,success,False,exact_basename,0.95,lf_001,primary_data,github_github.com__amel-github_sars-ani/sars-ani-main/sars_ani_data.csv,5,5,50,.csv,0.883,primary_data,0.0303,weakly_supported,tabular,role
True,s41597-022-01543-8,,,no_documented_columns,sars_ani_PDF_archives/*.pdf,binary,format|identity|role,0.0,no_physical_candidate,missing,,True,no_candidate,0.0,lf_002,source_reports_archive,,0,0,0,,0.0,metadata,0.0,no_physical_candidate,text,
False,s41597-022-01543-8,,,no_documented_columns,sars_ani_validation.R,text,format,0.0,mismatch,resolved,not_tabular_or_unsupported_for_header,False,exact_basename,0.95,lf_003,data_validation_script,github_github.com__amel-github_sars-ani/sars-ani-main/sars_ani_validation.R,0,0,0,.r,0.5558,derived_data,0.0909,weakly_supported,text,role
False,s41597-022-01543-8,,,no_documented_columns,sars_ani_visualization.Rmd,text,format,0.0,mismatch,resolved,not_tabular_or_unsupported_for_header,False,exact_basename,0.95,lf_004,data_visualization_script,github_github.com__amel-github_sars-ani/sars-ani-main/sars_ani_visualization.Rmd,0,0,0,.rmd,0.5548,derived_data,0.0833,weakly_supported,text,role
False,s41597-022-01543-8,0.5,0.5,partially_supported,sars_ani_excluded_rep.xlsx,xlsx,,1.0,supported,resolved,success,False,exact_basename,0.95,lf_005,excluded_reports_log,github_github.com__amel-github_sars-ani/sars-ani-main/sars_ani_excluded_rep.xlsx,2,1,6,.xlsx,0.7337,metadata,0.037,weakly_supported,tabular,columns|role
False,s41597-022-01543-8,,,no_documented_columns,sars_ani_examples.pdf,binary,format,0.0,mismatch,resolved,not_tabular_or_unsupported_for_header,False,exact_basename,0.95,lf_006,data_examples_document,github_github.com__amel-github_sars-ani/sars-ani-main/sars_ani_examples.pdf,0,0,0,.pdf,0.5548,metadata,0.0833,weakly_supported,text,role
False,s41597-022-01543-8,,,no_documented_columns,README.md,text,format,0.0,mismatch,resolved,not_tabular_or_unsupported_for_header,False,exact_basename,0.95,lf_007,project_readme,github_github.com__amel-github_sars-ani/sars-ani-main/README.md,0,0,0,.md,0.5558,metadata,0.0909,weakly_supported,text,role
False,s41597-022-01543-8,,,no_documented_columns,Contributing.md,text,format|role,0.0,mismatch,resolved,not_tabular_or_unsupported_for_header,False,exact_basename,0.95,lf_008,contribution_guidelines,github_github.com__amel-github_sars-ani/sars-ani-main/Contributing.md,0,0,0,.md,0.5429,metadata,0.0,not_supported,text,
True,s41597-023-01938-1,,,no_documented_columns,atlas_[a1-a3|b1-b4].nii.gz,binary,format|identity,0.0,mismatch,ambiguous,not_tabular_or_unsupported_for_header,True,token_overlap_low,0.45,lf_001,volumetric_atlas_nifti_files,github_github.com__EmoryPcvdLab_EagleVAC/EagleVAC-main/EAGLE449/atlas_b4_hypothalamus.nii.gz,0,0,0,.gz,0.2655,primary_data,0.0588,weakly_supported,image,role
True,s41597-023-01938-1,,,not_applicable_file_not_confirmed,atlas_*.txt,text,identity|role,1.0,supported,ambiguous,not_tabular_or_unsupported_for_header,True,glob_pattern,0.9,lf_002,lookup_tables_luts,github_github.com__EmoryPcvdLab_EagleVAC/EagleVAC-main/EAGLE449/atlas_b3_diencephalon.txt,4,0,0,.txt,0.8,metadata,0.0,not_supported,tabular,
True,s41597-023-01938-1,,,not_applicable_file_not_confirmed,Eagle449_ROI_Metadata.xlsx,xlsx,identity,1.0,supported,missing,success,True,format_only,0.2,lf_003,roi_metadata_spreadsheet,github_github.com__EmoryPcvdLab_EagleVAC/EagleVAC-main/EAGLE449/00 Vestibular atlas labels.xlsx,5,0,0,.xlsx,0.4071,metadata,0.05,weakly_supported,tabular,role
False,s41597-023-01938-1,0.0,0.0,no_observed_headers,CONN_suggested_ROI_order.txt,text,columns,1.0,supported,resolved,not_tabular_or_unsupported_for_header,False,stem_match,0.85,lf_004,conn_suggested_roi_order,github_github.com__EmoryPcvdLab_EagleVAC/EagleVAC-main/EAGLE449/CONN suggested ROI order.txt,3,0,0,.txt,0.5708,annotation,0.3077,supported,tabular,
False,s41597-023-01938-1,0.0,0.0,no_observed_headers,CONN_suggested_labels.txt,text,columns,1.0,supported,resolved,not_tabular_or_unsupported_for_header,False,stem_match,0.85,lf_005,conn_suggested_labels,github_github.com__EmoryPcvdLab_EagleVAC/EagleVAC-main/EAGLE449/CONN suggested labels.txt,2,0,0,.txt,0.565,annotation,0.25,supported,tabular,
True,s41597-023-01938-1,,,not_applicable_file_not_confirmed,Vestibular_ROIs.xlsx,xlsx,identity,1.0,supported,missing,success,True,format_only,0.2,lf_006,vestibular_roi_subset_list,github_github.com__EmoryPcvdLab_EagleVAC/EagleVAC-main/EAGLE449/00 Vestibular atlas labels.xlsx,3,0,0,.xlsx,0.4136,annotation,0.0952,weakly_supported,tabular,role
False,s41597-023-01938-1,,,no_documented_columns,merge_code.bash,text,format,0.0,mismatch,resolved,not_tabular_or_unsupported_for_header,False,exact_basename,0.95,lf_007,preprocessing_code,github_github.com__EmoryPcvdLab_EagleVAC/EagleVAC-main/EAGLE449/merge_code.bash,0,0,0,.bash,0.5538,derived_data,0.0769,weakly_supported,text,role
True,s41597-023-01938-1,,,not_applicable_file_not_confirmed,Supplementary_Table_*.xlsx,xlsx,identity|role,1.0,supported,missing,success,True,format_only,0.2,lf_008,supplementary_tables,github_github.com__EmoryPcvdLab_EagleVAC/EagleVAC-main/EAGLE449/00 Vestibular atlas labels.xlsx,5,0,0,.xlsx,0.4,derived_data,0.0,not_supported,tabular,
True,s41597-023-02160-9,,,not_applicable_file_not_confirmed,netcdf4-cf_*.nc,netcdf,format|identity|role,0.0,no_physical_candidate,missing,,True,no_candidate,0.0,lf_001,high_level_processed_data,,5,0,0,,0.0,primary_data,0.0,no_physical_candidate,hierarchical,
True,s41597-023-02160-9,,,no_documented_columns,raw_sbd_*.hex,binary,format|identity|role,0.0,no_physical_candidate,missing,,True,no_candidate,0.0,lf_002,raw_iridium_transmissions,,0,0,0,,0.0,primary_data,0.0,no_physical_candidate,binary,
True,s41597-023-02160-9,,,not_applicable_file_not_confirmed,Table 2,text,identity|role,1.0,supported,missing,not_tabular_or_unsupported_for_header,True,format_only,0.2,lf_003,deployment_metadata_table,github_github.com__jerabaul29_data_release_sea_ice_drift_waves_in_ice_marginal_ice_zone_2022/data_release_sea_ice_drift_waves_in_ice_marginal_ice_zone_2022-master/LICENSE.txt,5,0,0,.txt,0.4,metadata,0.0,not_supported,tabular,
True,s41597-023-02160-9,,,not_applicable_file_not_confirmed,v2018_*.nc,netcdf,format|identity,0.0,mismatch,ambiguous,not_tabular_or_unsupported_for_header,True,stem_contains,0.65,lf_004,instrument_v2018_data,github_github.com__jerabaul29_data_release_sea_ice_drift_waves_in_ice_marginal_ice_zone_2022/data_release_sea_ice_drift_waves_in_ice_marginal_ice_zone_2022-master/Data/2021_February_Barents/Instruments_V_2018/generate_figures/all_trajectories_AeN2021_instrumentsv2018.pdf,5,0,0,.pdf,0.3762,primary_data,0.0333,weakly_supported,hierarchical,role
True,s41597-023-02160-9,,,not_applicable_file_not_confirmed,v2021_*.nc,netcdf,format|identity,0.0,mismatch,ambiguous,not_tabular_or_unsupported_for_header,True,stem_contains,0.65,lf_005,instrument_v2021_data,github_github.com__jerabaul29_data_release_sea_ice_drift_waves_in_ice_marginal_ice_zone_2022/data_release_sea_ice_drift_waves_in_ice_marginal_ice_zone_2022-master/Data/2022_March_East_Greenland/Instruments_V_2021a/generate_dict_data/all_trajectories_sealcruise_instrumentsv2021.png,5,0,0,.png,0.3762,primary_data,0.0333,weakly_supported,hierarchical,role
True,s41597-023-02160-9,,,not_applicable_file_not_confirmed,sofar_spotter_*.json,json,format|identity,0.0,mismatch,ambiguous,not_tabular_or_unsupported_for_header,True,token_overlap_low,0.45,lf_006,Sofar_Spotter_data,github_github.com__jerabaul29_data_release_sea_ice_drift_waves_in_ice_marginal_ice_zone_2022/data_release_sea_ice_drift_waves_in_ice_marginal_ice_zone_2022-master/Data/2020_January_Antarctic_Davis/Spotter/generate_nc_dataset/data_Spotter_Antarctic_Davis_2020_01.nc,5,0,0,.nc,0.2681,primary_data,0.0769,weakly_supported,hierarchical,role
True,s41597-023-02160-9,,,not_applicable_file_not_confirmed,IWR_*.nc,netcdf,format|identity,0.0,mismatch,ambiguous,not_tabular_or_unsupported_for_header,True,token_overlap_low,0.45,lf_007,IWR_data,github_github.com__jerabaul29_data_release_sea_ice_drift_waves_in_ice_marginal_ice_zone_2022/data_release_sea_ice_drift_waves_in_ice_marginal_ice_zone_2022-master/Data/2020_January_Antarctic_Davis/Spotter/generate_dict_data/generate_dict_data.py,5,0,0,.py,0.2629,primary_data,0.04,weakly_supported,hierarchical,role
True,s41597-023-02160-9,,,not_applicable_file_not_confirmed,commercial_drifter_*.nc,netcdf,format|identity,0.0,mismatch,ambiguous,not_tabular_or_unsupported_for_header,True,token_overlap_low,0.45,lf_008,commercial_drifter_data,github_github.com__jerabaul29_data_release_sea_ice_drift_waves_in_ice_marginal_ice_zone_2022/data_release_sea_ice_drift_waves_in_ice_marginal_ice_zone_2022-master/Data/2017_April_Spitsbergen_Bank/generate_dict_data/data_from_drifter_Ian.pkl,5,0,0,.pkl,0.2677,primary_data,0.0741,weakly_supported,hierarchical,role
True,s41597-023-02517-0,,,no_documented_columns,${COUNTRY_CODE}_${YEAR}.zip,binary,format|identity,0.0,mismatch,weak_match,success,True,stem_contains,0.65,lf_001,country_shapefile,github_github.com__maja601_EuroCrops/EuroCrops-main/csvs/country_mappings/de.csv,0,0,0,.csv,0.3789,primary_data,0.0526,weakly_supported,unknown,role
True,s41597-023-02517-0,,,not_applicable_file_not_confirmed,mapping_${COUNTRY_CODE}.csv,csv,identity,1.0,supported,weak_match,success,True,stem_contains,0.65,lf_002,country_mapping_csv,github_github.com__maja601_EuroCrops/EuroCrops-main/csvs/country_mappings/de.csv,5,0,0,.csv,0.6722,derived_data,0.1053,weakly_supported,tabular,role
True,s41597-023-02517-0,,,not_applicable_file_not_confirmed,hcat.csv,csv,identity,1.0,supported,ambiguous,success,True,stem_contains,0.65,lf_003,hcat_taxonomy,github_github.com__maja601_EuroCrops/EuroCrops-main/hcat_core/HCAT2.csv,2,0,0,.csv,0.6673,metadata,0.0714,weakly_supported,hierarchical,role
True,s41597-023-02517-0,,,not_applicable_file_not_confirmed,shapefile with extended attributes,binary,format|identity|role,0.0,mismatch,weak_match,success,True,stem_contains,0.65,lf_004,enriched_shapefile_attributes,github_github.com__maja601_EuroCrops/EuroCrops-main/csvs/country_mappings/de.csv,3,0,0,.csv,0.3714,derived_data,0.0,not_supported,tabular,
True,s41597-023-02724-9,,,not_applicable_file_not_confirmed,data.csv,csv,format|identity,0.0,mismatch,weak_match,not_tabular_or_unsupported_for_header,True,stem_contains,0.65,lf_001,main_metadata_table,github_github.com__balsedie_trilomorph/trilomorph-main/analyze_data.md,5,0,0,.md,0.3844,metadata,0.0909,weakly_supported,tabular,role
True,s41597-023-02724-9,,,not_applicable_file_not_confirmed,references.csv,csv,identity,1.0,supported,weak_match,success,True,stem_contains,0.65,lf_002,bibliographic_references,github_github.com__balsedie_trilomorph/trilomorph-main/References_main_table.csv,5,0,0,.csv,0.6655,metadata,0.0588,weakly_supported,tabular,role
False,s41597-023-02724-9,0.8,0.8,supported,contributors.csv,csv,,1.0,supported,resolved,success,False,exact_basename,0.95,lf_003,contributors_list,github_github.com__balsedie_trilomorph/trilomorph-main/contributors.csv,5,4,6,.csv,0.8256,metadata,0.0556,weakly_supported,tabular,role
True,s41597-023-02724-9,,,no_documented_columns,"*_C.*, *_P.*",image,format|identity|role,0.0,mismatch,ambiguous,not_tabular_or_unsupported_for_header,True,stem_contains,0.65,lf_004,specimen_images,github_github.com__balsedie_trilomorph/trilomorph-main/Pygidia/landmarks/USNM_208989C_P.txt,0,0,0,.txt,0.3714,primary_data,0.0,not_supported,image,
True,s41597-023-02724-9,,,no_documented_columns,"*_C.txt, *_C.tps",text,identity|role,1.0,supported,missing,not_tabular_or_unsupported_for_header,True,format_only,0.2,lf_005,cephalon_landmark_data,github_github.com__balsedie_trilomorph/trilomorph-main/Cephala/curve.txt,0,0,0,.txt,0.4,primary_data,0.0,not_supported,array,
True,s41597-023-02724-9,,,no_documented_columns,"*_P.txt, *_P.tps",text,identity|role,1.0,supported,missing,not_tabular_or_unsupported_for_header,True,format_only,0.2,lf_006,pygidium_landmark_data,github_github.com__balsedie_trilomorph/trilomorph-main/Cephala/curve.txt,0,0,0,.txt,0.4,primary_data,0.0,not_supported,array,
True,s41597-023-02724-9,,,no_documented_columns,Metadata.yaml,yaml,format|identity|role,0.0,no_physical_candidate,missing,,True,no_candidate,0.0,lf_007,metadata_yaml,,0,0,0,,0.0,metadata,0.0,no_physical_candidate,hierarchical,
True,s41597-023-02724-9,,,no_documented_columns,"trilomorph-funs.R, trilomorph-workflow.R",text,format|identity|role,0.0,mismatch,ambiguous,not_tabular_or_unsupported_for_header,True,stem_contains,0.65,lf_008,analysis_functions,github_github.com__balsedie_trilomorph/trilomorph-main/TriloMorph-workflow.R,0,0,0,.r,0.3714,derived_data,0.0,not_supported,text,
True,s41597-023-02749-0,,,not_applicable_file_not_confirmed,YYYYMMDD/view_name/timestamp.jpeg,image,format|identity|role,0.0,no_physical_candidate,missing,,True,no_candidate,0.0,lf_001,Kent Vale Thermal Images,,5,0,0,,0.0,primary_data,0.0,no_physical_candidate,image,
True,s41597-023-02749-0,,,not_applicable_file_not_confirmed,YYYY-MM-DD/view_X/filename.jpeg,image,format|identity|role,0.0,no_physical_candidate,missing,,True,no_candidate,0.0,lf_002,S16 Thermal Images,,5,0,0,,0.0,primary_data,0.0,no_physical_candidate,image,
True,s41597-023-02749-0,,,not_applicable_file_not_confirmed,WS_data.zip,xlsx,format|identity|role,0.0,no_physical_candidate,missing,,True,no_candidate,0.0,lf_003,Weather Station Data,,5,0,0,,0.0,primary_data,0.0,no_physical_candidate,tabular,
True,s41597-023-02749-0,,,not_applicable_file_not_confirmed,classification_results.csv,csv,identity,1.0,supported,missing,success,True,format_only,0.2,lf_004,CNN Classification Output,github_github.com__buds-lab_project-iris-dataset/project-iris-dataset-main/data/processed/2022-08-03/view_3/snap-2022-08-03T13-52-07.10.csv,5,0,0,.csv,0.4021,derived_data,0.0147,weakly_supported,tabular,role
True,s41597-023-02749-0,,,not_applicable_file_not_confirmed,calibration_*.csv,csv,identity,1.0,supported,missing,success,True,format_only,0.2,lf_005,Surface Temperature Calibration Data,github_github.com__buds-lab_project-iris-dataset/project-iris-dataset-main/data/processed/2022-08-03/view_3/snap-2022-08-03T13-52-07.10.csv,5,0,0,.csv,0.4021,metadata,0.0147,weakly_supported,tabular,role
True,s41597-023-02749-0,,,not_applicable_file_not_confirmed,material_properties.csv,csv,identity|role,1.0,supported,missing,success,True,format_only,0.2,lf_006,Building and Material Properties,github_github.com__buds-lab_project-iris-dataset/project-iris-dataset-main/data/processed/2022-08-03/view_3/snap-2022-08-03T13-52-07.10.csv,5,0,0,.csv,0.4,metadata,0.0,not_supported,tabular,
True,s41597-024-03190-7,,,not_applicable_file_not_confirmed,MI_ranges_YYYYMMDD.xlsx,xlsx,identity,1.0,supported,weak_match,success,True,token_overlap_high,0.6,lf_001,MI_ranges,github_github.com__TomerFishman_MaterialIntensityEstimator/MaterialIntensityEstimator-main/MI_results/MI_ranges_20230905.xlsx,5,0,0,.xlsx,0.6384,primary_data,0.069,weakly_supported,tabular,role
True,s41597-024-03190-7,,,not_applicable_file_not_confirmed,MI_data_YYYYMMDD.xlsx,xlsx,identity,1.0,supported,weak_match,success,True,token_overlap_high,0.6,lf_002,MI_data,github_github.com__TomerFishman_MaterialIntensityEstimator/MaterialIntensityEstimator-main/MI_results/MI_data_20230905.xlsx,5,0,0,.xlsx,0.6429,derived_data,0.1,weakly_supported,tabular,role
False,s41597-024-03190-7,0.4,0.4,weakly_supported,buildings_v2-structure_type_ML.xlsx,xlsx,,1.0,supported,resolved,success,False,exact_basename,0.95,lf_003,structure_type_classification_output,github_github.com__TomerFishman_MaterialIntensityEstimator/MaterialIntensityEstimator-main/data_input_and_ml_processing/buildings_v2-structure_type_ML.xlsx,5,2,22,.xlsx,0.7068,derived_data,0.0682,weakly_supported,tabular,columns|role
False,s41597-024-03190-7,,,no_documented_columns,buildings_v2-structure_type_ML.ows,binary,format|role,0.0,mismatch,resolved,not_tabular_or_unsupported_for_header,False,exact_basename,0.95,lf_004,orange_classification_workflow,github_github.com__TomerFishman_MaterialIntensityEstimator/MaterialIntensityEstimator-main/data_input_and_ml_processing/buildings_v2-structure_type_ML.ows,0,0,0,.ows,0.5429,annotation,0.0,not_supported,unknown,
True,s41597-024-03190-7,,,not_applicable_file_not_confirmed,postestimation_*.csv,csv,format|identity|role,0.0,no_physical_candidate,missing,,True,no_candidate,0.0,lf_005,postestimation_outputs,,5,0,0,,0.0,derived_data,0.0,no_physical_candidate,tabular,
True,s41597-024-03190-7,,,not_applicable_file_not_confirmed,test_*.csv,csv,identity,0.65,tabular_family_mismatch,weak_match,success,True,stem_contains,0.65,lf_006,validation_test_results,github_github.com__TomerFishman_MaterialIntensityEstimator/MaterialIntensityEstimator-main/tests/cross_validation/cross_validation_test MIs_percent_in_range_20230906.xlsx,5,0,0,.xlsx,0.5667,derived_data,0.0667,weakly_supported,tabular,format|role
True,s41597-025-04681-x,,,not_applicable_file_not_confirmed,"rawtext_{speaker}.tsv, rawtext_{speaker}.jsonl, rawtext_{speaker}.parquet",tsv,identity,1.0,supported,missing,success,True,format_only,0.2,lf_001,raw_speech_texts,github_github.com__ichalkiad_datadescriptor_uselections2020/datadescriptor_uselections2020-main/us2020data/data/cspan/KamalaHarris/rawtext_droptitles_KamalaHarris.tsv,5,0,0,.tsv,0.4051,primary_data,0.0357,weakly_supported,tabular,role
True,s41597-025-04681-x,,,not_applicable_file_not_confirmed,"cleaned_{speaker}.tsv, cleaned_{speaker}.jsonl, cleaned_{speaker}.parquet",tsv,identity,1.0,supported,missing,success,True,format_only,0.2,lf_002,clean_speech_texts,github_github.com__ichalkiad_datadescriptor_uselections2020/datadescriptor_uselections2020-main/us2020data/data/cspan/KamalaHarris/rawtext_droptitles_KamalaHarris.tsv,5,0,0,.tsv,0.4051,derived_data,0.0357,weakly_supported,tabular,role
True,s41597-025-04681-x,,,not_applicable_file_not_confirmed,cspan_{speaker}.csv,csv,identity|role,1.0,supported,missing,success,True,format_only,0.2,lf_003,cspan_search_metadata,github_github.com__ichalkiad_datadescriptor_uselections2020/datadescriptor_uselections2020-main/us2020data/stm/lexica/concisepolitics_oxford.csv,5,0,0,.csv,0.4,metadata,0.0,not_supported,tabular,
True,s41597-025-04681-x,,,not_applicable_file_not_confirmed,drop_speech_id.tsv,tsv,identity,1.0,supported,ambiguous,success,True,exact_basename,0.95,lf_004,dropped_speech_ids,github_github.com__ichalkiad_datadescriptor_uselections2020/datadescriptor_uselections2020-main/us2020data/data/cspan/KamalaHarris/drop_speech_id.tsv,2,0,0,.tsv,0.8361,metadata,0.0526,weakly_supported,tabular,role
True,s41597-025-04681-x,,,no_documented_columns,"rawtext_droptitles_{speaker}_edit1, rawtext_droptitles_{speaker}_edit2",text,format|identity,0.0,mismatch,ambiguous,success,True,token_overlap_low,0.45,lf_005,intermediate_curation_files,github_github.com__ichalkiad_datadescriptor_uselections2020/datadescriptor_uselections2020-main/us2020data/data/cspan/KamalaHarris/rawtext_droptitles_KamalaHarris_edit1.tsv,0,0,0,.tsv,0.2624,derived_data,0.037,weakly_supported,text,role
True,s41597-025-04681-x,,,no_documented_columns,*.txt,text,format|identity|role,0.0,no_physical_candidate,missing,,True,no_candidate,0.0,lf_006,special_cleaning_needed_transcripts,,0,0,0,,0.0,primary_data,0.0,no_physical_candidate,text,
True,s41597-025-04681-x,,,no_documented_columns,*.txt,text,format|identity|role,0.0,no_physical_candidate,missing,,True,no_candidate,0.0,lf_007,supporting_lexica,,0,0,0,,0.0,annotation,0.0,no_physical_candidate,text,
False,s41597-025-04681-x,,,no_documented_columns,tstats_target_8.pkl,binary,format|role,0.0,mismatch,resolved,not_tabular_or_unsupported_for_header,False,exact_basename,0.95,lf_008,topic_model_validation_file,github_github.com__ichalkiad_datadescriptor_uselections2020/datadescriptor_uselections2020-main/us2020data/stm/lexica/tstats_target_8.pkl,0,0,0,.pkl,0.5429,derived_data,0.0,not_supported,unknown,
False,s41597-025-04696-4,1.0,1.0,supported,zoraptera_occs.csv,csv,,1.0,supported,resolved,success,False,exact_basename,0.95,lf_001,primary_occurrence_data,github_github.com__kalab-oto_zoraptera-occurrence-dataset/zoraptera-occurrence-dataset-main/zoraptera_occs.csv,5,5,41,.csv,0.8818,primary_data,0.0182,weakly_supported,tabular,role
False,s41597-025-04696-4,0.0,0.0,no_observed_headers,geom.gpkg,geopackage,columns|format|role,0.0,mismatch,resolved,not_tabular_or_unsupported_for_header,False,exact_basename,0.95,lf_002,geospatial_polygons,github_github.com__kalab-oto_zoraptera-occurrence-dataset/zoraptera-occurrence-dataset-main/geom/geom.gpkg,5,0,0,.gpkg,0.38,derived_data,0.0,not_supported,tabular,
True,s41597-025-04696-4,,,not_applicable_file_not_confirmed,taxon_rank.csv,csv,identity|role,1.0,supported,weak_match,success,True,stem_contains,0.65,lf_003,taxonomic_reference,github_github.com__kalab-oto_zoraptera-occurrence-dataset/zoraptera-occurrence-dataset-main/taxon_ranks.csv,5,0,0,.csv,0.6571,metadata,0.0,not_supported,tabular,
False,s41597-025-04696-4,,,no_documented_columns,geom_calc.r,text,format|role,0.0,mismatch,resolved,not_tabular_or_unsupported_for_header,False,exact_basename,0.95,lf_004,georeferencing_script,github_github.com__kalab-oto_zoraptera-occurrence-dataset/zoraptera-occurrence-dataset-main/scripts/geom_calc.r,0,0,0,.r,0.5429,derived_data,0.0,not_supported,text,
False,s41597-025-04696-4,,,no_documented_columns,gbif.r,text,format,0.0,mismatch,resolved,not_tabular_or_unsupported_for_header,False,exact_basename,0.95,lf_005,gbif_update_script,github_github.com__kalab-oto_zoraptera-occurrence-dataset/zoraptera-occurrence-dataset-main/scripts/gbif.r,0,0,0,.r,0.5524,derived_data,0.0667,weakly_supported,text,role
False,s41597-025-04696-4,,,no_documented_columns,inat.r,text,format,0.0,mismatch,resolved,not_tabular_or_unsupported_for_header,False,exact_basename,0.95,lf_006,inat_update_script,github_github.com__kalab-oto_zoraptera-occurrence-dataset/zoraptera-occurrence-dataset-main/scripts/inat.r,0,0,0,.r,0.5524,derived_data,0.0667,weakly_supported,text,role
False,s41597-025-04696-4,,,no_documented_columns,update.log,text,format,0.0,mismatch,resolved,not_tabular_or_unsupported_for_header,False,exact_basename,0.95,lf_007,update_log,github_github.com__kalab-oto_zoraptera-occurrence-dataset/zoraptera-occurrence-dataset-main/data_update/update.log,0,0,0,.log,0.5648,metadata,0.1538,weakly_supported,text,role
False,s41597-025-04696-4,,,no_documented_columns,zoraptera.qgz,binary,format,0.0,mismatch,resolved,not_tabular_or_unsupported_for_header,False,exact_basename,0.95,lf_008,qgis_project,github_github.com__kalab-oto_zoraptera-occurrence-dataset/zoraptera-occurrence-dataset-main/QGIS/zoraptera.qgz,0,0,0,.qgz,0.5538,annotation,0.0769,weakly_supported,unknown,role
True,s41597-021-00878-y,,,not_applicable_file_not_confirmed,ibm-wntrac-*-events.csv,csv,format|identity,0.0,mismatch,ambiguous,not_tabular_or_unsupported_for_header,True,token_overlap_low,0.45,lf_001,NPI Events,github_github.com__IBM_wntrac/wntrac-master/data/ibm-wntrac-2021-10-05.zip,5,0,0,.zip,0.2673,primary_data,0.0714,weakly_supported,tabular,role
True,s41597-021-00878-y,,,not_applicable_file_not_confirmed,ibm-wntrac-*-evidences.csv,csv,format|identity,0.0,mismatch,ambiguous,not_tabular_or_unsupported_for_header,True,token_overlap_low,0.45,lf_002,NPI Evidences,github_github.com__IBM_wntrac/wntrac-master/data/ibm-wntrac-2021-10-05.zip,5,0,0,.zip,0.2673,primary_data,0.0714,weakly_supported,tabular,role
True,s41597-024-04051-z,,,not_applicable_file_not_confirmed,stimuli.csv,csv,identity,1.0,supported,ambiguous,success,True,exact_basename,0.95,lf_001,stimuli,github_github.com__pyrfume_pyrfume-data/pyrfume-data-main/wakayama_2019/stimuli.csv,5,0,0,.csv,0.8464,primary_data,0.125,weakly_supported,tabular,role
True,s41597-024-04051-z,,,not_applicable_file_not_confirmed,molecules.csv,csv,identity,1.0,supported,ambiguous,success,True,exact_basename,0.95,lf_002,molecules,github_github.com__pyrfume_pyrfume-data/pyrfume-data-main/wakayama_2019/molecules.csv,5,0,0,.csv,0.8464,primary_data,0.125,weakly_supported,tabular,role
True,s41597-024-04051-z,,,not_applicable_file_not_confirmed,behavior.csv,csv,identity,1.0,supported,ambiguous,success,True,exact_basename,0.95,lf_003,behavior,github_github.com__pyrfume_pyrfume-data/pyrfume-data-main/wakayama_2019/behavior.csv,5,0,0,.csv,0.8505,primary_data,0.1538,weakly_supported,tabular,role
True,s41597-024-04051-z,,,not_applicable_file_not_confirmed,subjects.csv,csv,identity,1.0,supported,ambiguous,success,True,exact_basename,0.95,lf_004,subjects,github_github.com__pyrfume_pyrfume-data/pyrfume-data-main/burton_2022/subjects.csv,5,0,0,.csv,0.8436,primary_data,0.1053,weakly_supported,tabular,role
True,s41597-024-04051-z,,,not_applicable_file_not_confirmed,physics.csv,csv,identity,1.0,supported,ambiguous,success,True,exact_basename,0.95,lf_005,physics,github_github.com__pyrfume_pyrfume-data/pyrfume-data-main/foodb/physics.csv,5,0,0,.csv,0.8352,derived_data,0.0465,weakly_supported,tabular,role
True,s41597-024-04051-z,,,no_documented_columns,manifest.toml,text,format|identity,0.0,mismatch,ambiguous,not_tabular_or_unsupported_for_header,True,exact_basename,0.95,lf_006,manifest,github_github.com__pyrfume_pyrfume-data/pyrfume-data-main/wakayama_2019/manifest.toml,0,0,0,.toml,0.5558,metadata,0.0909,weakly_supported,hierarchical,role
True,s41597-024-04051-z,,,no_documented_columns,main.py,text,format|identity|role,0.0,mismatch,ambiguous,not_tabular_or_unsupported_for_header,True,exact_basename,0.95,lf_007,processing_script,github_github.com__pyrfume_pyrfume-data/pyrfume-data-main/wakayama_2019/main.py,0,0,0,.py,0.5429,metadata,0.0,not_supported,text,
True,s41597-024-04051-z,,,no_documented_columns,raw/*,unknown,identity,0.5,expected_format_unknown,ambiguous,success,True,token_overlap_high,0.6,lf_008,raw_data,github_github.com__pyrfume_pyrfume-data/pyrfume-data-main/optical_rotation/raw_data.csv,0,0,0,.csv,0.5025,primary_data,0.1176,weakly_supported,unknown,format|role
